A1,A2,A3,A4,A5,A6,A7,A8,A9,A10,A11,A12,A13,A14,A15,class
b,All,-inf_to_4.2075,u,g,w,v,1.1875_to_inf,t,t,-inf_to_2.5,f,g,105.0_to_inf,-inf_to_492.0,+
a,All,4.2075_to_inf,u,g,q,h,1.1875_to_inf,t,t,2.5_to_inf,f,g,-inf_to_105.0,492.0_to_inf,+
a,All,-inf_to_4.2075,u,g,q,h,1.1875_to_inf,t,f,-inf_to_2.5,f,g,105.0_to_inf,492.0_to_inf,+
b,All,-inf_to_4.2075,u,g,w,v,1.1875_to_inf,t,t,2.5_to_inf,t,g,-inf_to_105.0,-inf_to_492.0,+
b,All,4.2075_to_inf,u,g,w,v,1.1875_to_inf,t,f,-inf_to_2.5,f,s,105.0_to_inf,-inf_to_492.0,+
b,All,-inf_to_4.2075,u,g,m,v,1.1875_to_inf,t,f,-inf_to_2.5,t,g,105.0_to_inf,-inf_to_492.0,+
b,All,-inf_to_4.2075,u,g,r,h,1.1875_to_inf,t,f,-inf_to_2.5,t,g,105.0_to_inf,492.0_to_inf,+
b,All,-inf_to_4.2075,y,p,k,h,1.1875_to_inf,t,f,-inf_to_2.5,f,g,105.0_to_inf,-inf_to_492.0,+
b,All,4.2075_to_inf,y,p,w,v,1.1875_to_inf,t,f,-inf_to_2.5,t,g,-inf_to_105.0,492.0_to_inf,+
b,All,-inf_to_4.2075,u,g,c,h,1.1875_to_inf,f,f,-inf_to_2.5,t,g,105.0_to_inf,-inf_to_492.0,+
b,All,-inf_to_4.2075,u,g,c,h,1.1875_to_inf,t,f,-inf_to_2.5,f,g,105.0_to_inf,-inf_to_492.0,+
a,All,4.2075_to_inf,u,g,k,v,-inf_to_1.1875,t,f,-inf_to_2.5,t,g,-inf_to_105.0,-inf_to_492.0,+
b,All,4.2075_to_inf,u,g,k,v,-inf_to_1.1875,f,f,-inf_to_2.5,f,g,-inf_to_105.0,492.0_to_inf,+
a,All,4.2075_to_inf,u,g,q,v,1.1875_to_inf,t,t,2.5_to_inf,t,g,-inf_to_105.0,-inf_to_492.0,+
b,All,4.2075_to_inf,y,p,k,v,-inf_to_1.1875,t,t,2.5_to_inf,t,g,105.0_to_inf,-inf_to_492.0,+
b,All,-inf_to_4.2075,u,g,m,v,-inf_to_1.1875,t,t,2.5_to_inf,t,g,105.0_to_inf,-inf_to_492.0,+
a,All,4.2075_to_inf,u,g,q,v,1.1875_to_inf,t,t,2.5_to_inf,f,g,105.0_to_inf,-inf_to_492.0,+
b,All,-inf_to_4.2075,u,g,d,h,-inf_to_1.1875,t,f,-inf_to_2.5,t,g,-inf_to_105.0,-inf_to_492.0,+
a,All,4.2075_to_inf,u,g,cc,h,-inf_to_1.1875,t,t,2.5_to_inf,f,g,-inf_to_105.0,-inf_to_492.0,+
b,All,-inf_to_4.2075,u,g,c,v,-inf_to_1.1875,t,f,-inf_to_2.5,f,s,105.0_to_inf,-inf_to_492.0,+
a,All,4.2075_to_inf,u,g,c,v,1.1875_to_inf,t,t,2.5_to_inf,t,g,-inf_to_105.0,492.0_to_inf,+
a,All,4.2075_to_inf,u,g,x,h,1.1875_to_inf,t,t,-inf_to_2.5,f,g,105.0_to_inf,-inf_to_492.0,+
a,All,4.2075_to_inf,u,g,q,v,-inf_to_1.1875,t,t,2.5_to_inf,t,g,105.0_to_inf,-inf_to_492.0,+
a,All,-inf_to_4.2075,u,g,c,h,1.1875_to_inf,t,t,-inf_to_2.5,f,g,-inf_to_105.0,-inf_to_492.0,+
a,All,4.2075_to_inf,u,g,i,bb,1.1875_to_inf,t,t,2.5_to_inf,t,g,-inf_to_105.0,-inf_to_492.0,+
b,All,4.2075_to_inf,u,g,e,h,1.1875_to_inf,t,t,2.5_to_inf,f,g,-inf_to_105.0,-inf_to_492.0,+
b,All,4.2075_to_inf,u,g,aa,v,1.1875_to_inf,t,t,2.5_to_inf,t,g,105.0_to_inf,-inf_to_492.0,+
b,All,4.2075_to_inf,u,g,x,h,1.1875_to_inf,t,t,2.5_to_inf,f,g,-inf_to_105.0,-inf_to_492.0,+
b,All,4.2075_to_inf,u,g,i,bb,1.1875_to_inf,t,t,2.5_to_inf,t,g,-inf_to_105.0,492.0_to_inf,+
a,All,4.2075_to_inf,u,g,e,v,1.1875_to_inf,t,f,-inf_to_2.5,t,g,-inf_to_105.0,492.0_to_inf,+
a,All,4.2075_to_inf,u,g,q,v,-inf_to_1.1875,t,t,2.5_to_inf,t,g,-inf_to_105.0,492.0_to_inf,+
b,All,-inf_to_4.2075,u,g,w,v,1.1875_to_inf,t,t,2.5_to_inf,t,g,105.0_to_inf,-inf_to_492.0,+
b,All,-inf_to_4.2075,u,g,cc,h,1.1875_to_inf,t,t,2.5_to_inf,t,g,105.0_to_inf,492.0_to_inf,+
b,All,-inf_to_4.2075,y,p,cc,v,-inf_to_1.1875,t,t,-inf_to_2.5,f,g,105.0_to_inf,492.0_to_inf,+
b,All,4.2075_to_inf,u,g,ff,ff,1.1875_to_inf,t,t,2.5_to_inf,t,g,-inf_to_105.0,-inf_to_492.0,+
b,All,4.2075_to_inf,u,g,c,v,1.1875_to_inf,t,t,2.5_to_inf,t,g,-inf_to_105.0,-inf_to_492.0,+
b,All,4.2075_to_inf,u,g,c,h,1.1875_to_inf,t,t,2.5_to_inf,f,g,-inf_to_105.0,492.0_to_inf,+
b,All,-inf_to_4.2075,u,g,w,h,-inf_to_1.1875,t,t,-inf_to_2.5,f,g,105.0_to_inf,-inf_to_492.0,+
b,All,4.2075_to_inf,u,g,w,v,1.1875_to_inf,t,t,2.5_to_inf,t,g,-inf_to_105.0,-inf_to_492.0,+
b,All,4.2075_to_inf,y,p,c,v,1.1875_to_inf,t,t,2.5_to_inf,f,g,-inf_to_105.0,-inf_to_492.0,+
b,All,4.2075_to_inf,u,g,cc,h,1.1875_to_inf,t,t,2.5_to_inf,f,g,105.0_to_inf,-inf_to_492.0,+
b,All,-inf_to_4.2075,u,g,i,bb,1.1875_to_inf,f,f,-inf_to_2.5,f,g,105.0_to_inf,-inf_to_492.0,+
b,All,-inf_to_4.2075,u,g,c,v,-inf_to_1.1875,f,f,-inf_to_2.5,f,g,-inf_to_105.0,-inf_to_492.0,+
a,All,-inf_to_4.2075,u,g,c,h,-inf_to_1.1875,t,f,-inf_to_2.5,t,g,105.0_to_inf,-inf_to_492.0,+
b,All,-inf_to_4.2075,u,g,q,v,1.1875_to_inf,t,f,-inf_to_2.5,t,g,105.0_to_inf,-inf_to_492.0,+
b,All,-inf_to_4.2075,u,g,w,v,-inf_to_1.1875,t,f,-inf_to_2.5,t,g,105.0_to_inf,492.0_to_inf,+
b,All,-inf_to_4.2075,u,g,w,v,-inf_to_1.1875,t,f,-inf_to_2.5,t,g,105.0_to_inf,-inf_to_492.0,+
b,All,-inf_to_4.2075,u,g,cc,h,1.1875_to_inf,t,f,-inf_to_2.5,t,g,-inf_to_105.0,-inf_to_492.0,+
b,All,4.2075_to_inf,y,p,w,v,-inf_to_1.1875,t,f,-inf_to_2.5,t,g,105.0_to_inf,-inf_to_492.0,+
b,All,-inf_to_4.2075,u,g,cc,v,-inf_to_1.1875,t,f,-inf_to_2.5,f,g,-inf_to_105.0,-inf_to_492.0,+
b,All,-inf_to_4.2075,u,g,i,h,1.1875_to_inf,t,f,-inf_to_2.5,t,g,105.0_to_inf,-inf_to_492.0,+
b,All,4.2075_to_inf,u,g,x,h,1.1875_to_inf,f,f,-inf_to_2.5,t,s,105.0_to_inf,-inf_to_492.0,+
b,All,-inf_to_4.2075,u,g,q,h,1.1875_to_inf,t,t,2.5_to_inf,f,g,-inf_to_105.0,-inf_to_492.0,+
b,All,4.2075_to_inf,u,g,m,v,1.1875_to_inf,t,t,2.5_to_inf,t,g,105.0_to_inf,-inf_to_492.0,+
b,All,4.2075_to_inf,u,g,d,v,1.1875_to_inf,t,t,2.5_to_inf,f,g,105.0_to_inf,492.0_to_inf,+
a,All,-inf_to_4.2075,y,p,q,v,1.1875_to_inf,t,t,-inf_to_2.5,t,g,-inf_to_105.0,-inf_to_492.0,+
a,All,-inf_to_4.2075,u,g,q,v,1.1875_to_inf,t,t,-inf_to_2.5,f,g,-inf_to_105.0,-inf_to_492.0,+
b,All,4.2075_to_inf,u,g,cc,v,1.1875_to_inf,t,t,-inf_to_2.5,t,g,105.0_to_inf,-inf_to_492.0,+
b,All,-inf_to_4.2075,u,g,cc,v,1.1875_to_inf,t,t,-inf_to_2.5,t,g,105.0_to_inf,492.0_to_inf,+
a,All,-inf_to_4.2075,u,g,c,v,1.1875_to_inf,t,t,2.5_to_inf,f,g,-inf_to_105.0,-inf_to_492.0,+
b,All,-inf_to_4.2075,u,g,m,v,-inf_to_1.1875,t,t,2.5_to_inf,f,g,105.0_to_inf,492.0_to_inf,+
b,All,4.2075_to_inf,u,g,w,h,1.1875_to_inf,t,t,2.5_to_inf,f,g,-inf_to_105.0,492.0_to_inf,+
b,All,4.2075_to_inf,u,g,x,h,1.1875_to_inf,t,t,-inf_to_2.5,t,g,105.0_to_inf,492.0_to_inf,+
b,All,4.2075_to_inf,u,g,e,bb,1.1875_to_inf,t,f,-inf_to_2.5,t,s,105.0_to_inf,-inf_to_492.0,-
a,All,4.2075_to_inf,u,g,cc,v,1.1875_to_inf,t,f,-inf_to_2.5,t,g,105.0_to_inf,-inf_to_492.0,-
b,All,-inf_to_4.2075,u,g,m,v,1.1875_to_inf,t,f,-inf_to_2.5,f,s,105.0_to_inf,-inf_to_492.0,-
b,All,4.2075_to_inf,y,p,c,v,1.1875_to_inf,f,f,-inf_to_2.5,f,g,105.0_to_inf,-inf_to_492.0,-
b,All,4.2075_to_inf,u,g,q,v,-inf_to_1.1875,t,t,-inf_to_2.5,f,g,105.0_to_inf,-inf_to_492.0,-
b,All,4.2075_to_inf,u,g,aa,v,-inf_to_1.1875,t,f,-inf_to_2.5,t,g,105.0_to_inf,-inf_to_492.0,-
a,All,-inf_to_4.2075,y,p,aa,v,-inf_to_1.1875,t,f,-inf_to_2.5,t,g,105.0_to_inf,-inf_to_492.0,-
b,All,-inf_to_4.2075,y,p,k,v,1.1875_to_inf,t,t,-inf_to_2.5,f,g,105.0_to_inf,-inf_to_492.0,-
b,All,4.2075_to_inf,u,g,c,v,-inf_to_1.1875,t,f,-inf_to_2.5,f,g,105.0_to_inf,-inf_to_492.0,-
a,All,-inf_to_4.2075,u,g,m,v,1.1875_to_inf,t,f,-inf_to_2.5,f,s,105.0_to_inf,-inf_to_492.0,-
b,All,-inf_to_4.2075,u,g,m,v,-inf_to_1.1875,t,f,-inf_to_2.5,f,s,105.0_to_inf,-inf_to_492.0,-
a,All,-inf_to_4.2075,u,g,d,v,1.1875_to_inf,t,f,-inf_to_2.5,t,g,105.0_to_inf,-inf_to_492.0,-
b,All,-inf_to_4.2075,u,g,aa,v,-inf_to_1.1875,t,f,-inf_to_2.5,t,g,105.0_to_inf,-inf_to_492.0,-
b,All,-inf_to_4.2075,u,g,c,bb,1.1875_to_inf,t,f,-inf_to_2.5,t,s,105.0_to_inf,-inf_to_492.0,-
b,All,-inf_to_4.2075,u,g,d,v,-inf_to_1.1875,t,f,-inf_to_2.5,t,s,105.0_to_inf,-inf_to_492.0,-
b,All,4.2075_to_inf,u,g,aa,v,-inf_to_1.1875,t,f,-inf_to_2.5,t,g,105.0_to_inf,-inf_to_492.0,-
a,All,-inf_to_4.2075,u,g,j,j,-inf_to_1.1875,t,f,-inf_to_2.5,t,g,-inf_to_105.0,-inf_to_492.0,-
b,All,4.2075_to_inf,y,p,c,h,1.1875_to_inf,t,f,-inf_to_2.5,f,g,105.0_to_inf,-inf_to_492.0,-
b,All,4.2075_to_inf,u,g,c,v,-inf_to_1.1875,t,f,-inf_to_2.5,f,g,105.0_to_inf,-inf_to_492.0,-
b,All,4.2075_to_inf,y,p,aa,v,1.1875_to_inf,t,f,-inf_to_2.5,f,g,-inf_to_105.0,-inf_to_492.0,-
b,All,-inf_to_4.2075,y,p,c,h,1.1875_to_inf,t,f,-inf_to_2.5,t,g,105.0_to_inf,-inf_to_492.0,-
b,All,-inf_to_4.2075,y,p,c,v,1.1875_to_inf,t,f,-inf_to_2.5,t,g,-inf_to_105.0,-inf_to_492.0,-
a,All,-inf_to_4.2075,u,g,i,bb,-inf_to_1.1875,t,f,-inf_to_2.5,t,g,105.0_to_inf,-inf_to_492.0,-
b,All,-inf_to_4.2075,y,p,aa,v,-inf_to_1.1875,t,f,-inf_to_2.5,f,g,105.0_to_inf,-inf_to_492.0,-
b,All,-inf_to_4.2075,u,g,c,bb,-inf_to_1.1875,t,f,-inf_to_2.5,t,s,105.0_to_inf,-inf_to_492.0,-
a,All,4.2075_to_inf,y,p,q,v,1.1875_to_inf,t,f,-inf_to_2.5,t,g,105.0_to_inf,-inf_to_492.0,-
a,All,-inf_to_4.2075,u,g,q,v,-inf_to_1.1875,t,t,-inf_to_2.5,t,g,105.0_to_inf,492.0_to_inf,-
b,All,-inf_to_4.2075,y,p,c,bb,-inf_to_1.1875,t,f,-inf_to_2.5,t,g,105.0_to_inf,-inf_to_492.0,-
b,All,4.2075_to_inf,y,p,c,v,1.1875_to_inf,t,f,-inf_to_2.5,f,g,-inf_to_105.0,-inf_to_492.0,-
b,All,4.2075_to_inf,u,g,q,v,-inf_to_1.1875,t,t,-inf_to_2.5,f,g,-inf_to_105.0,-inf_to_492.0,-
b,All,4.2075_to_inf,u,g,k,v,1.1875_to_inf,t,t,-inf_to_2.5,t,g,105.0_to_inf,-inf_to_492.0,-
b,All,-inf_to_4.2075,y,p,i,h,1.1875_to_inf,t,t,-inf_to_2.5,t,g,-inf_to_105.0,-inf_to_492.0,-
b,All,4.2075_to_inf,u,g,e,z,-inf_to_1.1875,t,t,2.5_to_inf,f,g,105.0_to_inf,-inf_to_492.0,-
b,All,-inf_to_4.2075,u,g,k,v,-inf_to_1.1875,t,f,-inf_to_2.5,f,s,105.0_to_inf,-inf_to_492.0,-
b,All,-inf_to_4.2075,y,p,x,h,1.1875_to_inf,t,f,-inf_to_2.5,t,g,105.0_to_inf,-inf_to_492.0,-
a,All,-inf_to_4.2075,u,g,c,v,-inf_to_1.1875,t,t,2.5_to_inf,t,g,105.0_to_inf,-inf_to_492.0,-
b,All,-inf_to_4.2075,u,g,w,v,1.1875_to_inf,t,t,2.5_to_inf,t,g,105.0_to_inf,-inf_to_492.0,-
a,All,-inf_to_4.2075,y,p,ff,ff,-inf_to_1.1875,t,t,2.5_to_inf,f,g,105.0_to_inf,-inf_to_492.0,-
a,All,-inf_to_4.2075,u,g,k,bb,-inf_to_1.1875,t,t,2.5_to_inf,t,g,105.0_to_inf,-inf_to_492.0,-
b,All,-inf_to_4.2075,y,p,c,h,1.1875_to_inf,t,t,2.5_to_inf,t,g,105.0_to_inf,-inf_to_492.0,-
b,All,4.2075_to_inf,u,g,q,h,1.1875_to_inf,t,t,2.5_to_inf,t,g,105.0_to_inf,-inf_to_492.0,-
b,All,4.2075_to_inf,u,g,k,v,1.1875_to_inf,t,t,2.5_to_inf,f,g,-inf_to_105.0,492.0_to_inf,+
b,All,4.2075_to_inf,u,g,m,v,1.1875_to_inf,t,t,2.5_to_inf,t,g,105.0_to_inf,492.0_to_inf,+
a,All,4.2075_to_inf,u,g,cc,h,-inf_to_1.1875,t,t,-inf_to_2.5,t,g,-inf_to_105.0,-inf_to_492.0,+
b,All,4.2075_to_inf,u,g,cc,v,1.1875_to_inf,t,t,2.5_to_inf,t,g,105.0_to_inf,-inf_to_492.0,+
a,All,4.2075_to_inf,u,g,aa,v,1.1875_to_inf,t,t,2.5_to_inf,t,g,105.0_to_inf,492.0_to_inf,+
a,All,4.2075_to_inf,u,g,q,v,1.1875_to_inf,t,t,2.5_to_inf,t,g,-inf_to_105.0,-inf_to_492.0,+
a,All,4.2075_to_inf,u,g,q,v,1.1875_to_inf,t,t,2.5_to_inf,t,g,105.0_to_inf,-inf_to_492.0,+
b,All,4.2075_to_inf,u,g,x,h,1.1875_to_inf,t,t,2.5_to_inf,t,g,-inf_to_105.0,492.0_to_inf,+
b,All,-inf_to_4.2075,u,g,m,bb,1.1875_to_inf,t,t,2.5_to_inf,t,g,105.0_to_inf,492.0_to_inf,+
b,All,4.2075_to_inf,u,g,q,v,1.1875_to_inf,t,t,2.5_to_inf,t,g,-inf_to_105.0,492.0_to_inf,+
b,All,4.2075_to_inf,u,g,i,bb,1.1875_to_inf,t,t,-inf_to_2.5,f,g,105.0_to_inf,492.0_to_inf,+
a,All,-inf_to_4.2075,u,g,w,v,-inf_to_1.1875,t,f,-inf_to_2.5,f,s,105.0_to_inf,-inf_to_492.0,+
b,All,4.2075_to_inf,u,g,e,z,1.1875_to_inf,t,t,-inf_to_2.5,t,g,-inf_to_105.0,-inf_to_492.0,+
b,All,-inf_to_4.2075,u,g,c,v,1.1875_to_inf,t,t,-inf_to_2.5,f,g,-inf_to_105.0,-inf_to_492.0,+
a,All,4.2075_to_inf,u,g,e,bb,1.1875_to_inf,t,t,2.5_to_inf,f,g,105.0_to_inf,492.0_to_inf,+
b,All,4.2075_to_inf,u,g,c,bb,1.1875_to_inf,t,t,2.5_to_inf,f,g,-inf_to_105.0,-inf_to_492.0,+
b,All,4.2075_to_inf,u,g,q,h,1.1875_to_inf,t,t,2.5_to_inf,t,g,105.0_to_inf,492.0_to_inf,+
b,All,4.2075_to_inf,u,g,q,h,1.1875_to_inf,t,f,-inf_to_2.5,t,g,105.0_to_inf,-inf_to_492.0,+
b,All,-inf_to_4.2075,y,p,aa,v,-inf_to_1.1875,t,t,2.5_to_inf,f,g,105.0_to_inf,492.0_to_inf,+
b,All,-inf_to_4.2075,u,g,m,v,1.1875_to_inf,t,t,2.5_to_inf,f,g,105.0_to_inf,-inf_to_492.0,+
a,All,4.2075_to_inf,u,g,w,v,1.1875_to_inf,t,t,2.5_to_inf,t,g,-inf_to_105.0,492.0_to_inf,+
a,All,-inf_to_4.2075,u,g,cc,h,-inf_to_1.1875,t,t,2.5_to_inf,t,g,105.0_to_inf,-inf_to_492.0,+
a,All,4.2075_to_inf,u,g,j,ff,-inf_to_1.1875,t,t,2.5_to_inf,f,g,-inf_to_105.0,-inf_to_492.0,+
b,All,-inf_to_4.2075,y,p,cc,h,1.1875_to_inf,t,t,2.5_to_inf,f,g,-inf_to_105.0,-inf_to_492.0,+
b,All,4.2075_to_inf,u,g,w,v,1.1875_to_inf,t,t,-inf_to_2.5,f,g,-inf_to_105.0,-inf_to_492.0,+
b,All,-inf_to_4.2075,u,g,cc,h,1.1875_to_inf,t,t,2.5_to_inf,f,g,105.0_to_inf,492.0_to_inf,+
b,All,-inf_to_4.2075,u,g,q,v,1.1875_to_inf,t,t,2.5_to_inf,t,g,-inf_to_105.0,492.0_to_inf,+
a,All,4.2075_to_inf,y,p,q,h,1.1875_to_inf,t,t,2.5_to_inf,f,g,-inf_to_105.0,492.0_to_inf,+
a,All,4.2075_to_inf,u,g,c,v,1.1875_to_inf,t,t,2.5_to_inf,f,g,-inf_to_105.0,492.0_to_inf,+
a,All,4.2075_to_inf,u,g,q,v,1.1875_to_inf,t,t,2.5_to_inf,f,g,-inf_to_105.0,492.0_to_inf,+
b,All,4.2075_to_inf,u,g,m,h,1.1875_to_inf,t,t,2.5_to_inf,t,g,-inf_to_105.0,-inf_to_492.0,+
b,All,-inf_to_4.2075,u,g,c,v,-inf_to_1.1875,t,t,2.5_to_inf,t,g,-inf_to_105.0,492.0_to_inf,+
b,All,-inf_to_4.2075,u,g,cc,h,1.1875_to_inf,t,t,2.5_to_inf,t,g,-inf_to_105.0,-inf_to_492.0,+
a,All,4.2075_to_inf,y,p,j,j,-inf_to_1.1875,t,t,2.5_to_inf,t,g,-inf_to_105.0,-inf_to_492.0,+
a,All,-inf_to_4.2075,y,p,x,h,1.1875_to_inf,t,t,-inf_to_2.5,f,g,-inf_to_105.0,-inf_to_492.0,+
a,All,4.2075_to_inf,u,g,e,z,-inf_to_1.1875,t,t,2.5_to_inf,f,g,-inf_to_105.0,492.0_to_inf,+
b,All,-inf_to_4.2075,u,g,k,h,1.1875_to_inf,t,t,-inf_to_2.5,t,g,105.0_to_inf,-inf_to_492.0,+
b,All,-inf_to_4.2075,y,p,m,bb,-inf_to_1.1875,t,t,-inf_to_2.5,t,g,105.0_to_inf,492.0_to_inf,+
b,All,-inf_to_4.2075,u,g,x,h,-inf_to_1.1875,t,t,2.5_to_inf,f,g,105.0_to_inf,492.0_to_inf,+
b,All,-inf_to_4.2075,u,g,m,v,1.1875_to_inf,t,t,-inf_to_2.5,t,g,-inf_to_105.0,-inf_to_492.0,+
b,All,-inf_to_4.2075,u,g,x,v,1.1875_to_inf,t,t,-inf_to_2.5,t,g,105.0_to_inf,-inf_to_492.0,+
a,All,4.2075_to_inf,u,g,q,v,1.1875_to_inf,t,f,-inf_to_2.5,t,g,-inf_to_105.0,492.0_to_inf,+
a,All,4.2075_to_inf,u,g,q,h,1.1875_to_inf,t,f,-inf_to_2.5,f,g,-inf_to_105.0,492.0_to_inf,+
b,All,4.2075_to_inf,u,g,q,v,-inf_to_1.1875,t,f,-inf_to_2.5,t,g,-inf_to_105.0,-inf_to_492.0,+
a,All,-inf_to_4.2075,u,g,cc,v,-inf_to_1.1875,t,f,-inf_to_2.5,f,g,105.0_to_inf,492.0_to_inf,+
b,All,-inf_to_4.2075,u,g,q,h,1.1875_to_inf,t,f,-inf_to_2.5,t,g,-inf_to_105.0,492.0_to_inf,+
b,All,-inf_to_4.2075,y,p,d,v,1.1875_to_inf,f,f,-inf_to_2.5,t,g,105.0_to_inf,-inf_to_492.0,+
a,All,-inf_to_4.2075,y,p,aa,v,-inf_to_1.1875,t,f,-inf_to_2.5,t,g,105.0_to_inf,-inf_to_492.0,+
b,All,-inf_to_4.2075,u,g,c,bb,1.1875_to_inf,t,f,-inf_to_2.5,f,g,-inf_to_105.0,-inf_to_492.0,+
b,All,4.2075_to_inf,u,g,k,h,1.1875_to_inf,t,f,-inf_to_2.5,t,g,-inf_to_105.0,492.0_to_inf,+
b,All,4.2075_to_inf,u,g,q,h,1.1875_to_inf,t,f,-inf_to_2.5,f,g,-inf_to_105.0,-inf_to_492.0,+
b,All,-inf_to_4.2075,y,p,w,v,-inf_to_1.1875,t,f,-inf_to_2.5,t,g,105.0_to_inf,492.0_to_inf,+
a,All,4.2075_to_inf,u,g,aa,v,1.1875_to_inf,t,f,-inf_to_2.5,f,g,105.0_to_inf,-inf_to_492.0,+
a,All,4.2075_to_inf,u,g,q,v,1.1875_to_inf,t,t,2.5_to_inf,f,g,-inf_to_105.0,492.0_to_inf,+
b,All,4.2075_to_inf,u,g,aa,v,1.1875_to_inf,t,t,2.5_to_inf,f,g,-inf_to_105.0,-inf_to_492.0,+
b,All,-inf_to_4.2075,u,g,c,bb,1.1875_to_inf,t,t,2.5_to_inf,f,g,-inf_to_105.0,492.0_to_inf,+
a,All,-inf_to_4.2075,u,g,i,bb,-inf_to_1.1875,t,t,2.5_to_inf,f,s,-inf_to_105.0,-inf_to_492.0,+
a,All,-inf_to_4.2075,u,g,q,v,-inf_to_1.1875,t,t,2.5_to_inf,f,g,-inf_to_105.0,-inf_to_492.0,+
a,All,4.2075_to_inf,u,g,c,v,1.1875_to_inf,t,t,2.5_to_inf,f,g,-inf_to_105.0,492.0_to_inf,+
b,All,4.2075_to_inf,u,g,c,h,1.1875_to_inf,t,t,2.5_to_inf,f,g,105.0_to_inf,492.0_to_inf,+
b,All,4.2075_to_inf,u,g,aa,bb,1.1875_to_inf,t,t,-inf_to_2.5,f,g,-inf_to_105.0,492.0_to_inf,+
b,All,4.2075_to_inf,u,g,c,v,1.1875_to_inf,t,t,2.5_to_inf,f,g,-inf_to_105.0,492.0_to_inf,+
a,All,-inf_to_4.2075,u,g,c,v,1.1875_to_inf,t,t,2.5_to_inf,t,g,105.0_to_inf,492.0_to_inf,+
a,All,4.2075_to_inf,u,g,q,h,1.1875_to_inf,t,t,-inf_to_2.5,f,g,-inf_to_105.0,-inf_to_492.0,+
b,All,4.2075_to_inf,u,g,c,v,1.1875_to_inf,t,f,-inf_to_2.5,t,g,-inf_to_105.0,-inf_to_492.0,+
b,All,-inf_to_4.2075,u,g,i,h,1.1875_to_inf,t,f,-inf_to_2.5,f,g,105.0_to_inf,-inf_to_492.0,+
b,All,-inf_to_4.2075,u,g,x,v,1.1875_to_inf,t,f,-inf_to_2.5,f,g,105.0_to_inf,492.0_to_inf,+
b,All,-inf_to_4.2075,y,p,w,v,1.1875_to_inf,t,t,2.5_to_inf,f,g,-inf_to_105.0,-inf_to_492.0,+
b,All,-inf_to_4.2075,y,p,i,bb,1.1875_to_inf,t,t,2.5_to_inf,t,g,105.0_to_inf,-inf_to_492.0,+
b,All,4.2075_to_inf,y,p,c,bb,1.1875_to_inf,t,t,2.5_to_inf,t,g,105.0_to_inf,-inf_to_492.0,+
b,All,-inf_to_4.2075,y,p,x,v,1.1875_to_inf,t,t,2.5_to_inf,t,g,105.0_to_inf,-inf_to_492.0,+
b,All,4.2075_to_inf,u,g,w,h,1.1875_to_inf,t,t,2.5_to_inf,f,g,-inf_to_105.0,492.0_to_inf,+
b,All,-inf_to_4.2075,y,p,aa,v,1.1875_to_inf,t,t,2.5_to_inf,t,g,105.0_to_inf,492.0_to_inf,+
a,All,-inf_to_4.2075,u,g,q,h,1.1875_to_inf,t,t,-inf_to_2.5,f,g,-inf_to_105.0,492.0_to_inf,+
a,All,-inf_to_4.2075,u,g,i,bb,1.1875_to_inf,t,f,-inf_to_2.5,t,g,-inf_to_105.0,-inf_to_492.0,+
b,All,-inf_to_4.2075,u,g,c,v,1.1875_to_inf,t,t,2.5_to_inf,f,g,105.0_to_inf,492.0_to_inf,+
a,All,4.2075_to_inf,u,g,q,v,-inf_to_1.1875,t,t,-inf_to_2.5,t,g,-inf_to_105.0,-inf_to_492.0,+
a,All,-inf_to_4.2075,,,,,-inf_to_1.1875,f,f,-inf_to_2.5,f,p,105.0_to_inf,-inf_to_492.0,+
b,All,4.2075_to_inf,u,g,q,h,1.1875_to_inf,t,t,2.5_to_inf,f,g,105.0_to_inf,-inf_to_492.0,+
b,All,-inf_to_4.2075,u,g,k,v,1.1875_to_inf,t,t,2.5_to_inf,f,g,105.0_to_inf,492.0_to_inf,+
b,All,4.2075_to_inf,u,g,c,bb,1.1875_to_inf,t,t,2.5_to_inf,f,g,105.0_to_inf,492.0_to_inf,+
b,All,4.2075_to_inf,u,g,cc,h,1.1875_to_inf,t,t,2.5_to_inf,t,g,105.0_to_inf,-inf_to_492.0,+
b,All,4.2075_to_inf,y,p,d,v,1.1875_to_inf,t,f,-inf_to_2.5,t,s,-inf_to_105.0,-inf_to_492.0,+
b,All,4.2075_to_inf,u,g,ff,ff,1.1875_to_inf,t,t,2.5_to_inf,t,g,-inf_to_105.0,492.0_to_inf,+
b,All,4.2075_to_inf,u,g,i,v,1.1875_to_inf,t,t,2.5_to_inf,f,g,-inf_to_105.0,492.0_to_inf,+
b,All,-inf_to_4.2075,y,p,cc,v,1.1875_to_inf,t,t,-inf_to_2.5,f,g,105.0_to_inf,-inf_to_492.0,+
b,All,-inf_to_4.2075,u,g,aa,v,1.1875_to_inf,t,f,-inf_to_2.5,f,s,105.0_to_inf,-inf_to_492.0,+
b,All,-inf_to_4.2075,u,g,cc,h,1.1875_to_inf,t,t,2.5_to_inf,f,g,105.0_to_inf,-inf_to_492.0,+
b,All,4.2075_to_inf,u,g,ff,ff,1.1875_to_inf,t,t,2.5_to_inf,f,g,-inf_to_105.0,492.0_to_inf,+
b,All,4.2075_to_inf,u,g,e,v,1.1875_to_inf,t,t,2.5_to_inf,f,g,-inf_to_105.0,-inf_to_492.0,+
a,All,4.2075_to_inf,y,p,c,v,-inf_to_1.1875,t,t,2.5_to_inf,t,g,-inf_to_105.0,492.0_to_inf,+
a,All,4.2075_to_inf,u,g,aa,v,1.1875_to_inf,t,t,2.5_to_inf,t,g,105.0_to_inf,-inf_to_492.0,+
b,All,4.2075_to_inf,u,g,e,z,1.1875_to_inf,t,t,2.5_to_inf,t,g,-inf_to_105.0,-inf_to_492.0,+
a,All,4.2075_to_inf,u,g,aa,v,-inf_to_1.1875,t,f,-inf_to_2.5,f,g,-inf_to_105.0,-inf_to_492.0,+
a,All,4.2075_to_inf,u,g,q,v,-inf_to_1.1875,t,f,-inf_to_2.5,t,g,105.0_to_inf,-inf_to_492.0,+
b,All,-inf_to_4.2075,u,g,c,bb,-inf_to_1.1875,t,f,-inf_to_2.5,t,g,105.0_to_inf,-inf_to_492.0,+
b,All,4.2075_to_inf,u,g,k,v,-inf_to_1.1875,t,f,-inf_to_2.5,f,g,-inf_to_105.0,-inf_to_492.0,+
a,All,4.2075_to_inf,y,p,x,v,1.1875_to_inf,f,f,-inf_to_2.5,f,g,105.0_to_inf,-inf_to_492.0,+
b,All,4.2075_to_inf,u,g,cc,v,-inf_to_1.1875,t,f,-inf_to_2.5,f,g,-inf_to_105.0,-inf_to_492.0,+
b,All,-inf_to_4.2075,u,g,cc,v,-inf_to_1.1875,t,t,2.5_to_inf,f,g,-inf_to_105.0,492.0_to_inf,+
a,All,-inf_to_4.2075,u,g,x,v,1.1875_to_inf,t,t,-inf_to_2.5,t,g,105.0_to_inf,492.0_to_inf,+
b,All,-inf_to_4.2075,u,g,x,h,1.1875_to_inf,t,t,2.5_to_inf,t,g,105.0_to_inf,492.0_to_inf,+
b,All,4.2075_to_inf,u,g,w,v,1.1875_to_inf,t,f,-inf_to_2.5,t,g,105.0_to_inf,492.0_to_inf,+
a,All,4.2075_to_inf,u,g,i,bb,1.1875_to_inf,t,t,2.5_to_inf,f,g,-inf_to_105.0,492.0_to_inf,+
a,All,-inf_to_4.2075,u,g,q,v,1.1875_to_inf,t,t,2.5_to_inf,f,g,105.0_to_inf,492.0_to_inf,+
b,All,-inf_to_4.2075,u,g,i,bb,-inf_to_1.1875,t,f,-inf_to_2.5,t,g,-inf_to_105.0,-inf_to_492.0,+
b,All,4.2075_to_inf,u,g,q,v,1.1875_to_inf,t,f,-inf_to_2.5,f,s,-inf_to_105.0,-inf_to_492.0,+
b,All,4.2075_to_inf,u,g,x,v,1.1875_to_inf,t,t,2.5_to_inf,f,g,105.0_to_inf,-inf_to_492.0,+
b,All,4.2075_to_inf,y,p,c,v,1.1875_to_inf,t,f,-inf_to_2.5,f,s,-inf_to_105.0,-inf_to_492.0,+
b,All,4.2075_to_inf,u,g,w,v,1.1875_to_inf,t,t,2.5_to_inf,f,g,105.0_to_inf,-inf_to_492.0,+
b,All,4.2075_to_inf,u,g,w,v,1.1875_to_inf,t,f,-inf_to_2.5,t,g,-inf_to_105.0,-inf_to_492.0,+
a,All,4.2075_to_inf,u,g,q,v,1.1875_to_inf,t,t,2.5_to_inf,f,g,105.0_to_inf,492.0_to_inf,+
b,All,-inf_to_4.2075,u,g,i,v,1.1875_to_inf,t,t,-inf_to_2.5,f,g,105.0_to_inf,-inf_to_492.0,+
b,All,-inf_to_4.2075,y,p,c,h,1.1875_to_inf,t,t,-inf_to_2.5,t,g,105.0_to_inf,492.0_to_inf,+
b,All,4.2075_to_inf,u,g,cc,h,1.1875_to_inf,t,t,-inf_to_2.5,t,g,-inf_to_105.0,492.0_to_inf,+
a,All,-inf_to_4.2075,u,g,q,h,-inf_to_1.1875,t,t,2.5_to_inf,f,g,-inf_to_105.0,-inf_to_492.0,+
,All,4.2075_to_inf,u,g,c,bb,1.1875_to_inf,t,t,-inf_to_2.5,f,g,-inf_to_105.0,-inf_to_492.0,+
b,All,4.2075_to_inf,u,g,x,v,-inf_to_1.1875,t,t,2.5_to_inf,f,g,105.0_to_inf,-inf_to_492.0,+
b,All,4.2075_to_inf,u,g,e,z,1.1875_to_inf,t,t,2.5_to_inf,f,g,-inf_to_105.0,492.0_to_inf,+
b,All,4.2075_to_inf,u,g,q,h,1.1875_to_inf,t,t,2.5_to_inf,t,g,105.0_to_inf,-inf_to_492.0,+
a,All,4.2075_to_inf,u,g,x,h,-inf_to_1.1875,t,t,2.5_to_inf,f,g,-inf_to_105.0,492.0_to_inf,+
b,All,4.2075_to_inf,u,g,x,h,-inf_to_1.1875,t,t,-inf_to_2.5,f,g,-inf_to_105.0,-inf_to_492.0,+
b,All,-inf_to_4.2075,u,g,k,v,-inf_to_1.1875,f,f,-inf_to_2.5,f,g,105.0_to_inf,492.0_to_inf,-
b,All,4.2075_to_inf,u,g,c,h,-inf_to_1.1875,f,f,-inf_to_2.5,f,g,105.0_to_inf,-inf_to_492.0,-
b,All,4.2075_to_inf,u,g,c,v,1.1875_to_inf,f,f,-inf_to_2.5,t,g,105.0_to_inf,-inf_to_492.0,-
b,All,-inf_to_4.2075,u,g,d,v,-inf_to_1.1875,f,f,-inf_to_2.5,f,g,105.0_to_inf,-inf_to_492.0,-
a,All,4.2075_to_inf,u,g,i,v,-inf_to_1.1875,f,f,-inf_to_2.5,f,g,105.0_to_inf,492.0_to_inf,-
a,All,-inf_to_4.2075,y,p,c,v,-inf_to_1.1875,f,f,-inf_to_2.5,f,g,105.0_to_inf,-inf_to_492.0,-
b,All,-inf_to_4.2075,u,g,d,h,1.1875_to_inf,f,f,-inf_to_2.5,t,g,105.0_to_inf,-inf_to_492.0,-
a,All,-inf_to_4.2075,y,p,ff,ff,-inf_to_1.1875,f,f,-inf_to_2.5,f,g,-inf_to_105.0,-inf_to_492.0,-
a,All,-inf_to_4.2075,u,g,i,o,-inf_to_1.1875,f,f,-inf_to_2.5,f,g,-inf_to_105.0,-inf_to_492.0,-
a,All,4.2075_to_inf,y,p,x,h,-inf_to_1.1875,f,f,-inf_to_2.5,t,g,105.0_to_inf,-inf_to_492.0,-
b,All,-inf_to_4.2075,u,g,ff,ff,-inf_to_1.1875,f,f,-inf_to_2.5,f,g,105.0_to_inf,-inf_to_492.0,-
b,All,-inf_to_4.2075,y,p,c,v,-inf_to_1.1875,f,f,-inf_to_2.5,f,g,105.0_to_inf,492.0_to_inf,-
b,All,-inf_to_4.2075,y,p,e,dd,-inf_to_1.1875,f,f,-inf_to_2.5,f,g,-inf_to_105.0,-inf_to_492.0,-
a,All,4.2075_to_inf,u,g,d,v,1.1875_to_inf,f,f,-inf_to_2.5,f,g,105.0_to_inf,-inf_to_492.0,-
b,All,-inf_to_4.2075,u,g,q,v,-inf_to_1.1875,t,f,-inf_to_2.5,t,g,105.0_to_inf,-inf_to_492.0,+
b,All,-inf_to_4.2075,u,g,q,n,-inf_to_1.1875,f,f,-inf_to_2.5,f,g,105.0_to_inf,-inf_to_492.0,+
b,All,-inf_to_4.2075,,,,,-inf_to_1.1875,f,f,-inf_to_2.5,f,p,105.0_to_inf,-inf_to_492.0,+
b,All,-inf_to_4.2075,u,g,c,v,1.1875_to_inf,f,f,-inf_to_2.5,t,g,105.0_to_inf,-inf_to_492.0,-
b,All,4.2075_to_inf,y,p,k,v,-inf_to_1.1875,f,f,-inf_to_2.5,f,g,105.0_to_inf,-inf_to_492.0,-
b,All,-inf_to_4.2075,u,g,cc,h,1.1875_to_inf,f,f,-inf_to_2.5,t,s,105.0_to_inf,-inf_to_492.0,-
b,All,4.2075_to_inf,u,g,d,v,-inf_to_1.1875,f,f,-inf_to_2.5,f,g,105.0_to_inf,-inf_to_492.0,-
a,All,4.2075_to_inf,u,g,i,h,-inf_to_1.1875,f,f,-inf_to_2.5,f,g,-inf_to_105.0,-inf_to_492.0,-
a,All,4.2075_to_inf,y,p,q,h,-inf_to_1.1875,f,f,-inf_to_2.5,f,g,105.0_to_inf,-inf_to_492.0,-
b,All,4.2075_to_inf,y,p,ff,ff,-inf_to_1.1875,f,f,-inf_to_2.5,f,g,105.0_to_inf,-inf_to_492.0,-
b,All,-inf_to_4.2075,y,p,c,h,-inf_to_1.1875,f,f,-inf_to_2.5,f,g,105.0_to_inf,-inf_to_492.0,-
b,All,-inf_to_4.2075,y,p,cc,h,-inf_to_1.1875,f,f,-inf_to_2.5,f,g,105.0_to_inf,-inf_to_492.0,-
b,All,4.2075_to_inf,u,g,c,v,-inf_to_1.1875,f,f,-inf_to_2.5,f,s,-inf_to_105.0,-inf_to_492.0,-
a,All,-inf_to_4.2075,u,g,q,v,-inf_to_1.1875,f,t,-inf_to_2.5,f,g,105.0_to_inf,-inf_to_492.0,-
b,All,4.2075_to_inf,u,g,c,v,-inf_to_1.1875,f,t,-inf_to_2.5,f,g,-inf_to_105.0,492.0_to_inf,-
b,All,4.2075_to_inf,u,g,w,h,-inf_to_1.1875,f,t,-inf_to_2.5,f,g,105.0_to_inf,-inf_to_492.0,-
a,All,-inf_to_4.2075,u,g,ff,ff,-inf_to_1.1875,f,t,-inf_to_2.5,t,g,105.0_to_inf,-inf_to_492.0,-
b,All,-inf_to_4.2075,u,g,w,v,-inf_to_1.1875,f,t,-inf_to_2.5,f,g,105.0_to_inf,492.0_to_inf,-
b,All,-inf_to_4.2075,y,p,c,v,-inf_to_1.1875,f,t,-inf_to_2.5,f,g,105.0_to_inf,-inf_to_492.0,-
a,All,-inf_to_4.2075,y,p,j,j,-inf_to_1.1875,f,f,-inf_to_2.5,f,g,105.0_to_inf,-inf_to_492.0,-
b,All,-inf_to_4.2075,u,g,m,v,-inf_to_1.1875,f,f,-inf_to_2.5,t,s,105.0_to_inf,-inf_to_492.0,-
a,All,4.2075_to_inf,u,g,w,v,-inf_to_1.1875,f,t,-inf_to_2.5,f,g,105.0_to_inf,-inf_to_492.0,-
b,All,-inf_to_4.2075,u,g,w,v,-inf_to_1.1875,f,t,-inf_to_2.5,f,g,105.0_to_inf,-inf_to_492.0,-
b,All,-inf_to_4.2075,u,g,w,v,-inf_to_1.1875,f,t,-inf_to_2.5,f,g,105.0_to_inf,-inf_to_492.0,-
a,All,-inf_to_4.2075,u,g,ff,ff,-inf_to_1.1875,f,t,-inf_to_2.5,f,g,105.0_to_inf,-inf_to_492.0,-
b,All,-inf_to_4.2075,u,g,aa,v,1.1875_to_inf,f,t,-inf_to_2.5,t,g,105.0_to_inf,-inf_to_492.0,-
b,All,-inf_to_4.2075,u,g,aa,v,-inf_to_1.1875,f,t,-inf_to_2.5,f,g,-inf_to_105.0,-inf_to_492.0,-
b,All,4.2075_to_inf,u,g,c,v,1.1875_to_inf,f,t,-inf_to_2.5,t,g,105.0_to_inf,-inf_to_492.0,-
a,All,-inf_to_4.2075,u,g,ff,ff,1.1875_to_inf,f,t,-inf_to_2.5,f,g,-inf_to_105.0,-inf_to_492.0,-
b,All,-inf_to_4.2075,u,g,d,v,-inf_to_1.1875,f,f,-inf_to_2.5,t,s,105.0_to_inf,-inf_to_492.0,-
b,All,-inf_to_4.2075,u,g,c,v,-inf_to_1.1875,f,f,-inf_to_2.5,t,s,105.0_to_inf,-inf_to_492.0,-
a,All,-inf_to_4.2075,u,g,q,v,-inf_to_1.1875,f,f,-inf_to_2.5,f,g,105.0_to_inf,-inf_to_492.0,-
a,All,4.2075_to_inf,u,g,q,h,1.1875_to_inf,f,f,-inf_to_2.5,f,g,105.0_to_inf,-inf_to_492.0,-
b,All,4.2075_to_inf,y,p,ff,ff,-inf_to_1.1875,t,f,-inf_to_2.5,t,g,-inf_to_105.0,-inf_to_492.0,-
b,All,-inf_to_4.2075,u,g,ff,ff,1.1875_to_inf,f,f,-inf_to_2.5,f,g,105.0_to_inf,-inf_to_492.0,-
b,All,4.2075_to_inf,u,g,ff,ff,-inf_to_1.1875,f,f,-inf_to_2.5,f,g,-inf_to_105.0,-inf_to_492.0,-
b,All,-inf_to_4.2075,u,g,k,h,-inf_to_1.1875,f,f,-inf_to_2.5,t,s,105.0_to_inf,-inf_to_492.0,-
a,All,-inf_to_4.2075,y,p,j,j,-inf_to_1.1875,f,f,-inf_to_2.5,f,g,105.0_to_inf,-inf_to_492.0,-
a,All,4.2075_to_inf,u,g,w,v,-inf_to_1.1875,f,f,-inf_to_2.5,t,g,105.0_to_inf,-inf_to_492.0,-
b,All,-inf_to_4.2075,y,p,c,v,1.1875_to_inf,f,f,-inf_to_2.5,t,g,105.0_to_inf,-inf_to_492.0,-
a,All,-inf_to_4.2075,u,g,aa,v,-inf_to_1.1875,f,f,-inf_to_2.5,f,g,105.0_to_inf,-inf_to_492.0,-
a,All,4.2075_to_inf,u,g,d,v,-inf_to_1.1875,f,f,-inf_to_2.5,f,g,-inf_to_105.0,-inf_to_492.0,-
b,All,-inf_to_4.2075,y,p,aa,v,-inf_to_1.1875,f,f,-inf_to_2.5,f,g,-inf_to_105.0,-inf_to_492.0,-
b,All,-inf_to_4.2075,u,g,m,v,-inf_to_1.1875,t,f,-inf_to_2.5,t,s,105.0_to_inf,-inf_to_492.0,-
b,All,-inf_to_4.2075,y,p,c,h,-inf_to_1.1875,f,f,-inf_to_2.5,f,g,105.0_to_inf,-inf_to_492.0,-
b,All,4.2075_to_inf,l,gg,ff,o,-inf_to_1.1875,f,f,-inf_to_2.5,t,p,105.0_to_inf,492.0_to_inf,+
b,All,-inf_to_4.2075,y,p,m,bb,-inf_to_1.1875,f,f,-inf_to_2.5,t,s,105.0_to_inf,-inf_to_492.0,+
b,All,-inf_to_4.2075,y,p,c,v,1.1875_to_inf,f,f,-inf_to_2.5,t,g,105.0_to_inf,-inf_to_492.0,+
b,All,-inf_to_4.2075,u,g,w,v,1.1875_to_inf,f,f,-inf_to_2.5,f,g,105.0_to_inf,-inf_to_492.0,+
a,All,-inf_to_4.2075,l,gg,cc,ff,1.1875_to_inf,f,f,-inf_to_2.5,t,s,105.0_to_inf,-inf_to_492.0,+
b,All,-inf_to_4.2075,y,p,k,v,-inf_to_1.1875,t,t,2.5_to_inf,f,g,105.0_to_inf,492.0_to_inf,+
b,All,-inf_to_4.2075,u,g,w,v,-inf_to_1.1875,f,f,-inf_to_2.5,f,g,105.0_to_inf,-inf_to_492.0,-
a,All,-inf_to_4.2075,y,p,x,v,-inf_to_1.1875,f,f,-inf_to_2.5,f,g,105.0_to_inf,-inf_to_492.0,-
b,All,-inf_to_4.2075,y,p,c,v,-inf_to_1.1875,f,f,-inf_to_2.5,f,g,105.0_to_inf,-inf_to_492.0,-
b,All,-inf_to_4.2075,y,p,w,v,1.1875_to_inf,f,f,-inf_to_2.5,f,s,105.0_to_inf,-inf_to_492.0,-
b,All,-inf_to_4.2075,y,p,i,v,-inf_to_1.1875,f,f,-inf_to_2.5,t,g,105.0_to_inf,-inf_to_492.0,-
b,All,-inf_to_4.2075,,,,,-inf_to_1.1875,f,f,-inf_to_2.5,f,p,105.0_to_inf,-inf_to_492.0,-
a,All,-inf_to_4.2075,y,p,c,v,1.1875_to_inf,f,f,-inf_to_2.5,t,g,-inf_to_105.0,-inf_to_492.0,-
b,All,-inf_to_4.2075,u,g,c,v,-inf_to_1.1875,f,f,-inf_to_2.5,f,g,105.0_to_inf,-inf_to_492.0,-
a,All,4.2075_to_inf,u,g,d,v,-inf_to_1.1875,f,f,-inf_to_2.5,t,g,105.0_to_inf,492.0_to_inf,-
b,All,-inf_to_4.2075,u,g,q,h,-inf_to_1.1875,f,f,-inf_to_2.5,t,g,105.0_to_inf,-inf_to_492.0,-
b,All,4.2075_to_inf,u,g,c,v,-inf_to_1.1875,f,f,-inf_to_2.5,t,g,-inf_to_105.0,-inf_to_492.0,-
a,All,-inf_to_4.2075,y,p,i,h,-inf_to_1.1875,f,f,-inf_to_2.5,t,g,105.0_to_inf,-inf_to_492.0,-
a,All,-inf_to_4.2075,y,p,aa,v,1.1875_to_inf,f,f,-inf_to_2.5,f,g,105.0_to_inf,-inf_to_492.0,-
b,All,-inf_to_4.2075,u,g,w,v,-inf_to_1.1875,f,f,-inf_to_2.5,t,g,105.0_to_inf,-inf_to_492.0,-
a,All,-inf_to_4.2075,u,g,c,v,1.1875_to_inf,f,f,-inf_to_2.5,f,g,105.0_to_inf,-inf_to_492.0,-
b,All,-inf_to_4.2075,u,g,aa,v,-inf_to_1.1875,f,f,-inf_to_2.5,f,g,105.0_to_inf,-inf_to_492.0,-
b,All,-inf_to_4.2075,u,g,i,bb,-inf_to_1.1875,f,f,-inf_to_2.5,t,g,105.0_to_inf,492.0_to_inf,-
b,All,-inf_to_4.2075,u,g,i,bb,-inf_to_1.1875,f,f,-inf_to_2.5,f,g,105.0_to_inf,-inf_to_492.0,-
b,All,4.2075_to_inf,u,g,e,z,-inf_to_1.1875,f,f,-inf_to_2.5,f,g,-inf_to_105.0,-inf_to_492.0,-
,All,-inf_to_4.2075,u,g,c,v,-inf_to_1.1875,f,f,-inf_to_2.5,t,g,105.0_to_inf,-inf_to_492.0,-
b,All,4.2075_to_inf,y,p,c,bb,1.1875_to_inf,f,f,-inf_to_2.5,f,g,105.0_to_inf,492.0_to_inf,-
b,All,-inf_to_4.2075,u,g,c,v,-inf_to_1.1875,t,t,2.5_to_inf,t,g,105.0_to_inf,-inf_to_492.0,-
b,All,-inf_to_4.2075,u,g,w,v,1.1875_to_inf,f,t,-inf_to_2.5,t,g,-inf_to_105.0,-inf_to_492.0,-
a,All,-inf_to_4.2075,u,g,j,j,-inf_to_1.1875,f,f,-inf_to_2.5,t,g,105.0_to_inf,-inf_to_492.0,-
b,All,-inf_to_4.2075,y,p,ff,ff,-inf_to_1.1875,f,f,-inf_to_2.5,f,g,-inf_to_105.0,-inf_to_492.0,-
b,All,4.2075_to_inf,y,p,m,v,1.1875_to_inf,f,f,-inf_to_2.5,t,g,-inf_to_105.0,492.0_to_inf,-
b,All,-inf_to_4.2075,u,g,d,v,-inf_to_1.1875,f,f,-inf_to_2.5,t,s,-inf_to_105.0,-inf_to_492.0,-
b,All,-inf_to_4.2075,u,g,i,v,-inf_to_1.1875,f,f,-inf_to_2.5,t,g,105.0_to_inf,-inf_to_492.0,-
a,All,-inf_to_4.2075,u,g,aa,v,-inf_to_1.1875,f,t,-inf_to_2.5,t,g,105.0_to_inf,-inf_to_492.0,-
b,All,-inf_to_4.2075,u,g,d,v,-inf_to_1.1875,f,f,-inf_to_2.5,f,g,105.0_to_inf,-inf_to_492.0,-
b,All,-inf_to_4.2075,u,g,d,v,-inf_to_1.1875,f,f,-inf_to_2.5,t,g,105.0_to_inf,-inf_to_492.0,-
a,All,4.2075_to_inf,u,g,k,v,1.1875_to_inf,f,f,-inf_to_2.5,t,s,-inf_to_105.0,-inf_to_492.0,-
b,All,-inf_to_4.2075,u,g,ff,ff,-inf_to_1.1875,f,f,-inf_to_2.5,t,g,-inf_to_105.0,492.0_to_inf,-
b,All,-inf_to_4.2075,u,g,k,ff,-inf_to_1.1875,f,f,-inf_to_2.5,f,g,-inf_to_105.0,-inf_to_492.0,-
b,All,-inf_to_4.2075,y,p,k,v,-inf_to_1.1875,f,f,-inf_to_2.5,f,s,105.0_to_inf,-inf_to_492.0,-
b,All,-inf_to_4.2075,u,g,e,dd,-inf_to_1.1875,f,t,-inf_to_2.5,f,g,105.0_to_inf,492.0_to_inf,-
b,All,-inf_to_4.2075,u,g,m,v,1.1875_to_inf,f,t,-inf_to_2.5,t,g,105.0_to_inf,-inf_to_492.0,-
a,All,4.2075_to_inf,u,g,aa,v,-inf_to_1.1875,f,f,-inf_to_2.5,f,g,105.0_to_inf,492.0_to_inf,-
b,All,-inf_to_4.2075,y,p,m,v,-inf_to_1.1875,f,f,-inf_to_2.5,f,s,105.0_to_inf,-inf_to_492.0,-
a,All,4.2075_to_inf,y,p,k,h,1.1875_to_inf,f,f,-inf_to_2.5,t,g,-inf_to_105.0,-inf_to_492.0,-
b,All,-inf_to_4.2075,y,p,w,v,1.1875_to_inf,f,f,-inf_to_2.5,t,g,105.0_to_inf,-inf_to_492.0,-
b,All,4.2075_to_inf,u,g,e,dd,-inf_to_1.1875,f,f,-inf_to_2.5,t,g,105.0_to_inf,492.0_to_inf,-
a,All,4.2075_to_inf,u,g,k,h,-inf_to_1.1875,f,f,-inf_to_2.5,t,s,105.0_to_inf,-inf_to_492.0,-
,All,-inf_to_4.2075,u,g,aa,v,-inf_to_1.1875,f,f,-inf_to_2.5,f,g,105.0_to_inf,492.0_to_inf,-
a,All,-inf_to_4.2075,y,p,e,dd,-inf_to_1.1875,f,f,-inf_to_2.5,f,g,105.0_to_inf,-inf_to_492.0,-
b,All,4.2075_to_inf,u,g,d,v,-inf_to_1.1875,f,f,-inf_to_2.5,f,g,-inf_to_105.0,-inf_to_492.0,-
b,All,-inf_to_4.2075,y,p,c,v,1.1875_to_inf,f,f,-inf_to_2.5,t,s,105.0_to_inf,-inf_to_492.0,-
b,All,-inf_to_4.2075,u,g,i,bb,-inf_to_1.1875,f,f,-inf_to_2.5,t,g,105.0_to_inf,492.0_to_inf,-
b,All,4.2075_to_inf,u,g,i,bb,1.1875_to_inf,f,f,-inf_to_2.5,t,g,105.0_to_inf,-inf_to_492.0,-
a,All,4.2075_to_inf,u,g,c,v,-inf_to_1.1875,f,f,-inf_to_2.5,f,g,105.0_to_inf,-inf_to_492.0,-
a,All,-inf_to_4.2075,y,p,i,bb,1.1875_to_inf,f,f,-inf_to_2.5,f,g,105.0_to_inf,-inf_to_492.0,-
a,All,4.2075_to_inf,y,p,ff,ff,1.1875_to_inf,f,f,-inf_to_2.5,t,g,-inf_to_105.0,-inf_to_492.0,-
b,All,4.2075_to_inf,u,g,k,v,1.1875_to_inf,f,f,-inf_to_2.5,t,g,-inf_to_105.0,492.0_to_inf,-
b,All,4.2075_to_inf,y,p,c,v,1.1875_to_inf,f,f,-inf_to_2.5,t,g,-inf_to_105.0,-inf_to_492.0,-
b,All,-inf_to_4.2075,u,g,c,v,-inf_to_1.1875,f,f,-inf_to_2.5,t,s,-inf_to_105.0,-inf_to_492.0,-
b,All,4.2075_to_inf,u,g,i,bb,-inf_to_1.1875,f,f,-inf_to_2.5,t,g,105.0_to_inf,-inf_to_492.0,-
b,All,-inf_to_4.2075,u,g,m,v,-inf_to_1.1875,f,f,-inf_to_2.5,f,s,-inf_to_105.0,-inf_to_492.0,-
b,All,4.2075_to_inf,u,g,e,v,-inf_to_1.1875,f,f,-inf_to_2.5,f,g,105.0_to_inf,-inf_to_492.0,-
b,All,4.2075_to_inf,u,g,i,bb,-inf_to_1.1875,f,f,-inf_to_2.5,f,g,105.0_to_inf,-inf_to_492.0,-
b,All,4.2075_to_inf,u,g,aa,bb,-inf_to_1.1875,f,f,-inf_to_2.5,t,g,105.0_to_inf,-inf_to_492.0,-
b,All,-inf_to_4.2075,u,g,m,v,-inf_to_1.1875,f,f,-inf_to_2.5,t,g,105.0_to_inf,-inf_to_492.0,-
a,All,-inf_to_4.2075,u,g,d,v,-inf_to_1.1875,f,f,-inf_to_2.5,t,g,-inf_to_105.0,-inf_to_492.0,-
b,All,-inf_to_4.2075,y,p,x,h,-inf_to_1.1875,f,f,-inf_to_2.5,f,g,105.0_to_inf,-inf_to_492.0,-
a,All,-inf_to_4.2075,y,p,ff,ff,-inf_to_1.1875,f,f,-inf_to_2.5,f,g,105.0_to_inf,-inf_to_492.0,-
b,All,4.2075_to_inf,y,p,k,h,1.1875_to_inf,f,f,-inf_to_2.5,t,g,-inf_to_105.0,-inf_to_492.0,-
b,All,-inf_to_4.2075,u,g,c,v,-inf_to_1.1875,f,f,-inf_to_2.5,f,g,105.0_to_inf,-inf_to_492.0,-
b,All,4.2075_to_inf,y,p,j,v,-inf_to_1.1875,f,f,-inf_to_2.5,f,g,105.0_to_inf,-inf_to_492.0,-
b,All,-inf_to_4.2075,u,g,c,v,-inf_to_1.1875,f,f,-inf_to_2.5,f,g,105.0_to_inf,-inf_to_492.0,-
a,All,4.2075_to_inf,u,g,i,bb,1.1875_to_inf,f,f,-inf_to_2.5,t,g,-inf_to_105.0,-inf_to_492.0,-
a,All,-inf_to_4.2075,u,g,q,v,-inf_to_1.1875,f,f,-inf_to_2.5,f,s,105.0_to_inf,-inf_to_492.0,-
a,All,4.2075_to_inf,u,g,ff,ff,-inf_to_1.1875,f,f,-inf_to_2.5,f,s,-inf_to_105.0,-inf_to_492.0,-
a,All,4.2075_to_inf,y,p,k,v,-inf_to_1.1875,f,t,-inf_to_2.5,f,g,105.0_to_inf,-inf_to_492.0,-
b,All,-inf_to_4.2075,u,g,w,v,-inf_to_1.1875,f,t,-inf_to_2.5,f,g,-inf_to_105.0,-inf_to_492.0,-
b,All,-inf_to_4.2075,u,g,ff,ff,-inf_to_1.1875,f,t,2.5_to_inf,f,g,105.0_to_inf,-inf_to_492.0,-
b,All,-inf_to_4.2075,u,g,c,v,1.1875_to_inf,f,t,-inf_to_2.5,f,g,-inf_to_105.0,-inf_to_492.0,-
a,All,-inf_to_4.2075,u,g,i,v,-inf_to_1.1875,f,f,-inf_to_2.5,f,g,105.0_to_inf,-inf_to_492.0,-
b,All,-inf_to_4.2075,u,g,i,bb,-inf_to_1.1875,f,f,-inf_to_2.5,f,s,105.0_to_inf,-inf_to_492.0,-
b,All,-inf_to_4.2075,u,g,k,v,-inf_to_1.1875,f,f,-inf_to_2.5,t,g,105.0_to_inf,-inf_to_492.0,-
a,All,-inf_to_4.2075,y,p,ff,ff,1.1875_to_inf,f,f,-inf_to_2.5,f,g,105.0_to_inf,-inf_to_492.0,-
b,All,-inf_to_4.2075,u,g,c,v,-inf_to_1.1875,f,f,-inf_to_2.5,t,g,105.0_to_inf,-inf_to_492.0,-
b,All,-inf_to_4.2075,u,g,c,v,-inf_to_1.1875,f,t,-inf_to_2.5,f,g,105.0_to_inf,492.0_to_inf,-
b,All,-inf_to_4.2075,u,g,i,v,-inf_to_1.1875,f,f,-inf_to_2.5,t,g,105.0_to_inf,-inf_to_492.0,-
b,All,-inf_to_4.2075,u,g,q,v,1.1875_to_inf,f,f,-inf_to_2.5,f,g,105.0_to_inf,-inf_to_492.0,-
b,All,-inf_to_4.2075,u,g,w,v,1.1875_to_inf,f,f,-inf_to_2.5,f,g,105.0_to_inf,-inf_to_492.0,-
b,All,-inf_to_4.2075,u,g,cc,v,-inf_to_1.1875,f,f,-inf_to_2.5,f,g,-inf_to_105.0,-inf_to_492.0,-
b,All,-inf_to_4.2075,u,g,c,v,1.1875_to_inf,f,f,-inf_to_2.5,f,p,105.0_to_inf,-inf_to_492.0,-
b,All,-inf_to_4.2075,u,g,c,v,-inf_to_1.1875,f,f,-inf_to_2.5,f,g,105.0_to_inf,-inf_to_492.0,-
a,All,-inf_to_4.2075,u,g,w,v,-inf_to_1.1875,f,f,-inf_to_2.5,t,g,105.0_to_inf,-inf_to_492.0,-
b,All,-inf_to_4.2075,u,g,e,v,-inf_to_1.1875,f,f,-inf_to_2.5,f,g,105.0_to_inf,-inf_to_492.0,-
b,All,-inf_to_4.2075,u,g,ff,ff,-inf_to_1.1875,f,f,-inf_to_2.5,f,g,105.0_to_inf,-inf_to_492.0,-
b,All,-inf_to_4.2075,y,p,cc,v,-inf_to_1.1875,f,f,-inf_to_2.5,f,g,105.0_to_inf,-inf_to_492.0,-
b,All,-inf_to_4.2075,y,p,ff,ff,1.1875_to_inf,f,f,-inf_to_2.5,f,g,105.0_to_inf,-inf_to_492.0,-
b,All,-inf_to_4.2075,y,p,c,v,-inf_to_1.1875,f,f,-inf_to_2.5,f,g,105.0_to_inf,492.0_to_inf,-
b,All,-inf_to_4.2075,u,g,c,v,1.1875_to_inf,f,f,-inf_to_2.5,t,g,105.0_to_inf,-inf_to_492.0,-
b,All,-inf_to_4.2075,y,p,ff,ff,-inf_to_1.1875,f,t,2.5_to_inf,f,g,-inf_to_105.0,-inf_to_492.0,-
b,All,-inf_to_4.2075,u,g,ff,ff,-inf_to_1.1875,f,t,2.5_to_inf,f,g,105.0_to_inf,492.0_to_inf,-
a,All,-inf_to_4.2075,u,g,ff,ff,-inf_to_1.1875,f,f,-inf_to_2.5,t,s,-inf_to_105.0,-inf_to_492.0,-
a,All,-inf_to_4.2075,u,g,ff,ff,-inf_to_1.1875,f,t,-inf_to_2.5,f,g,-inf_to_105.0,-inf_to_492.0,-
b,All,-inf_to_4.2075,u,g,k,v,-inf_to_1.1875,f,t,-inf_to_2.5,t,g,105.0_to_inf,-inf_to_492.0,-
b,All,-inf_to_4.2075,u,g,k,v,-inf_to_1.1875,f,t,2.5_to_inf,f,s,-inf_to_105.0,-inf_to_492.0,-
b,All,4.2075_to_inf,u,g,ff,ff,-inf_to_1.1875,f,t,-inf_to_2.5,f,g,-inf_to_105.0,-inf_to_492.0,-
b,All,-inf_to_4.2075,y,p,m,v,-inf_to_1.1875,f,f,-inf_to_2.5,t,s,-inf_to_105.0,-inf_to_492.0,-
b,All,-inf_to_4.2075,u,g,k,v,-inf_to_1.1875,f,f,-inf_to_2.5,t,g,105.0_to_inf,-inf_to_492.0,-
a,All,-inf_to_4.2075,y,p,j,ff,-inf_to_1.1875,f,f,-inf_to_2.5,f,g,-inf_to_105.0,-inf_to_492.0,-
a,All,4.2075_to_inf,u,g,ff,ff,-inf_to_1.1875,f,f,-inf_to_2.5,f,g,105.0_to_inf,492.0_to_inf,-
b,All,-inf_to_4.2075,u,g,c,v,-inf_to_1.1875,f,f,-inf_to_2.5,f,g,105.0_to_inf,-inf_to_492.0,-
b,All,-inf_to_4.2075,u,g,ff,ff,-inf_to_1.1875,f,t,-inf_to_2.5,f,g,-inf_to_105.0,-inf_to_492.0,-
b,All,4.2075_to_inf,u,g,c,v,-inf_to_1.1875,f,f,-inf_to_2.5,f,g,-inf_to_105.0,-inf_to_492.0,-
b,All,-inf_to_4.2075,y,p,i,bb,1.1875_to_inf,f,f,-inf_to_2.5,f,g,-inf_to_105.0,-inf_to_492.0,-
b,All,-inf_to_4.2075,u,g,c,v,1.1875_to_inf,f,f,-inf_to_2.5,f,g,-inf_to_105.0,-inf_to_492.0,-
b,All,4.2075_to_inf,u,g,q,v,1.1875_to_inf,f,f,-inf_to_2.5,f,g,105.0_to_inf,-inf_to_492.0,-
,All,-inf_to_4.2075,u,g,w,v,-inf_to_1.1875,f,f,-inf_to_2.5,t,g,105.0_to_inf,-inf_to_492.0,-
b,All,-inf_to_4.2075,u,g,d,v,1.1875_to_inf,f,f,-inf_to_2.5,t,g,-inf_to_105.0,-inf_to_492.0,-
b,All,4.2075_to_inf,u,g,w,v,-inf_to_1.1875,f,f,-inf_to_2.5,f,g,105.0_to_inf,492.0_to_inf,-
b,All,-inf_to_4.2075,y,p,c,v,-inf_to_1.1875,f,f,-inf_to_2.5,f,g,105.0_to_inf,-inf_to_492.0,-
b,All,4.2075_to_inf,u,g,i,bb,1.1875_to_inf,f,f,-inf_to_2.5,f,g,105.0_to_inf,492.0_to_inf,-
b,All,-inf_to_4.2075,y,p,c,v,1.1875_to_inf,f,f,-inf_to_2.5,t,g,105.0_to_inf,-inf_to_492.0,-
a,All,-inf_to_4.2075,y,p,c,v,-inf_to_1.1875,f,f,-inf_to_2.5,f,g,105.0_to_inf,-inf_to_492.0,-
b,All,-inf_to_4.2075,u,g,m,v,-inf_to_1.1875,f,t,2.5_to_inf,f,g,105.0_to_inf,492.0_to_inf,-
b,All,-inf_to_4.2075,u,g,c,v,-inf_to_1.1875,f,f,-inf_to_2.5,f,g,105.0_to_inf,-inf_to_492.0,-
a,All,-inf_to_4.2075,u,g,j,j,-inf_to_1.1875,f,t,-inf_to_2.5,f,g,105.0_to_inf,-inf_to_492.0,-
a,All,-inf_to_4.2075,u,g,m,v,1.1875_to_inf,f,t,-inf_to_2.5,t,g,105.0_to_inf,-inf_to_492.0,-
b,All,-inf_to_4.2075,u,g,c,v,1.1875_to_inf,f,t,-inf_to_2.5,t,g,105.0_to_inf,-inf_to_492.0,-
a,All,-inf_to_4.2075,u,g,w,h,-inf_to_1.1875,f,t,2.5_to_inf,f,g,-inf_to_105.0,-inf_to_492.0,-
b,All,-inf_to_4.2075,u,g,k,v,-inf_to_1.1875,f,f,-inf_to_2.5,f,g,105.0_to_inf,-inf_to_492.0,-
b,All,-inf_to_4.2075,u,g,i,h,-inf_to_1.1875,f,f,-inf_to_2.5,t,g,105.0_to_inf,-inf_to_492.0,-
a,All,4.2075_to_inf,u,g,k,h,-inf_to_1.1875,f,f,-inf_to_2.5,f,g,105.0_to_inf,-inf_to_492.0,-
b,All,-inf_to_4.2075,y,p,i,h,-inf_to_1.1875,f,f,-inf_to_2.5,f,g,105.0_to_inf,-inf_to_492.0,-
b,All,4.2075_to_inf,u,g,i,v,-inf_to_1.1875,f,f,-inf_to_2.5,f,g,-inf_to_105.0,-inf_to_492.0,-
b,All,-inf_to_4.2075,y,p,i,v,-inf_to_1.1875,f,f,-inf_to_2.5,t,g,105.0_to_inf,492.0_to_inf,-
b,All,-inf_to_4.2075,u,g,c,v,-inf_to_1.1875,f,f,-inf_to_2.5,f,g,-inf_to_105.0,-inf_to_492.0,-
b,All,-inf_to_4.2075,u,g,d,v,-inf_to_1.1875,f,f,-inf_to_2.5,t,g,-inf_to_105.0,-inf_to_492.0,-
b,All,-inf_to_4.2075,u,g,i,h,-inf_to_1.1875,f,f,-inf_to_2.5,t,g,105.0_to_inf,-inf_to_492.0,-
b,All,-inf_to_4.2075,y,p,i,h,1.1875_to_inf,f,f,-inf_to_2.5,t,s,105.0_to_inf,-inf_to_492.0,-
b,All,4.2075_to_inf,u,g,i,v,-inf_to_1.1875,f,f,-inf_to_2.5,f,g,-inf_to_105.0,-inf_to_492.0,-
,All,-inf_to_4.2075,y,p,,,-inf_to_1.1875,f,f,-inf_to_2.5,f,s,-inf_to_105.0,-inf_to_492.0,-
a,All,-inf_to_4.2075,u,g,i,v,-inf_to_1.1875,f,t,2.5_to_inf,t,g,105.0_to_inf,-inf_to_492.0,-
b,All,-inf_to_4.2075,y,p,k,v,-inf_to_1.1875,f,t,-inf_to_2.5,t,g,105.0_to_inf,-inf_to_492.0,-
a,All,4.2075_to_inf,u,g,aa,v,1.1875_to_inf,f,t,2.5_to_inf,t,g,-inf_to_105.0,-inf_to_492.0,-
b,All,-inf_to_4.2075,y,p,c,v,-inf_to_1.1875,f,t,-inf_to_2.5,f,g,105.0_to_inf,-inf_to_492.0,-
b,All,-inf_to_4.2075,u,g,m,v,-inf_to_1.1875,f,f,-inf_to_2.5,f,s,-inf_to_105.0,-inf_to_492.0,-
b,All,-inf_to_4.2075,y,p,k,v,-inf_to_1.1875,f,f,-inf_to_2.5,f,g,105.0_to_inf,492.0_to_inf,-
b,All,4.2075_to_inf,y,p,aa,v,-inf_to_1.1875,f,f,-inf_to_2.5,t,g,105.0_to_inf,-inf_to_492.0,-
b,All,-inf_to_4.2075,y,p,ff,ff,-inf_to_1.1875,f,f,-inf_to_2.5,t,g,105.0_to_inf,-inf_to_492.0,-
,All,-inf_to_4.2075,u,g,q,v,-inf_to_1.1875,f,f,-inf_to_2.5,t,g,105.0_to_inf,-inf_to_492.0,-
b,All,-inf_to_4.2075,u,g,q,v,1.1875_to_inf,t,t,-inf_to_2.5,t,g,105.0_to_inf,492.0_to_inf,+
b,All,4.2075_to_inf,u,g,m,v,1.1875_to_inf,t,t,2.5_to_inf,f,g,105.0_to_inf,492.0_to_inf,+
a,All,4.2075_to_inf,u,g,c,h,1.1875_to_inf,t,f,-inf_to_2.5,f,g,105.0_to_inf,-inf_to_492.0,+
a,All,4.2075_to_inf,y,p,c,h,1.1875_to_inf,t,f,-inf_to_2.5,f,g,105.0_to_inf,-inf_to_492.0,+
b,All,4.2075_to_inf,u,g,w,v,1.1875_to_inf,t,f,-inf_to_2.5,f,g,105.0_to_inf,492.0_to_inf,+
a,All,-inf_to_4.2075,u,g,x,h,-inf_to_1.1875,t,f,-inf_to_2.5,t,g,105.0_to_inf,492.0_to_inf,+
b,All,4.2075_to_inf,u,g,c,v,1.1875_to_inf,t,t,2.5_to_inf,t,g,-inf_to_105.0,-inf_to_492.0,+
b,All,-inf_to_4.2075,u,g,c,v,1.1875_to_inf,t,t,2.5_to_inf,t,g,105.0_to_inf,-inf_to_492.0,+
b,All,4.2075_to_inf,u,g,c,v,1.1875_to_inf,t,t,2.5_to_inf,f,g,105.0_to_inf,492.0_to_inf,+
b,All,-inf_to_4.2075,u,g,x,v,1.1875_to_inf,t,t,2.5_to_inf,t,g,105.0_to_inf,492.0_to_inf,+
b,All,4.2075_to_inf,u,g,cc,v,1.1875_to_inf,t,t,2.5_to_inf,t,g,-inf_to_105.0,-inf_to_492.0,+
a,All,-inf_to_4.2075,u,g,ff,ff,-inf_to_1.1875,t,t,-inf_to_2.5,f,g,105.0_to_inf,-inf_to_492.0,+
b,All,4.2075_to_inf,u,g,x,v,1.1875_to_inf,t,t,-inf_to_2.5,f,g,105.0_to_inf,-inf_to_492.0,+
a,All,-inf_to_4.2075,u,g,c,v,-inf_to_1.1875,t,t,-inf_to_2.5,t,g,105.0_to_inf,-inf_to_492.0,+
b,All,4.2075_to_inf,u,g,c,v,1.1875_to_inf,t,t,2.5_to_inf,f,g,-inf_to_105.0,492.0_to_inf,+
a,All,4.2075_to_inf,u,g,aa,v,-inf_to_1.1875,t,t,-inf_to_2.5,f,g,-inf_to_105.0,492.0_to_inf,+
a,All,-inf_to_4.2075,u,g,q,h,1.1875_to_inf,t,t,2.5_to_inf,f,g,-inf_to_105.0,492.0_to_inf,+
a,All,4.2075_to_inf,u,g,c,v,1.1875_to_inf,t,t,-inf_to_2.5,f,g,105.0_to_inf,-inf_to_492.0,+
b,All,4.2075_to_inf,y,p,w,v,1.1875_to_inf,t,t,-inf_to_2.5,t,g,-inf_to_105.0,-inf_to_492.0,+
b,All,-inf_to_4.2075,y,p,w,v,1.1875_to_inf,t,t,-inf_to_2.5,t,g,105.0_to_inf,492.0_to_inf,+
a,All,-inf_to_4.2075,u,g,j,j,-inf_to_1.1875,t,f,-inf_to_2.5,f,g,-inf_to_105.0,492.0_to_inf,+
a,All,-inf_to_4.2075,u,g,c,v,1.1875_to_inf,t,f,-inf_to_2.5,f,g,-inf_to_105.0,-inf_to_492.0,+
b,All,4.2075_to_inf,u,g,e,dd,-inf_to_1.1875,t,f,-inf_to_2.5,f,g,-inf_to_105.0,-inf_to_492.0,+
b,All,-inf_to_4.2075,y,p,c,h,1.1875_to_inf,t,f,-inf_to_2.5,f,g,-inf_to_105.0,-inf_to_492.0,+
b,All,4.2075_to_inf,u,g,x,v,1.1875_to_inf,t,f,-inf_to_2.5,f,g,-inf_to_105.0,-inf_to_492.0,+
a,All,4.2075_to_inf,u,g,aa,v,1.1875_to_inf,t,t,2.5_to_inf,f,g,-inf_to_105.0,-inf_to_492.0,+
b,All,-inf_to_4.2075,u,g,c,v,1.1875_to_inf,t,t,2.5_to_inf,t,g,105.0_to_inf,492.0_to_inf,+
b,All,-inf_to_4.2075,u,g,x,v,-inf_to_1.1875,t,t,2.5_to_inf,t,g,105.0_to_inf,-inf_to_492.0,+
,All,4.2075_to_inf,u,g,k,v,1.1875_to_inf,t,t,-inf_to_2.5,f,g,105.0_to_inf,-inf_to_492.0,+
a,All,4.2075_to_inf,u,g,e,dd,1.1875_to_inf,t,t,2.5_to_inf,t,g,-inf_to_105.0,492.0_to_inf,+
b,All,-inf_to_4.2075,u,g,m,v,1.1875_to_inf,t,t,-inf_to_2.5,f,g,105.0_to_inf,492.0_to_inf,+
a,All,-inf_to_4.2075,u,g,q,v,1.1875_to_inf,t,f,-inf_to_2.5,t,g,105.0_to_inf,-inf_to_492.0,-
b,All,-inf_to_4.2075,u,g,c,v,1.1875_to_inf,t,f,-inf_to_2.5,t,g,105.0_to_inf,-inf_to_492.0,-
b,All,-inf_to_4.2075,u,g,k,v,-inf_to_1.1875,t,f,-inf_to_2.5,f,g,105.0_to_inf,-inf_to_492.0,-
a,All,-inf_to_4.2075,u,g,i,bb,-inf_to_1.1875,t,f,-inf_to_2.5,t,g,105.0_to_inf,492.0_to_inf,-
a,All,4.2075_to_inf,u,g,k,h,1.1875_to_inf,t,t,2.5_to_inf,t,g,-inf_to_105.0,-inf_to_492.0,-
b,All,4.2075_to_inf,u,g,q,h,-inf_to_1.1875,t,t,-inf_to_2.5,f,g,105.0_to_inf,-inf_to_492.0,-
a,All,-inf_to_4.2075,u,g,c,h,1.1875_to_inf,t,f,-inf_to_2.5,t,g,105.0_to_inf,-inf_to_492.0,-
a,All,-inf_to_4.2075,u,g,aa,h,1.1875_to_inf,t,f,-inf_to_2.5,f,g,105.0_to_inf,-inf_to_492.0,-
b,All,-inf_to_4.2075,u,g,i,bb,-inf_to_1.1875,t,f,-inf_to_2.5,f,g,105.0_to_inf,-inf_to_492.0,-
b,All,-inf_to_4.2075,u,g,ff,ff,-inf_to_1.1875,t,f,-inf_to_2.5,f,g,105.0_to_inf,-inf_to_492.0,-
b,All,-inf_to_4.2075,u,g,aa,v,1.1875_to_inf,t,f,-inf_to_2.5,t,g,105.0_to_inf,-inf_to_492.0,-
a,All,-inf_to_4.2075,y,p,ff,ff,-inf_to_1.1875,t,f,-inf_to_2.5,f,g,105.0_to_inf,-inf_to_492.0,-
a,All,-inf_to_4.2075,u,g,ff,ff,-inf_to_1.1875,t,f,-inf_to_2.5,f,g,-inf_to_105.0,-inf_to_492.0,-
b,All,-inf_to_4.2075,u,g,x,h,1.1875_to_inf,t,f,-inf_to_2.5,t,g,105.0_to_inf,-inf_to_492.0,-
b,All,-inf_to_4.2075,u,g,w,bb,-inf_to_1.1875,t,f,-inf_to_2.5,t,g,105.0_to_inf,-inf_to_492.0,-
b,All,4.2075_to_inf,u,g,,,-inf_to_1.1875,t,f,-inf_to_2.5,f,g,-inf_to_105.0,-inf_to_492.0,-
b,All,-inf_to_4.2075,y,p,cc,v,1.1875_to_inf,t,f,-inf_to_2.5,t,g,-inf_to_105.0,-inf_to_492.0,-
b,All,-inf_to_4.2075,u,g,i,bb,-inf_to_1.1875,t,f,-inf_to_2.5,f,g,-inf_to_105.0,-inf_to_492.0,-
b,All,-inf_to_4.2075,u,g,w,v,-inf_to_1.1875,t,f,-inf_to_2.5,t,g,105.0_to_inf,-inf_to_492.0,-
b,All,-inf_to_4.2075,y,p,i,bb,-inf_to_1.1875,t,t,2.5_to_inf,t,g,105.0_to_inf,-inf_to_492.0,-
b,All,4.2075_to_inf,y,p,d,v,1.1875_to_inf,t,f,-inf_to_2.5,f,s,-inf_to_105.0,-inf_to_492.0,-
b,All,-inf_to_4.2075,y,p,w,v,1.1875_to_inf,t,t,2.5_to_inf,t,g,105.0_to_inf,-inf_to_492.0,-
b,All,-inf_to_4.2075,u,g,d,h,1.1875_to_inf,t,t,2.5_to_inf,f,g,105.0_to_inf,-inf_to_492.0,+
b,All,-inf_to_4.2075,u,g,x,v,-inf_to_1.1875,t,t,2.5_to_inf,t,g,105.0_to_inf,492.0_to_inf,+
b,All,4.2075_to_inf,u,g,m,v,1.1875_to_inf,t,f,-inf_to_2.5,f,s,105.0_to_inf,-inf_to_492.0,+
b,All,4.2075_to_inf,u,g,i,bb,-inf_to_1.1875,t,t,2.5_to_inf,f,g,-inf_to_105.0,492.0_to_inf,+
b,All,4.2075_to_inf,u,g,r,n,1.1875_to_inf,t,t,2.5_to_inf,t,g,-inf_to_105.0,-inf_to_492.0,+
b,All,-inf_to_4.2075,u,g,w,v,1.1875_to_inf,t,t,2.5_to_inf,f,g,105.0_to_inf,492.0_to_inf,+
a,All,4.2075_to_inf,y,p,x,h,-inf_to_1.1875,t,t,2.5_to_inf,f,g,-inf_to_105.0,-inf_to_492.0,+
b,All,-inf_to_4.2075,u,g,c,h,-inf_to_1.1875,t,t,2.5_to_inf,f,g,105.0_to_inf,492.0_to_inf,+
a,All,-inf_to_4.2075,u,g,w,v,-inf_to_1.1875,t,t,2.5_to_inf,f,g,105.0_to_inf,492.0_to_inf,+
b,All,-inf_to_4.2075,u,g,x,h,-inf_to_1.1875,t,f,-inf_to_2.5,f,g,-inf_to_105.0,492.0_to_inf,+
a,All,-inf_to_4.2075,u,g,q,h,1.1875_to_inf,t,t,2.5_to_inf,t,g,105.0_to_inf,492.0_to_inf,+
a,All,4.2075_to_inf,u,g,cc,h,1.1875_to_inf,t,t,2.5_to_inf,f,g,105.0_to_inf,-inf_to_492.0,+
b,All,-inf_to_4.2075,u,g,x,h,1.1875_to_inf,t,f,-inf_to_2.5,f,g,-inf_to_105.0,492.0_to_inf,+
b,All,-inf_to_4.2075,u,g,c,h,1.1875_to_inf,t,f,-inf_to_2.5,f,g,105.0_to_inf,-inf_to_492.0,+
b,All,4.2075_to_inf,u,g,q,h,1.1875_to_inf,t,f,-inf_to_2.5,t,g,105.0_to_inf,-inf_to_492.0,+
b,All,4.2075_to_inf,u,g,q,h,1.1875_to_inf,t,f,-inf_to_2.5,t,g,-inf_to_105.0,-inf_to_492.0,+
a,All,-inf_to_4.2075,u,g,aa,v,-inf_to_1.1875,t,f,-inf_to_2.5,f,g,-inf_to_105.0,-inf_to_492.0,+
b,All,4.2075_to_inf,u,g,w,h,1.1875_to_inf,t,t,2.5_to_inf,t,g,105.0_to_inf,-inf_to_492.0,+
a,All,-inf_to_4.2075,u,g,x,h,-inf_to_1.1875,t,f,-inf_to_2.5,f,g,105.0_to_inf,-inf_to_492.0,+
b,All,-inf_to_4.2075,y,p,c,v,-inf_to_1.1875,t,t,2.5_to_inf,t,g,105.0_to_inf,-inf_to_492.0,+
a,All,-inf_to_4.2075,u,g,aa,v,-inf_to_1.1875,t,t,2.5_to_inf,f,g,-inf_to_105.0,492.0_to_inf,+
b,All,-inf_to_4.2075,u,g,w,v,1.1875_to_inf,t,t,2.5_to_inf,t,g,-inf_to_105.0,-inf_to_492.0,+
a,All,4.2075_to_inf,u,g,ff,ff,-inf_to_1.1875,t,t,2.5_to_inf,t,g,-inf_to_105.0,492.0_to_inf,+
a,All,4.2075_to_inf,u,g,c,h,-inf_to_1.1875,t,t,2.5_to_inf,f,g,-inf_to_105.0,492.0_to_inf,+
b,All,-inf_to_4.2075,y,p,c,h,1.1875_to_inf,t,t,-inf_to_2.5,t,g,105.0_to_inf,492.0_to_inf,+
b,All,-inf_to_4.2075,u,g,c,v,1.1875_to_inf,t,t,2.5_to_inf,f,g,-inf_to_105.0,492.0_to_inf,+
b,All,4.2075_to_inf,u,g,c,v,-inf_to_1.1875,t,t,2.5_to_inf,f,g,-inf_to_105.0,-inf_to_492.0,+
b,All,-inf_to_4.2075,u,g,c,v,1.1875_to_inf,t,t,2.5_to_inf,f,g,105.0_to_inf,492.0_to_inf,+
b,All,4.2075_to_inf,u,g,m,v,1.1875_to_inf,t,t,2.5_to_inf,t,g,105.0_to_inf,492.0_to_inf,+
b,All,-inf_to_4.2075,u,g,x,v,1.1875_to_inf,t,t,2.5_to_inf,t,g,105.0_to_inf,492.0_to_inf,+
b,All,-inf_to_4.2075,u,g,e,v,-inf_to_1.1875,f,t,-inf_to_2.5,f,s,105.0_to_inf,-inf_to_492.0,+
b,All,4.2075_to_inf,u,g,m,v,-inf_to_1.1875,t,f,-inf_to_2.5,t,g,105.0_to_inf,-inf_to_492.0,+
b,All,4.2075_to_inf,y,p,w,h,1.1875_to_inf,t,f,-inf_to_2.5,t,g,105.0_to_inf,-inf_to_492.0,+
a,All,4.2075_to_inf,y,p,e,z,-inf_to_1.1875,t,f,-inf_to_2.5,f,g,-inf_to_105.0,492.0_to_inf,+
b,All,4.2075_to_inf,u,g,ff,ff,-inf_to_1.1875,t,f,-inf_to_2.5,t,g,-inf_to_105.0,-inf_to_492.0,+
b,All,4.2075_to_inf,u,g,x,h,1.1875_to_inf,t,t,2.5_to_inf,t,g,-inf_to_105.0,492.0_to_inf,+
b,All,4.2075_to_inf,u,g,c,v,1.1875_to_inf,t,t,2.5_to_inf,f,g,-inf_to_105.0,-inf_to_492.0,+
b,All,-inf_to_4.2075,u,g,c,v,-inf_to_1.1875,t,t,2.5_to_inf,t,g,-inf_to_105.0,492.0_to_inf,+
b,All,4.2075_to_inf,u,g,cc,v,1.1875_to_inf,t,t,2.5_to_inf,f,g,105.0_to_inf,492.0_to_inf,+
b,All,-inf_to_4.2075,u,g,c,h,1.1875_to_inf,t,t,2.5_to_inf,t,g,105.0_to_inf,-inf_to_492.0,+
b,All,-inf_to_4.2075,,,,,-inf_to_1.1875,f,f,-inf_to_2.5,f,p,105.0_to_inf,-inf_to_492.0,+
b,All,4.2075_to_inf,u,g,w,v,-inf_to_1.1875,f,f,-inf_to_2.5,t,g,105.0_to_inf,-inf_to_492.0,+
b,All,-inf_to_4.2075,u,g,k,v,-inf_to_1.1875,t,f,-inf_to_2.5,t,g,105.0_to_inf,-inf_to_492.0,+
b,All,-inf_to_4.2075,u,g,c,bb,-inf_to_1.1875,t,f,-inf_to_2.5,f,g,105.0_to_inf,-inf_to_492.0,+
a,All,-inf_to_4.2075,u,g,c,v,1.1875_to_inf,t,t,2.5_to_inf,t,g,105.0_to_inf,492.0_to_inf,+
,All,-inf_to_4.2075,u,g,q,v,-inf_to_1.1875,f,t,-inf_to_2.5,f,g,105.0_to_inf,492.0_to_inf,+
b,All,-inf_to_4.2075,u,g,c,v,1.1875_to_inf,t,t,2.5_to_inf,t,g,105.0_to_inf,492.0_to_inf,+
a,All,-inf_to_4.2075,u,g,k,v,-inf_to_1.1875,t,t,2.5_to_inf,f,g,105.0_to_inf,492.0_to_inf,+
,All,-inf_to_4.2075,y,p,,,-inf_to_1.1875,f,f,-inf_to_2.5,t,g,105.0_to_inf,-inf_to_492.0,-
b,All,-inf_to_4.2075,y,p,k,v,-inf_to_1.1875,f,f,-inf_to_2.5,f,g,105.0_to_inf,-inf_to_492.0,-
b,All,-inf_to_4.2075,u,g,q,v,-inf_to_1.1875,f,f,-inf_to_2.5,f,g,105.0_to_inf,-inf_to_492.0,-
b,All,-inf_to_4.2075,u,g,c,h,-inf_to_1.1875,t,f,-inf_to_2.5,f,g,105.0_to_inf,-inf_to_492.0,-
a,All,-inf_to_4.2075,y,p,k,v,1.1875_to_inf,f,f,-inf_to_2.5,t,g,105.0_to_inf,-inf_to_492.0,-
b,All,-inf_to_4.2075,u,g,c,v,-inf_to_1.1875,f,f,-inf_to_2.5,f,g,-inf_to_105.0,-inf_to_492.0,+
b,All,-inf_to_4.2075,u,g,k,v,-inf_to_1.1875,f,f,-inf_to_2.5,t,g,105.0_to_inf,-inf_to_492.0,-
b,All,-inf_to_4.2075,y,p,d,v,1.1875_to_inf,f,f,-inf_to_2.5,t,g,105.0_to_inf,-inf_to_492.0,-
b,All,-inf_to_4.2075,u,g,x,bb,-inf_to_1.1875,f,f,-inf_to_2.5,t,g,105.0_to_inf,-inf_to_492.0,-
b,All,-inf_to_4.2075,y,p,q,h,1.1875_to_inf,f,t,-inf_to_2.5,t,g,105.0_to_inf,-inf_to_492.0,-
b,All,-inf_to_4.2075,u,g,w,v,-inf_to_1.1875,f,t,-inf_to_2.5,f,g,105.0_to_inf,-inf_to_492.0,-
b,All,4.2075_to_inf,u,g,c,bb,-inf_to_1.1875,f,t,-inf_to_2.5,t,g,105.0_to_inf,-inf_to_492.0,-
a,All,4.2075_to_inf,u,g,c,v,-inf_to_1.1875,f,f,-inf_to_2.5,f,g,105.0_to_inf,-inf_to_492.0,-
b,All,-inf_to_4.2075,u,g,c,h,-inf_to_1.1875,f,t,-inf_to_2.5,t,g,105.0_to_inf,-inf_to_492.0,-
b,All,-inf_to_4.2075,u,g,i,v,1.1875_to_inf,f,t,-inf_to_2.5,t,g,105.0_to_inf,-inf_to_492.0,-
b,All,4.2075_to_inf,y,p,ff,ff,-inf_to_1.1875,f,t,-inf_to_2.5,f,g,105.0_to_inf,-inf_to_492.0,-
b,All,4.2075_to_inf,u,g,m,v,1.1875_to_inf,f,t,-inf_to_2.5,t,g,105.0_to_inf,-inf_to_492.0,-
b,All,4.2075_to_inf,y,p,aa,v,-inf_to_1.1875,t,f,-inf_to_2.5,f,g,105.0_to_inf,-inf_to_492.0,-
b,All,-inf_to_4.2075,u,g,i,v,-inf_to_1.1875,f,f,-inf_to_2.5,f,g,105.0_to_inf,-inf_to_492.0,-
b,All,-inf_to_4.2075,u,g,c,j,1.1875_to_inf,f,f,-inf_to_2.5,t,s,-inf_to_105.0,-inf_to_492.0,+
a,All,-inf_to_4.2075,,,,,-inf_to_1.1875,f,f,-inf_to_2.5,f,p,105.0_to_inf,-inf_to_492.0,+
b,All,-inf_to_4.2075,y,p,cc,v,-inf_to_1.1875,f,f,-inf_to_2.5,f,g,105.0_to_inf,-inf_to_492.0,-
b,All,4.2075_to_inf,u,g,c,v,1.1875_to_inf,f,f,-inf_to_2.5,f,s,-inf_to_105.0,-inf_to_492.0,-
b,All,4.2075_to_inf,y,p,i,bb,-inf_to_1.1875,f,f,-inf_to_2.5,t,g,105.0_to_inf,-inf_to_492.0,-
b,All,-inf_to_4.2075,u,g,ff,ff,-inf_to_1.1875,f,f,-inf_to_2.5,f,g,-inf_to_105.0,492.0_to_inf,-
b,All,4.2075_to_inf,u,g,d,h,-inf_to_1.1875,f,f,-inf_to_2.5,f,g,105.0_to_inf,-inf_to_492.0,-
a,All,-inf_to_4.2075,u,g,w,v,1.1875_to_inf,f,f,-inf_to_2.5,f,g,105.0_to_inf,-inf_to_492.0,-
a,All,-inf_to_4.2075,u,g,q,v,-inf_to_1.1875,f,f,-inf_to_2.5,t,g,105.0_to_inf,492.0_to_inf,-
a,All,-inf_to_4.2075,u,g,m,h,-inf_to_1.1875,f,t,-inf_to_2.5,t,g,105.0_to_inf,-inf_to_492.0,-
a,All,-inf_to_4.2075,u,g,ff,ff,-inf_to_1.1875,f,f,-inf_to_2.5,f,g,-inf_to_105.0,-inf_to_492.0,-
b,All,-inf_to_4.2075,y,p,k,ff,-inf_to_1.1875,f,f,-inf_to_2.5,f,g,105.0_to_inf,-inf_to_492.0,-
a,All,-inf_to_4.2075,u,g,w,v,-inf_to_1.1875,f,t,-inf_to_2.5,t,g,105.0_to_inf,-inf_to_492.0,-
b,All,-inf_to_4.2075,u,g,c,n,-inf_to_1.1875,f,t,-inf_to_2.5,t,g,105.0_to_inf,492.0_to_inf,-
b,All,-inf_to_4.2075,y,p,m,v,-inf_to_1.1875,f,f,-inf_to_2.5,t,g,105.0_to_inf,-inf_to_492.0,-
b,All,4.2075_to_inf,u,g,aa,v,-inf_to_1.1875,f,f,-inf_to_2.5,f,g,-inf_to_105.0,-inf_to_492.0,-
b,All,-inf_to_4.2075,u,g,aa,v,-inf_to_1.1875,f,f,-inf_to_2.5,t,g,-inf_to_105.0,-inf_to_492.0,-
b,All,-inf_to_4.2075,u,g,k,v,1.1875_to_inf,f,f,-inf_to_2.5,t,g,105.0_to_inf,-inf_to_492.0,-
b,All,-inf_to_4.2075,u,g,i,bb,1.1875_to_inf,f,f,-inf_to_2.5,t,g,105.0_to_inf,-inf_to_492.0,-
,All,-inf_to_4.2075,y,p,cc,v,1.1875_to_inf,f,f,-inf_to_2.5,t,g,105.0_to_inf,-inf_to_492.0,-
b,All,-inf_to_4.2075,y,p,aa,v,1.1875_to_inf,f,f,-inf_to_2.5,t,g,105.0_to_inf,-inf_to_492.0,-
a,All,4.2075_to_inf,u,g,aa,h,1.1875_to_inf,f,f,-inf_to_2.5,f,g,-inf_to_105.0,-inf_to_492.0,-
b,All,-inf_to_4.2075,y,p,w,v,-inf_to_1.1875,f,f,-inf_to_2.5,t,g,105.0_to_inf,-inf_to_492.0,-
b,All,-inf_to_4.2075,u,g,cc,v,-inf_to_1.1875,f,f,-inf_to_2.5,t,g,-inf_to_105.0,492.0_to_inf,-
a,All,4.2075_to_inf,u,g,c,v,-inf_to_1.1875,f,f,-inf_to_2.5,f,g,-inf_to_105.0,-inf_to_492.0,-
b,All,4.2075_to_inf,u,g,aa,v,-inf_to_1.1875,f,f,-inf_to_2.5,t,g,-inf_to_105.0,-inf_to_492.0,-
b,All,-inf_to_4.2075,u,g,k,h,1.1875_to_inf,f,f,-inf_to_2.5,t,g,105.0_to_inf,-inf_to_492.0,-
b,All,-inf_to_4.2075,u,g,i,bb,-inf_to_1.1875,f,f,-inf_to_2.5,f,g,-inf_to_105.0,-inf_to_492.0,-
a,All,4.2075_to_inf,u,g,q,v,-inf_to_1.1875,f,t,-inf_to_2.5,t,g,-inf_to_105.0,-inf_to_492.0,-
a,All,-inf_to_4.2075,u,g,i,v,-inf_to_1.1875,f,f,-inf_to_2.5,t,s,105.0_to_inf,-inf_to_492.0,-
b,All,4.2075_to_inf,u,g,i,v,-inf_to_1.1875,t,f,-inf_to_2.5,t,g,-inf_to_105.0,-inf_to_492.0,-
a,All,-inf_to_4.2075,u,g,q,v,-inf_to_1.1875,f,t,-inf_to_2.5,t,g,105.0_to_inf,-inf_to_492.0,-
a,All,4.2075_to_inf,y,p,ff,ff,-inf_to_1.1875,f,f,-inf_to_2.5,f,g,-inf_to_105.0,-inf_to_492.0,-
b,All,-inf_to_4.2075,u,g,c,h,1.1875_to_inf,f,t,-inf_to_2.5,t,g,105.0_to_inf,-inf_to_492.0,-
a,All,-inf_to_4.2075,u,g,aa,v,-inf_to_1.1875,f,f,-inf_to_2.5,f,g,-inf_to_105.0,-inf_to_492.0,-
a,All,-inf_to_4.2075,u,g,c,v,-inf_to_1.1875,f,f,-inf_to_2.5,f,g,105.0_to_inf,-inf_to_492.0,-
a,All,-inf_to_4.2075,u,g,c,v,-inf_to_1.1875,f,t,-inf_to_2.5,t,g,-inf_to_105.0,-inf_to_492.0,-
b,All,4.2075_to_inf,u,g,aa,v,-inf_to_1.1875,f,f,-inf_to_2.5,f,g,-inf_to_105.0,-inf_to_492.0,-
a,All,-inf_to_4.2075,u,g,w,v,-inf_to_1.1875,f,f,-inf_to_2.5,t,g,105.0_to_inf,-inf_to_492.0,-
b,All,-inf_to_4.2075,y,p,w,v,-inf_to_1.1875,f,f,-inf_to_2.5,f,s,105.0_to_inf,-inf_to_492.0,-
b,All,-inf_to_4.2075,y,p,m,v,-inf_to_1.1875,f,f,-inf_to_2.5,f,g,-inf_to_105.0,-inf_to_492.0,-
a,All,4.2075_to_inf,u,g,c,v,-inf_to_1.1875,f,f,-inf_to_2.5,t,g,105.0_to_inf,-inf_to_492.0,-
a,All,-inf_to_4.2075,u,g,c,v,1.1875_to_inf,f,t,-inf_to_2.5,t,g,-inf_to_105.0,-inf_to_492.0,-
b,All,-inf_to_4.2075,u,g,d,h,-inf_to_1.1875,f,f,-inf_to_2.5,t,s,105.0_to_inf,-inf_to_492.0,-
b,All,-inf_to_4.2075,y,p,ff,ff,1.1875_to_inf,f,f,-inf_to_2.5,f,g,105.0_to_inf,-inf_to_492.0,-
b,All,4.2075_to_inf,u,g,w,v,1.1875_to_inf,f,f,-inf_to_2.5,f,g,105.0_to_inf,-inf_to_492.0,-
b,All,4.2075_to_inf,u,g,cc,v,-inf_to_1.1875,f,f,-inf_to_2.5,f,g,-inf_to_105.0,-inf_to_492.0,-
a,All,-inf_to_4.2075,u,g,aa,v,-inf_to_1.1875,f,f,-inf_to_2.5,t,g,105.0_to_inf,-inf_to_492.0,-
,All,-inf_to_4.2075,y,p,e,h,1.1875_to_inf,f,f,-inf_to_2.5,f,g,105.0_to_inf,-inf_to_492.0,-
a,All,-inf_to_4.2075,u,g,i,h,-inf_to_1.1875,f,f,-inf_to_2.5,f,g,105.0_to_inf,-inf_to_492.0,-
a,All,-inf_to_4.2075,u,g,aa,v,-inf_to_1.1875,f,f,-inf_to_2.5,f,g,105.0_to_inf,-inf_to_492.0,-
a,All,4.2075_to_inf,u,g,q,h,-inf_to_1.1875,f,t,2.5_to_inf,t,g,105.0_to_inf,-inf_to_492.0,-
b,All,4.2075_to_inf,u,g,m,v,-inf_to_1.1875,f,t,-inf_to_2.5,f,g,-inf_to_105.0,-inf_to_492.0,-
a,All,4.2075_to_inf,u,g,ff,ff,-inf_to_1.1875,f,f,-inf_to_2.5,f,g,-inf_to_105.0,-inf_to_492.0,-
a,All,-inf_to_4.2075,u,g,c,v,-inf_to_1.1875,f,f,-inf_to_2.5,f,g,-inf_to_105.0,-inf_to_492.0,-
b,All,-inf_to_4.2075,u,g,k,v,-inf_to_1.1875,f,f,-inf_to_2.5,f,g,105.0_to_inf,-inf_to_492.0,-
b,All,-inf_to_4.2075,y,p,d,h,1.1875_to_inf,f,f,-inf_to_2.5,f,g,105.0_to_inf,492.0_to_inf,-
b,All,-inf_to_4.2075,u,g,i,v,-inf_to_1.1875,f,f,-inf_to_2.5,t,g,105.0_to_inf,-inf_to_492.0,-
b,All,-inf_to_4.2075,y,p,d,v,-inf_to_1.1875,f,f,-inf_to_2.5,f,g,105.0_to_inf,-inf_to_492.0,-
b,All,-inf_to_4.2075,u,g,m,v,1.1875_to_inf,f,f,-inf_to_2.5,t,s,105.0_to_inf,-inf_to_492.0,-
b,All,4.2075_to_inf,y,p,e,h,1.1875_to_inf,f,f,-inf_to_2.5,f,g,105.0_to_inf,-inf_to_492.0,-
a,All,4.2075_to_inf,y,p,ff,ff,1.1875_to_inf,f,t,-inf_to_2.5,t,g,105.0_to_inf,-inf_to_492.0,-
b,All,-inf_to_4.2075,u,g,aa,v,-inf_to_1.1875,f,f,-inf_to_2.5,f,g,105.0_to_inf,492.0_to_inf,-
b,All,-inf_to_4.2075,u,g,c,h,1.1875_to_inf,f,f,-inf_to_2.5,t,g,-inf_to_105.0,-inf_to_492.0,-
