plas,preg,mass,insu,skin,pedi,age,pres,class
123.5_to_154.5,-inf_to_6.5,27.35_to_inf,-inf_to_14.5,All,All,28.5_to_inf,All,tested_positive
-inf_to_99.5,-inf_to_6.5,-inf_to_27.35,-inf_to_14.5,All,All,28.5_to_inf,All,tested_negative
154.5_to_inf,6.5_to_inf,-inf_to_27.35,-inf_to_14.5,All,All,28.5_to_inf,All,tested_positive
-inf_to_99.5,-inf_to_6.5,27.35_to_inf,14.5_to_112.0,All,All,-inf_to_28.5,All,tested_negative
123.5_to_154.5,-inf_to_6.5,27.35_to_inf,142.0_to_inf,All,All,28.5_to_inf,All,tested_positive
99.5_to_123.5,-inf_to_6.5,-inf_to_27.35,-inf_to_14.5,All,All,28.5_to_inf,All,tested_negative
-inf_to_99.5,-inf_to_6.5,27.35_to_inf,14.5_to_112.0,All,All,-inf_to_28.5,All,tested_positive
99.5_to_123.5,6.5_to_inf,27.35_to_inf,-inf_to_14.5,All,All,28.5_to_inf,All,tested_negative
123.5_to_154.5,6.5_to_inf,-inf_to_27.35,-inf_to_14.5,All,All,28.5_to_inf,All,tested_positive
99.5_to_123.5,-inf_to_6.5,27.35_to_inf,-inf_to_14.5,All,All,28.5_to_inf,All,tested_negative
154.5_to_inf,6.5_to_inf,27.35_to_inf,-inf_to_14.5,All,All,28.5_to_inf,All,tested_positive
123.5_to_154.5,6.5_to_inf,-inf_to_27.35,-inf_to_14.5,All,All,28.5_to_inf,All,tested_negative
154.5_to_inf,-inf_to_6.5,27.35_to_inf,142.0_to_inf,All,All,28.5_to_inf,All,tested_positive
154.5_to_inf,-inf_to_6.5,-inf_to_27.35,142.0_to_inf,All,All,28.5_to_inf,All,tested_positive
99.5_to_123.5,6.5_to_inf,27.35_to_inf,-inf_to_14.5,All,All,28.5_to_inf,All,tested_positive
99.5_to_123.5,-inf_to_6.5,27.35_to_inf,142.0_to_inf,All,All,28.5_to_inf,All,tested_positive
99.5_to_123.5,6.5_to_inf,27.35_to_inf,-inf_to_14.5,All,All,28.5_to_inf,All,tested_positive
99.5_to_123.5,-inf_to_6.5,27.35_to_inf,14.5_to_112.0,All,All,28.5_to_inf,All,tested_negative
99.5_to_123.5,-inf_to_6.5,27.35_to_inf,14.5_to_112.0,All,All,28.5_to_inf,All,tested_positive
123.5_to_154.5,-inf_to_6.5,27.35_to_inf,142.0_to_inf,All,All,-inf_to_28.5,All,tested_negative
-inf_to_99.5,6.5_to_inf,27.35_to_inf,-inf_to_14.5,All,All,28.5_to_inf,All,tested_negative
154.5_to_inf,6.5_to_inf,27.35_to_inf,-inf_to_14.5,All,All,28.5_to_inf,All,tested_positive
99.5_to_123.5,6.5_to_inf,27.35_to_inf,-inf_to_14.5,All,All,28.5_to_inf,All,tested_positive
123.5_to_154.5,6.5_to_inf,27.35_to_inf,142.0_to_inf,All,All,28.5_to_inf,All,tested_positive
123.5_to_154.5,6.5_to_inf,27.35_to_inf,112.0_to_142.0,All,All,28.5_to_inf,All,tested_positive
123.5_to_154.5,6.5_to_inf,27.35_to_inf,-inf_to_14.5,All,All,28.5_to_inf,All,tested_positive
-inf_to_99.5,-inf_to_6.5,-inf_to_27.35,112.0_to_142.0,All,All,-inf_to_28.5,All,tested_negative
123.5_to_154.5,6.5_to_inf,-inf_to_27.35,14.5_to_112.0,All,All,28.5_to_inf,All,tested_negative
99.5_to_123.5,-inf_to_6.5,27.35_to_inf,-inf_to_14.5,All,All,28.5_to_inf,All,tested_negative
99.5_to_123.5,-inf_to_6.5,27.35_to_inf,-inf_to_14.5,All,All,28.5_to_inf,All,tested_negative
154.5_to_inf,-inf_to_6.5,27.35_to_inf,142.0_to_inf,All,All,-inf_to_28.5,All,tested_positive
-inf_to_99.5,-inf_to_6.5,-inf_to_27.35,14.5_to_112.0,All,All,-inf_to_28.5,All,tested_negative
-inf_to_99.5,-inf_to_6.5,-inf_to_27.35,-inf_to_14.5,All,All,-inf_to_28.5,All,tested_negative
99.5_to_123.5,6.5_to_inf,27.35_to_inf,-inf_to_14.5,All,All,28.5_to_inf,All,tested_negative
99.5_to_123.5,-inf_to_6.5,-inf_to_27.35,142.0_to_inf,All,All,28.5_to_inf,All,tested_negative
123.5_to_154.5,6.5_to_inf,27.35_to_inf,-inf_to_14.5,All,All,28.5_to_inf,All,tested_negative
99.5_to_123.5,6.5_to_inf,27.35_to_inf,-inf_to_14.5,All,All,28.5_to_inf,All,tested_positive
-inf_to_99.5,-inf_to_6.5,27.35_to_inf,-inf_to_14.5,All,All,-inf_to_28.5,All,tested_positive
99.5_to_123.5,-inf_to_6.5,27.35_to_inf,142.0_to_inf,All,All,28.5_to_inf,All,tested_positive
154.5_to_inf,-inf_to_6.5,27.35_to_inf,14.5_to_112.0,All,All,-inf_to_28.5,All,tested_negative
123.5_to_154.5,6.5_to_inf,27.35_to_inf,-inf_to_14.5,All,All,28.5_to_inf,All,tested_negative
99.5_to_123.5,6.5_to_inf,-inf_to_27.35,-inf_to_14.5,All,All,28.5_to_inf,All,tested_negative
154.5_to_inf,6.5_to_inf,27.35_to_inf,-inf_to_14.5,All,All,28.5_to_inf,All,tested_negative
154.5_to_inf,-inf_to_6.5,27.35_to_inf,-inf_to_14.5,All,All,-inf_to_28.5,All,tested_positive
123.5_to_154.5,-inf_to_6.5,27.35_to_inf,-inf_to_14.5,All,All,28.5_to_inf,All,tested_negative
-inf_to_99.5,-inf_to_6.5,27.35_to_inf,-inf_to_14.5,All,All,-inf_to_28.5,All,tested_negative
99.5_to_123.5,6.5_to_inf,27.35_to_inf,-inf_to_14.5,All,All,28.5_to_inf,All,tested_positive
99.5_to_123.5,6.5_to_inf,-inf_to_27.35,-inf_to_14.5,All,All,-inf_to_28.5,All,tested_negative
99.5_to_123.5,-inf_to_6.5,-inf_to_27.35,14.5_to_112.0,All,All,-inf_to_28.5,All,tested_negative
99.5_to_123.5,-inf_to_6.5,-inf_to_27.35,14.5_to_112.0,All,All,-inf_to_28.5,All,tested_negative
-inf_to_99.5,-inf_to_6.5,-inf_to_27.35,14.5_to_112.0,All,All,28.5_to_inf,All,tested_negative
154.5_to_inf,6.5_to_inf,27.35_to_inf,142.0_to_inf,All,All,28.5_to_inf,All,tested_positive
-inf_to_99.5,-inf_to_6.5,-inf_to_27.35,-inf_to_14.5,All,All,-inf_to_28.5,All,tested_negative
99.5_to_123.5,-inf_to_6.5,27.35_to_inf,14.5_to_112.0,All,All,28.5_to_inf,All,tested_negative
-inf_to_99.5,-inf_to_6.5,-inf_to_27.35,-inf_to_14.5,All,All,-inf_to_28.5,All,tested_negative
123.5_to_154.5,6.5_to_inf,27.35_to_inf,-inf_to_14.5,All,All,28.5_to_inf,All,tested_positive
-inf_to_99.5,-inf_to_6.5,-inf_to_27.35,-inf_to_14.5,All,All,28.5_to_inf,All,tested_negative
123.5_to_154.5,-inf_to_6.5,-inf_to_27.35,112.0_to_142.0,All,All,-inf_to_28.5,All,tested_negative
99.5_to_123.5,6.5_to_inf,27.35_to_inf,-inf_to_14.5,All,All,28.5_to_inf,All,tested_positive
-inf_to_99.5,-inf_to_6.5,27.35_to_inf,-inf_to_14.5,All,All,28.5_to_inf,All,tested_negative
99.5_to_123.5,-inf_to_6.5,27.35_to_inf,-inf_to_14.5,All,All,28.5_to_inf,All,tested_positive
99.5_to_123.5,-inf_to_6.5,27.35_to_inf,-inf_to_14.5,All,All,28.5_to_inf,All,tested_negative
123.5_to_154.5,-inf_to_6.5,27.35_to_inf,14.5_to_112.0,All,All,-inf_to_28.5,All,tested_negative
99.5_to_123.5,-inf_to_6.5,27.35_to_inf,14.5_to_112.0,All,All,-inf_to_28.5,All,tested_positive
123.5_to_154.5,-inf_to_6.5,27.35_to_inf,112.0_to_142.0,All,All,-inf_to_28.5,All,tested_negative
123.5_to_154.5,6.5_to_inf,27.35_to_inf,-inf_to_14.5,All,All,28.5_to_inf,All,tested_positive
123.5_to_154.5,-inf_to_6.5,27.35_to_inf,142.0_to_inf,All,All,-inf_to_28.5,All,tested_negative
-inf_to_99.5,-inf_to_6.5,-inf_to_27.35,-inf_to_14.5,All,All,-inf_to_28.5,All,tested_negative
-inf_to_99.5,6.5_to_inf,27.35_to_inf,-inf_to_14.5,All,All,28.5_to_inf,All,tested_negative
-inf_to_99.5,-inf_to_6.5,27.35_to_inf,-inf_to_14.5,All,All,-inf_to_28.5,All,tested_negative
123.5_to_154.5,-inf_to_6.5,27.35_to_inf,-inf_to_14.5,All,All,-inf_to_28.5,All,tested_positive
99.5_to_123.5,-inf_to_6.5,-inf_to_27.35,-inf_to_14.5,All,All,-inf_to_28.5,All,tested_negative
99.5_to_123.5,-inf_to_6.5,-inf_to_27.35,-inf_to_14.5,All,All,-inf_to_28.5,All,tested_negative
-inf_to_99.5,-inf_to_6.5,-inf_to_27.35,-inf_to_14.5,All,All,-inf_to_28.5,All,tested_negative
-inf_to_99.5,6.5_to_inf,27.35_to_inf,14.5_to_112.0,All,All,28.5_to_inf,All,tested_negative
99.5_to_123.5,-inf_to_6.5,-inf_to_27.35,-inf_to_14.5,All,All,-inf_to_28.5,All,tested_negative
123.5_to_154.5,-inf_to_6.5,27.35_to_inf,-inf_to_14.5,All,All,28.5_to_inf,All,tested_positive
99.5_to_123.5,-inf_to_6.5,27.35_to_inf,112.0_to_142.0,All,All,-inf_to_28.5,All,tested_negative
99.5_to_123.5,6.5_to_inf,27.35_to_inf,-inf_to_14.5,All,All,28.5_to_inf,All,tested_negative
123.5_to_154.5,6.5_to_inf,27.35_to_inf,14.5_to_112.0,All,All,28.5_to_inf,All,tested_positive
99.5_to_123.5,-inf_to_6.5,-inf_to_27.35,-inf_to_14.5,All,All,-inf_to_28.5,All,tested_negative
-inf_to_99.5,-inf_to_6.5,-inf_to_27.35,-inf_to_14.5,All,All,-inf_to_28.5,All,tested_negative
99.5_to_123.5,-inf_to_6.5,27.35_to_inf,142.0_to_inf,All,All,28.5_to_inf,All,tested_negative
123.5_to_154.5,-inf_to_6.5,-inf_to_27.35,-inf_to_14.5,All,All,28.5_to_inf,All,tested_positive
123.5_to_154.5,-inf_to_6.5,-inf_to_27.35,14.5_to_112.0,All,All,-inf_to_28.5,All,tested_negative
123.5_to_154.5,-inf_to_6.5,27.35_to_inf,142.0_to_inf,All,All,28.5_to_inf,All,tested_negative
-inf_to_99.5,-inf_to_6.5,27.35_to_inf,-inf_to_14.5,All,All,-inf_to_28.5,All,tested_negative
-inf_to_99.5,-inf_to_6.5,-inf_to_27.35,14.5_to_112.0,All,All,-inf_to_28.5,All,tested_negative
-inf_to_99.5,-inf_to_6.5,27.35_to_inf,14.5_to_112.0,All,All,-inf_to_28.5,All,tested_negative
99.5_to_123.5,-inf_to_6.5,27.35_to_inf,142.0_to_inf,All,All,28.5_to_inf,All,tested_positive
154.5_to_inf,-inf_to_6.5,27.35_to_inf,-inf_to_14.5,All,All,28.5_to_inf,All,tested_positive
123.5_to_154.5,-inf_to_6.5,-inf_to_27.35,-inf_to_14.5,All,All,-inf_to_28.5,All,tested_negative
123.5_to_154.5,-inf_to_6.5,-inf_to_27.35,-inf_to_14.5,All,All,-inf_to_28.5,All,tested_negative
-inf_to_99.5,-inf_to_6.5,-inf_to_27.35,14.5_to_112.0,All,All,-inf_to_28.5,All,tested_negative
-inf_to_99.5,-inf_to_6.5,27.35_to_inf,-inf_to_14.5,All,All,-inf_to_28.5,All,tested_negative
123.5_to_154.5,-inf_to_6.5,27.35_to_inf,142.0_to_inf,All,All,-inf_to_28.5,All,tested_negative
-inf_to_99.5,-inf_to_6.5,-inf_to_27.35,-inf_to_14.5,All,All,-inf_to_28.5,All,tested_negative
123.5_to_154.5,-inf_to_6.5,27.35_to_inf,112.0_to_142.0,All,All,28.5_to_inf,All,tested_negative
-inf_to_99.5,-inf_to_6.5,27.35_to_inf,14.5_to_112.0,All,All,-inf_to_28.5,All,tested_negative
-inf_to_99.5,-inf_to_6.5,27.35_to_inf,14.5_to_112.0,All,All,-inf_to_28.5,All,tested_positive
154.5_to_inf,-inf_to_6.5,27.35_to_inf,112.0_to_142.0,All,All,-inf_to_28.5,All,tested_positive
154.5_to_inf,6.5_to_inf,27.35_to_inf,142.0_to_inf,All,All,28.5_to_inf,All,tested_positive
-inf_to_99.5,-inf_to_6.5,27.35_to_inf,14.5_to_112.0,All,All,-inf_to_28.5,All,tested_negative
-inf_to_99.5,-inf_to_6.5,27.35_to_inf,-inf_to_14.5,All,All,-inf_to_28.5,All,tested_negative
154.5_to_inf,6.5_to_inf,27.35_to_inf,142.0_to_inf,All,All,28.5_to_inf,All,tested_positive
123.5_to_154.5,-inf_to_6.5,27.35_to_inf,-inf_to_14.5,All,All,28.5_to_inf,All,tested_positive
123.5_to_154.5,-inf_to_6.5,27.35_to_inf,-inf_to_14.5,All,All,28.5_to_inf,All,tested_positive
-inf_to_99.5,-inf_to_6.5,27.35_to_inf,-inf_to_14.5,All,All,-inf_to_28.5,All,tested_negative
-inf_to_99.5,-inf_to_6.5,27.35_to_inf,-inf_to_14.5,All,All,-inf_to_28.5,All,tested_negative
-inf_to_99.5,-inf_to_6.5,-inf_to_27.35,14.5_to_112.0,All,All,-inf_to_28.5,All,tested_negative
154.5_to_inf,-inf_to_6.5,27.35_to_inf,14.5_to_112.0,All,All,-inf_to_28.5,All,tested_positive
99.5_to_123.5,-inf_to_6.5,27.35_to_inf,-inf_to_14.5,All,All,-inf_to_28.5,All,tested_negative
99.5_to_123.5,-inf_to_6.5,27.35_to_inf,14.5_to_112.0,All,All,-inf_to_28.5,All,tested_negative
123.5_to_154.5,-inf_to_6.5,-inf_to_27.35,-inf_to_14.5,All,All,28.5_to_inf,All,tested_negative
99.5_to_123.5,-inf_to_6.5,27.35_to_inf,-inf_to_14.5,All,All,-inf_to_28.5,All,tested_positive
99.5_to_123.5,-inf_to_6.5,27.35_to_inf,112.0_to_142.0,All,All,28.5_to_inf,All,tested_negative
99.5_to_123.5,-inf_to_6.5,27.35_to_inf,14.5_to_112.0,All,All,-inf_to_28.5,All,tested_negative
99.5_to_123.5,-inf_to_6.5,27.35_to_inf,-inf_to_14.5,All,All,28.5_to_inf,All,tested_positive
154.5_to_inf,-inf_to_6.5,27.35_to_inf,142.0_to_inf,All,All,28.5_to_inf,All,tested_positive
99.5_to_123.5,6.5_to_inf,27.35_to_inf,-inf_to_14.5,All,All,28.5_to_inf,All,tested_positive
-inf_to_99.5,6.5_to_inf,27.35_to_inf,-inf_to_14.5,All,All,28.5_to_inf,All,tested_negative
123.5_to_154.5,-inf_to_6.5,27.35_to_inf,112.0_to_142.0,All,All,28.5_to_inf,All,tested_negative
-inf_to_99.5,-inf_to_6.5,27.35_to_inf,14.5_to_112.0,All,All,-inf_to_28.5,All,tested_negative
123.5_to_154.5,-inf_to_6.5,27.35_to_inf,-inf_to_14.5,All,All,28.5_to_inf,All,tested_negative
99.5_to_123.5,-inf_to_6.5,27.35_to_inf,142.0_to_inf,All,All,-inf_to_28.5,All,tested_negative
123.5_to_154.5,-inf_to_6.5,-inf_to_27.35,-inf_to_14.5,All,All,28.5_to_inf,All,tested_negative
99.5_to_123.5,-inf_to_6.5,27.35_to_inf,-inf_to_14.5,All,All,28.5_to_inf,All,tested_negative
99.5_to_123.5,-inf_to_6.5,27.35_to_inf,14.5_to_112.0,All,All,-inf_to_28.5,All,tested_negative
99.5_to_123.5,6.5_to_inf,27.35_to_inf,-inf_to_14.5,All,All,28.5_to_inf,All,tested_positive
99.5_to_123.5,-inf_to_6.5,-inf_to_27.35,-inf_to_14.5,All,All,-inf_to_28.5,All,tested_negative
-inf_to_99.5,6.5_to_inf,27.35_to_inf,-inf_to_14.5,All,All,28.5_to_inf,All,tested_negative
99.5_to_123.5,-inf_to_6.5,27.35_to_inf,112.0_to_142.0,All,All,28.5_to_inf,All,tested_negative
123.5_to_154.5,-inf_to_6.5,27.35_to_inf,-inf_to_14.5,All,All,28.5_to_inf,All,tested_negative
-inf_to_99.5,-inf_to_6.5,-inf_to_27.35,-inf_to_14.5,All,All,-inf_to_28.5,All,tested_negative
123.5_to_154.5,-inf_to_6.5,27.35_to_inf,142.0_to_inf,All,All,-inf_to_28.5,All,tested_negative
99.5_to_123.5,-inf_to_6.5,-inf_to_27.35,-inf_to_14.5,All,All,28.5_to_inf,All,tested_negative
154.5_to_inf,6.5_to_inf,27.35_to_inf,142.0_to_inf,All,All,28.5_to_inf,All,tested_positive
123.5_to_154.5,-inf_to_6.5,27.35_to_inf,142.0_to_inf,All,All,-inf_to_28.5,All,tested_negative
154.5_to_inf,6.5_to_inf,27.35_to_inf,-inf_to_14.5,All,All,28.5_to_inf,All,tested_positive
123.5_to_154.5,6.5_to_inf,27.35_to_inf,-inf_to_14.5,All,All,28.5_to_inf,All,tested_positive
-inf_to_99.5,-inf_to_6.5,-inf_to_27.35,14.5_to_112.0,All,All,-inf_to_28.5,All,tested_negative
99.5_to_123.5,-inf_to_6.5,-inf_to_27.35,112.0_to_142.0,All,All,-inf_to_28.5,All,tested_negative
-inf_to_99.5,-inf_to_6.5,27.35_to_inf,14.5_to_112.0,All,All,-inf_to_28.5,All,tested_negative
154.5_to_inf,6.5_to_inf,27.35_to_inf,112.0_to_142.0,All,All,28.5_to_inf,All,tested_positive
123.5_to_154.5,-inf_to_6.5,27.35_to_inf,-inf_to_14.5,All,All,28.5_to_inf,All,tested_negative
99.5_to_123.5,6.5_to_inf,27.35_to_inf,14.5_to_112.0,All,All,28.5_to_inf,All,tested_negative
99.5_to_123.5,-inf_to_6.5,27.35_to_inf,-inf_to_14.5,All,All,-inf_to_28.5,All,tested_negative
123.5_to_154.5,-inf_to_6.5,27.35_to_inf,-inf_to_14.5,All,All,28.5_to_inf,All,tested_positive
99.5_to_123.5,-inf_to_6.5,27.35_to_inf,142.0_to_inf,All,All,28.5_to_inf,All,tested_positive
123.5_to_154.5,-inf_to_6.5,27.35_to_inf,-inf_to_14.5,All,All,-inf_to_28.5,All,tested_negative
99.5_to_123.5,-inf_to_6.5,27.35_to_inf,-inf_to_14.5,All,All,28.5_to_inf,All,tested_negative
99.5_to_123.5,-inf_to_6.5,27.35_to_inf,-inf_to_14.5,All,All,28.5_to_inf,All,tested_negative
99.5_to_123.5,-inf_to_6.5,27.35_to_inf,14.5_to_112.0,All,All,28.5_to_inf,All,tested_negative
99.5_to_123.5,-inf_to_6.5,27.35_to_inf,-inf_to_14.5,All,All,28.5_to_inf,All,tested_positive
123.5_to_154.5,-inf_to_6.5,27.35_to_inf,112.0_to_142.0,All,All,28.5_to_inf,All,tested_positive
-inf_to_99.5,-inf_to_6.5,27.35_to_inf,-inf_to_14.5,All,All,-inf_to_28.5,All,tested_negative
-inf_to_99.5,-inf_to_6.5,27.35_to_inf,14.5_to_112.0,All,All,-inf_to_28.5,All,tested_negative
-inf_to_99.5,-inf_to_6.5,27.35_to_inf,14.5_to_112.0,All,All,28.5_to_inf,All,tested_negative
-inf_to_99.5,-inf_to_6.5,27.35_to_inf,-inf_to_14.5,All,All,28.5_to_inf,All,tested_negative
123.5_to_154.5,-inf_to_6.5,27.35_to_inf,112.0_to_142.0,All,All,-inf_to_28.5,All,tested_positive
123.5_to_154.5,-inf_to_6.5,27.35_to_inf,-inf_to_14.5,All,All,28.5_to_inf,All,tested_negative
123.5_to_154.5,-inf_to_6.5,27.35_to_inf,-inf_to_14.5,All,All,28.5_to_inf,All,tested_positive
-inf_to_99.5,-inf_to_6.5,-inf_to_27.35,-inf_to_14.5,All,All,28.5_to_inf,All,tested_negative
99.5_to_123.5,-inf_to_6.5,27.35_to_inf,14.5_to_112.0,All,All,-inf_to_28.5,All,tested_negative
-inf_to_99.5,-inf_to_6.5,27.35_to_inf,14.5_to_112.0,All,All,-inf_to_28.5,All,tested_negative
123.5_to_154.5,-inf_to_6.5,27.35_to_inf,-inf_to_14.5,All,All,28.5_to_inf,All,tested_negative
154.5_to_inf,6.5_to_inf,27.35_to_inf,-inf_to_14.5,All,All,28.5_to_inf,All,tested_positive
154.5_to_inf,6.5_to_inf,27.35_to_inf,142.0_to_inf,All,All,28.5_to_inf,All,tested_positive
123.5_to_154.5,-inf_to_6.5,27.35_to_inf,14.5_to_112.0,All,All,28.5_to_inf,All,tested_positive
99.5_to_123.5,6.5_to_inf,27.35_to_inf,112.0_to_142.0,All,All,28.5_to_inf,All,tested_positive
123.5_to_154.5,-inf_to_6.5,27.35_to_inf,142.0_to_inf,All,All,-inf_to_28.5,All,tested_positive
99.5_to_123.5,6.5_to_inf,27.35_to_inf,14.5_to_112.0,All,All,28.5_to_inf,All,tested_negative
154.5_to_inf,6.5_to_inf,27.35_to_inf,-inf_to_14.5,All,All,28.5_to_inf,All,tested_positive
123.5_to_154.5,6.5_to_inf,27.35_to_inf,-inf_to_14.5,All,All,28.5_to_inf,All,tested_positive
-inf_to_99.5,6.5_to_inf,-inf_to_27.35,-inf_to_14.5,All,All,28.5_to_inf,All,tested_negative
154.5_to_inf,-inf_to_6.5,27.35_to_inf,142.0_to_inf,All,All,28.5_to_inf,All,tested_positive
99.5_to_123.5,-inf_to_6.5,-inf_to_27.35,-inf_to_14.5,All,All,-inf_to_28.5,All,tested_negative
99.5_to_123.5,-inf_to_6.5,-inf_to_27.35,14.5_to_112.0,All,All,-inf_to_28.5,All,tested_positive
123.5_to_154.5,-inf_to_6.5,27.35_to_inf,142.0_to_inf,All,All,28.5_to_inf,All,tested_positive
99.5_to_123.5,-inf_to_6.5,27.35_to_inf,-inf_to_14.5,All,All,-inf_to_28.5,All,tested_negative
123.5_to_154.5,-inf_to_6.5,27.35_to_inf,-inf_to_14.5,All,All,-inf_to_28.5,All,tested_negative
99.5_to_123.5,-inf_to_6.5,27.35_to_inf,142.0_to_inf,All,All,28.5_to_inf,All,tested_negative
99.5_to_123.5,-inf_to_6.5,-inf_to_27.35,-inf_to_14.5,All,All,-inf_to_28.5,All,tested_negative
154.5_to_inf,6.5_to_inf,27.35_to_inf,142.0_to_inf,All,All,28.5_to_inf,All,tested_positive
154.5_to_inf,-inf_to_6.5,27.35_to_inf,-inf_to_14.5,All,All,28.5_to_inf,All,tested_positive
154.5_to_inf,6.5_to_inf,27.35_to_inf,-inf_to_14.5,All,All,28.5_to_inf,All,tested_positive
-inf_to_99.5,-inf_to_6.5,27.35_to_inf,-inf_to_14.5,All,All,-inf_to_28.5,All,tested_negative
123.5_to_154.5,-inf_to_6.5,27.35_to_inf,-inf_to_14.5,All,All,-inf_to_28.5,All,tested_negative
154.5_to_inf,6.5_to_inf,27.35_to_inf,-inf_to_14.5,All,All,28.5_to_inf,All,tested_negative
123.5_to_154.5,-inf_to_6.5,27.35_to_inf,112.0_to_142.0,All,All,-inf_to_28.5,All,tested_positive
99.5_to_123.5,6.5_to_inf,27.35_to_inf,142.0_to_inf,All,All,28.5_to_inf,All,tested_positive
123.5_to_154.5,6.5_to_inf,27.35_to_inf,142.0_to_inf,All,All,28.5_to_inf,All,tested_positive
99.5_to_123.5,-inf_to_6.5,27.35_to_inf,112.0_to_142.0,All,All,-inf_to_28.5,All,tested_positive
123.5_to_154.5,-inf_to_6.5,27.35_to_inf,112.0_to_142.0,All,All,28.5_to_inf,All,tested_negative
-inf_to_99.5,-inf_to_6.5,27.35_to_inf,-inf_to_14.5,All,All,28.5_to_inf,All,tested_positive
99.5_to_123.5,-inf_to_6.5,27.35_to_inf,-inf_to_14.5,All,All,28.5_to_inf,All,tested_positive
154.5_to_inf,-inf_to_6.5,27.35_to_inf,142.0_to_inf,All,All,-inf_to_28.5,All,tested_positive
154.5_to_inf,-inf_to_6.5,27.35_to_inf,-inf_to_14.5,All,All,28.5_to_inf,All,tested_positive
99.5_to_123.5,6.5_to_inf,-inf_to_27.35,-inf_to_14.5,All,All,28.5_to_inf,All,tested_negative
123.5_to_154.5,6.5_to_inf,27.35_to_inf,142.0_to_inf,All,All,28.5_to_inf,All,tested_negative
99.5_to_123.5,-inf_to_6.5,-inf_to_27.35,14.5_to_112.0,All,All,-inf_to_28.5,All,tested_negative
-inf_to_99.5,-inf_to_6.5,27.35_to_inf,14.5_to_112.0,All,All,-inf_to_28.5,All,tested_negative
99.5_to_123.5,-inf_to_6.5,27.35_to_inf,-inf_to_14.5,All,All,-inf_to_28.5,All,tested_negative
154.5_to_inf,-inf_to_6.5,27.35_to_inf,-inf_to_14.5,All,All,-inf_to_28.5,All,tested_positive
154.5_to_inf,-inf_to_6.5,27.35_to_inf,142.0_to_inf,All,All,28.5_to_inf,All,tested_negative
99.5_to_123.5,-inf_to_6.5,27.35_to_inf,14.5_to_112.0,All,All,-inf_to_28.5,All,tested_negative
123.5_to_154.5,-inf_to_6.5,27.35_to_inf,142.0_to_inf,All,All,28.5_to_inf,All,tested_positive
-inf_to_99.5,-inf_to_6.5,-inf_to_27.35,14.5_to_112.0,All,All,-inf_to_28.5,All,tested_negative
99.5_to_123.5,-inf_to_6.5,27.35_to_inf,-inf_to_14.5,All,All,28.5_to_inf,All,tested_negative
-inf_to_99.5,-inf_to_6.5,27.35_to_inf,14.5_to_112.0,All,All,-inf_to_28.5,All,tested_negative
154.5_to_inf,-inf_to_6.5,27.35_to_inf,-inf_to_14.5,All,All,-inf_to_28.5,All,tested_positive
154.5_to_inf,-inf_to_6.5,27.35_to_inf,-inf_to_14.5,All,All,-inf_to_28.5,All,tested_positive
154.5_to_inf,6.5_to_inf,27.35_to_inf,-inf_to_14.5,All,All,28.5_to_inf,All,tested_positive
99.5_to_123.5,-inf_to_6.5,-inf_to_27.35,-inf_to_14.5,All,All,-inf_to_28.5,All,tested_negative
-inf_to_99.5,-inf_to_6.5,27.35_to_inf,-inf_to_14.5,All,All,-inf_to_28.5,All,tested_negative
-inf_to_99.5,-inf_to_6.5,27.35_to_inf,14.5_to_112.0,All,All,-inf_to_28.5,All,tested_negative
123.5_to_154.5,-inf_to_6.5,-inf_to_27.35,-inf_to_14.5,All,All,-inf_to_28.5,All,tested_positive
99.5_to_123.5,-inf_to_6.5,-inf_to_27.35,142.0_to_inf,All,All,28.5_to_inf,All,tested_positive
123.5_to_154.5,-inf_to_6.5,27.35_to_inf,142.0_to_inf,All,All,28.5_to_inf,All,tested_negative
154.5_to_inf,6.5_to_inf,27.35_to_inf,-inf_to_14.5,All,All,28.5_to_inf,All,tested_positive
99.5_to_123.5,6.5_to_inf,27.35_to_inf,-inf_to_14.5,All,All,28.5_to_inf,All,tested_negative
123.5_to_154.5,6.5_to_inf,27.35_to_inf,142.0_to_inf,All,All,28.5_to_inf,All,tested_negative
99.5_to_123.5,-inf_to_6.5,27.35_to_inf,-inf_to_14.5,All,All,-inf_to_28.5,All,tested_negative
99.5_to_123.5,6.5_to_inf,27.35_to_inf,-inf_to_14.5,All,All,28.5_to_inf,All,tested_negative
123.5_to_154.5,-inf_to_6.5,27.35_to_inf,-inf_to_14.5,All,All,-inf_to_28.5,All,tested_negative
-inf_to_99.5,-inf_to_6.5,-inf_to_27.35,14.5_to_112.0,All,All,-inf_to_28.5,All,tested_negative
-inf_to_99.5,-inf_to_6.5,27.35_to_inf,-inf_to_14.5,All,All,-inf_to_28.5,All,tested_negative
-inf_to_99.5,6.5_to_inf,27.35_to_inf,142.0_to_inf,All,All,28.5_to_inf,All,tested_positive
99.5_to_123.5,-inf_to_6.5,27.35_to_inf,-inf_to_14.5,All,All,-inf_to_28.5,All,tested_positive
99.5_to_123.5,-inf_to_6.5,27.35_to_inf,-inf_to_14.5,All,All,28.5_to_inf,All,tested_negative
99.5_to_123.5,-inf_to_6.5,27.35_to_inf,-inf_to_14.5,All,All,-inf_to_28.5,All,tested_negative
154.5_to_inf,-inf_to_6.5,-inf_to_27.35,142.0_to_inf,All,All,-inf_to_28.5,All,tested_negative
154.5_to_inf,-inf_to_6.5,27.35_to_inf,112.0_to_142.0,All,All,28.5_to_inf,All,tested_negative
123.5_to_154.5,-inf_to_6.5,27.35_to_inf,-inf_to_14.5,All,All,-inf_to_28.5,All,tested_positive
-inf_to_99.5,-inf_to_6.5,27.35_to_inf,-inf_to_14.5,All,All,-inf_to_28.5,All,tested_negative
99.5_to_123.5,-inf_to_6.5,27.35_to_inf,-inf_to_14.5,All,All,28.5_to_inf,All,tested_positive
-inf_to_99.5,-inf_to_6.5,27.35_to_inf,14.5_to_112.0,All,All,28.5_to_inf,All,tested_negative
123.5_to_154.5,-inf_to_6.5,27.35_to_inf,-inf_to_14.5,All,All,-inf_to_28.5,All,tested_positive
123.5_to_154.5,-inf_to_6.5,27.35_to_inf,-inf_to_14.5,All,All,-inf_to_28.5,All,tested_negative
99.5_to_123.5,-inf_to_6.5,-inf_to_27.35,-inf_to_14.5,All,All,-inf_to_28.5,All,tested_negative
123.5_to_154.5,-inf_to_6.5,27.35_to_inf,-inf_to_14.5,All,All,-inf_to_28.5,All,tested_positive
99.5_to_123.5,6.5_to_inf,27.35_to_inf,-inf_to_14.5,All,All,28.5_to_inf,All,tested_positive
99.5_to_123.5,-inf_to_6.5,-inf_to_27.35,14.5_to_112.0,All,All,-inf_to_28.5,All,tested_negative
99.5_to_123.5,-inf_to_6.5,-inf_to_27.35,-inf_to_14.5,All,All,28.5_to_inf,All,tested_negative
-inf_to_99.5,-inf_to_6.5,27.35_to_inf,14.5_to_112.0,All,All,-inf_to_28.5,All,tested_negative
99.5_to_123.5,6.5_to_inf,27.35_to_inf,-inf_to_14.5,All,All,28.5_to_inf,All,tested_negative
99.5_to_123.5,-inf_to_6.5,27.35_to_inf,14.5_to_112.0,All,All,-inf_to_28.5,All,tested_negative
99.5_to_123.5,-inf_to_6.5,27.35_to_inf,112.0_to_142.0,All,All,-inf_to_28.5,All,tested_negative
99.5_to_123.5,-inf_to_6.5,-inf_to_27.35,-inf_to_14.5,All,All,28.5_to_inf,All,tested_negative
99.5_to_123.5,-inf_to_6.5,-inf_to_27.35,142.0_to_inf,All,All,-inf_to_28.5,All,tested_negative
123.5_to_154.5,6.5_to_inf,27.35_to_inf,112.0_to_142.0,All,All,28.5_to_inf,All,tested_negative
123.5_to_154.5,6.5_to_inf,27.35_to_inf,142.0_to_inf,All,All,28.5_to_inf,All,tested_negative
154.5_to_inf,6.5_to_inf,27.35_to_inf,-inf_to_14.5,All,All,28.5_to_inf,All,tested_positive
99.5_to_123.5,-inf_to_6.5,-inf_to_27.35,-inf_to_14.5,All,All,28.5_to_inf,All,tested_positive
123.5_to_154.5,6.5_to_inf,-inf_to_27.35,112.0_to_142.0,All,All,28.5_to_inf,All,tested_negative
154.5_to_inf,-inf_to_6.5,27.35_to_inf,142.0_to_inf,All,All,28.5_to_inf,All,tested_negative
99.5_to_123.5,-inf_to_6.5,27.35_to_inf,142.0_to_inf,All,All,28.5_to_inf,All,tested_positive
-inf_to_99.5,-inf_to_6.5,-inf_to_27.35,14.5_to_112.0,All,All,-inf_to_28.5,All,tested_negative
-inf_to_99.5,-inf_to_6.5,27.35_to_inf,14.5_to_112.0,All,All,-inf_to_28.5,All,tested_negative
123.5_to_154.5,-inf_to_6.5,27.35_to_inf,142.0_to_inf,All,All,28.5_to_inf,All,tested_positive
123.5_to_154.5,-inf_to_6.5,27.35_to_inf,142.0_to_inf,All,All,-inf_to_28.5,All,tested_positive
154.5_to_inf,-inf_to_6.5,-inf_to_27.35,-inf_to_14.5,All,All,28.5_to_inf,All,tested_negative
123.5_to_154.5,-inf_to_6.5,27.35_to_inf,142.0_to_inf,All,All,28.5_to_inf,All,tested_positive
123.5_to_154.5,-inf_to_6.5,27.35_to_inf,142.0_to_inf,All,All,-inf_to_28.5,All,tested_negative
99.5_to_123.5,6.5_to_inf,27.35_to_inf,142.0_to_inf,All,All,28.5_to_inf,All,tested_positive
154.5_to_inf,-inf_to_6.5,27.35_to_inf,-inf_to_14.5,All,All,28.5_to_inf,All,tested_positive
123.5_to_154.5,-inf_to_6.5,27.35_to_inf,112.0_to_142.0,All,All,-inf_to_28.5,All,tested_positive
-inf_to_99.5,-inf_to_6.5,27.35_to_inf,14.5_to_112.0,All,All,28.5_to_inf,All,tested_negative
99.5_to_123.5,-inf_to_6.5,27.35_to_inf,-inf_to_14.5,All,All,-inf_to_28.5,All,tested_positive
123.5_to_154.5,-inf_to_6.5,-inf_to_27.35,-inf_to_14.5,All,All,28.5_to_inf,All,tested_negative
99.5_to_123.5,-inf_to_6.5,27.35_to_inf,14.5_to_112.0,All,All,28.5_to_inf,All,tested_negative
154.5_to_inf,6.5_to_inf,-inf_to_27.35,112.0_to_142.0,All,All,28.5_to_inf,All,tested_positive
123.5_to_154.5,-inf_to_6.5,-inf_to_27.35,142.0_to_inf,All,All,-inf_to_28.5,All,tested_negative
123.5_to_154.5,-inf_to_6.5,27.35_to_inf,142.0_to_inf,All,All,28.5_to_inf,All,tested_positive
-inf_to_99.5,-inf_to_6.5,-inf_to_27.35,-inf_to_14.5,All,All,28.5_to_inf,All,tested_negative
99.5_to_123.5,-inf_to_6.5,27.35_to_inf,142.0_to_inf,All,All,-inf_to_28.5,All,tested_negative
154.5_to_inf,-inf_to_6.5,-inf_to_27.35,14.5_to_112.0,All,All,-inf_to_28.5,All,tested_positive
99.5_to_123.5,-inf_to_6.5,27.35_to_inf,14.5_to_112.0,All,All,-inf_to_28.5,All,tested_negative
99.5_to_123.5,6.5_to_inf,27.35_to_inf,-inf_to_14.5,All,All,28.5_to_inf,All,tested_positive
99.5_to_123.5,-inf_to_6.5,27.35_to_inf,14.5_to_112.0,All,All,-inf_to_28.5,All,tested_negative
-inf_to_99.5,-inf_to_6.5,-inf_to_27.35,14.5_to_112.0,All,All,28.5_to_inf,All,tested_negative
154.5_to_inf,-inf_to_6.5,27.35_to_inf,-inf_to_14.5,All,All,28.5_to_inf,All,tested_positive
99.5_to_123.5,-inf_to_6.5,27.35_to_inf,112.0_to_142.0,All,All,-inf_to_28.5,All,tested_negative
154.5_to_inf,-inf_to_6.5,-inf_to_27.35,-inf_to_14.5,All,All,28.5_to_inf,All,tested_positive
123.5_to_154.5,-inf_to_6.5,27.35_to_inf,142.0_to_inf,All,All,28.5_to_inf,All,tested_negative
99.5_to_123.5,-inf_to_6.5,27.35_to_inf,-inf_to_14.5,All,All,-inf_to_28.5,All,tested_positive
123.5_to_154.5,-inf_to_6.5,27.35_to_inf,-inf_to_14.5,All,All,28.5_to_inf,All,tested_positive
123.5_to_154.5,6.5_to_inf,-inf_to_27.35,14.5_to_112.0,All,All,28.5_to_inf,All,tested_positive
99.5_to_123.5,-inf_to_6.5,27.35_to_inf,-inf_to_14.5,All,All,-inf_to_28.5,All,tested_negative
154.5_to_inf,-inf_to_6.5,-inf_to_27.35,142.0_to_inf,All,All,-inf_to_28.5,All,tested_negative
99.5_to_123.5,-inf_to_6.5,27.35_to_inf,142.0_to_inf,All,All,28.5_to_inf,All,tested_positive
154.5_to_inf,6.5_to_inf,27.35_to_inf,-inf_to_14.5,All,All,28.5_to_inf,All,tested_negative
99.5_to_123.5,-inf_to_6.5,27.35_to_inf,112.0_to_142.0,All,All,-inf_to_28.5,All,tested_positive
99.5_to_123.5,-inf_to_6.5,27.35_to_inf,14.5_to_112.0,All,All,28.5_to_inf,All,tested_negative
99.5_to_123.5,6.5_to_inf,-inf_to_27.35,-inf_to_14.5,All,All,28.5_to_inf,All,tested_negative
154.5_to_inf,-inf_to_6.5,27.35_to_inf,-inf_to_14.5,All,All,28.5_to_inf,All,tested_positive
-inf_to_99.5,-inf_to_6.5,-inf_to_27.35,14.5_to_112.0,All,All,-inf_to_28.5,All,tested_negative
154.5_to_inf,-inf_to_6.5,27.35_to_inf,142.0_to_inf,All,All,-inf_to_28.5,All,tested_negative
99.5_to_123.5,-inf_to_6.5,27.35_to_inf,-inf_to_14.5,All,All,28.5_to_inf,All,tested_negative
99.5_to_123.5,-inf_to_6.5,27.35_to_inf,-inf_to_14.5,All,All,28.5_to_inf,All,tested_positive
123.5_to_154.5,6.5_to_inf,27.35_to_inf,142.0_to_inf,All,All,28.5_to_inf,All,tested_positive
154.5_to_inf,6.5_to_inf,27.35_to_inf,-inf_to_14.5,All,All,28.5_to_inf,All,tested_positive
123.5_to_154.5,-inf_to_6.5,-inf_to_27.35,14.5_to_112.0,All,All,-inf_to_28.5,All,tested_negative
-inf_to_99.5,-inf_to_6.5,-inf_to_27.35,14.5_to_112.0,All,All,28.5_to_inf,All,tested_negative
-inf_to_99.5,-inf_to_6.5,27.35_to_inf,-inf_to_14.5,All,All,-inf_to_28.5,All,tested_negative
99.5_to_123.5,-inf_to_6.5,27.35_to_inf,-inf_to_14.5,All,All,28.5_to_inf,All,tested_negative
-inf_to_99.5,6.5_to_inf,27.35_to_inf,-inf_to_14.5,All,All,28.5_to_inf,All,tested_negative
123.5_to_154.5,6.5_to_inf,27.35_to_inf,14.5_to_112.0,All,All,28.5_to_inf,All,tested_negative
123.5_to_154.5,-inf_to_6.5,27.35_to_inf,14.5_to_112.0,All,All,-inf_to_28.5,All,tested_negative
99.5_to_123.5,-inf_to_6.5,-inf_to_27.35,-inf_to_14.5,All,All,-inf_to_28.5,All,tested_negative
-inf_to_99.5,-inf_to_6.5,-inf_to_27.35,14.5_to_112.0,All,All,-inf_to_28.5,All,tested_negative
-inf_to_99.5,-inf_to_6.5,27.35_to_inf,-inf_to_14.5,All,All,28.5_to_inf,All,tested_positive
-inf_to_99.5,-inf_to_6.5,27.35_to_inf,-inf_to_14.5,All,All,28.5_to_inf,All,tested_negative
123.5_to_154.5,-inf_to_6.5,27.35_to_inf,-inf_to_14.5,All,All,28.5_to_inf,All,tested_negative
-inf_to_99.5,-inf_to_6.5,27.35_to_inf,-inf_to_14.5,All,All,28.5_to_inf,All,tested_negative
-inf_to_99.5,-inf_to_6.5,-inf_to_27.35,14.5_to_112.0,All,All,-inf_to_28.5,All,tested_negative
-inf_to_99.5,-inf_to_6.5,27.35_to_inf,-inf_to_14.5,All,All,-inf_to_28.5,All,tested_negative
154.5_to_inf,6.5_to_inf,27.35_to_inf,-inf_to_14.5,All,All,28.5_to_inf,All,tested_positive
123.5_to_154.5,-inf_to_6.5,27.35_to_inf,142.0_to_inf,All,All,-inf_to_28.5,All,tested_positive
123.5_to_154.5,6.5_to_inf,27.35_to_inf,-inf_to_14.5,All,All,28.5_to_inf,All,tested_positive
-inf_to_99.5,6.5_to_inf,27.35_to_inf,14.5_to_112.0,All,All,28.5_to_inf,All,tested_negative
154.5_to_inf,-inf_to_6.5,27.35_to_inf,142.0_to_inf,All,All,28.5_to_inf,All,tested_positive
154.5_to_inf,-inf_to_6.5,27.35_to_inf,142.0_to_inf,All,All,28.5_to_inf,All,tested_positive
154.5_to_inf,-inf_to_6.5,27.35_to_inf,-inf_to_14.5,All,All,28.5_to_inf,All,tested_negative
99.5_to_123.5,-inf_to_6.5,27.35_to_inf,-inf_to_14.5,All,All,28.5_to_inf,All,tested_negative
123.5_to_154.5,-inf_to_6.5,27.35_to_inf,-inf_to_14.5,All,All,28.5_to_inf,All,tested_positive
123.5_to_154.5,-inf_to_6.5,27.35_to_inf,142.0_to_inf,All,All,28.5_to_inf,All,tested_negative
-inf_to_99.5,-inf_to_6.5,27.35_to_inf,14.5_to_112.0,All,All,28.5_to_inf,All,tested_negative
123.5_to_154.5,-inf_to_6.5,27.35_to_inf,-inf_to_14.5,All,All,28.5_to_inf,All,tested_positive
99.5_to_123.5,-inf_to_6.5,-inf_to_27.35,-inf_to_14.5,All,All,-inf_to_28.5,All,tested_negative
-inf_to_99.5,-inf_to_6.5,27.35_to_inf,14.5_to_112.0,All,All,-inf_to_28.5,All,tested_negative
123.5_to_154.5,-inf_to_6.5,27.35_to_inf,112.0_to_142.0,All,All,28.5_to_inf,All,tested_positive
154.5_to_inf,-inf_to_6.5,27.35_to_inf,142.0_to_inf,All,All,-inf_to_28.5,All,tested_positive
99.5_to_123.5,-inf_to_6.5,-inf_to_27.35,14.5_to_112.0,All,All,-inf_to_28.5,All,tested_negative
-inf_to_99.5,-inf_to_6.5,27.35_to_inf,14.5_to_112.0,All,All,-inf_to_28.5,All,tested_negative
99.5_to_123.5,-inf_to_6.5,27.35_to_inf,14.5_to_112.0,All,All,-inf_to_28.5,All,tested_negative
99.5_to_123.5,-inf_to_6.5,27.35_to_inf,142.0_to_inf,All,All,-inf_to_28.5,All,tested_negative
123.5_to_154.5,6.5_to_inf,27.35_to_inf,142.0_to_inf,All,All,28.5_to_inf,All,tested_positive
-inf_to_99.5,-inf_to_6.5,-inf_to_27.35,14.5_to_112.0,All,All,-inf_to_28.5,All,tested_negative
-inf_to_99.5,-inf_to_6.5,27.35_to_inf,14.5_to_112.0,All,All,-inf_to_28.5,All,tested_negative
154.5_to_inf,-inf_to_6.5,27.35_to_inf,-inf_to_14.5,All,All,28.5_to_inf,All,tested_positive
-inf_to_99.5,-inf_to_6.5,27.35_to_inf,14.5_to_112.0,All,All,28.5_to_inf,All,tested_negative
99.5_to_123.5,-inf_to_6.5,27.35_to_inf,14.5_to_112.0,All,All,-inf_to_28.5,All,tested_negative
99.5_to_123.5,-inf_to_6.5,-inf_to_27.35,-inf_to_14.5,All,All,-inf_to_28.5,All,tested_negative
99.5_to_123.5,-inf_to_6.5,-inf_to_27.35,142.0_to_inf,All,All,-inf_to_28.5,All,tested_negative
-inf_to_99.5,-inf_to_6.5,-inf_to_27.35,14.5_to_112.0,All,All,-inf_to_28.5,All,tested_negative
123.5_to_154.5,-inf_to_6.5,-inf_to_27.35,14.5_to_112.0,All,All,-inf_to_28.5,All,tested_negative
99.5_to_123.5,-inf_to_6.5,-inf_to_27.35,14.5_to_112.0,All,All,-inf_to_28.5,All,tested_negative
99.5_to_123.5,-inf_to_6.5,27.35_to_inf,-inf_to_14.5,All,All,28.5_to_inf,All,tested_positive
99.5_to_123.5,6.5_to_inf,27.35_to_inf,-inf_to_14.5,All,All,28.5_to_inf,All,tested_positive
123.5_to_154.5,-inf_to_6.5,27.35_to_inf,142.0_to_inf,All,All,28.5_to_inf,All,tested_positive
99.5_to_123.5,-inf_to_6.5,27.35_to_inf,14.5_to_112.0,All,All,-inf_to_28.5,All,tested_negative
99.5_to_123.5,-inf_to_6.5,27.35_to_inf,142.0_to_inf,All,All,28.5_to_inf,All,tested_negative
154.5_to_inf,-inf_to_6.5,27.35_to_inf,-inf_to_14.5,All,All,-inf_to_28.5,All,tested_positive
123.5_to_154.5,-inf_to_6.5,-inf_to_27.35,142.0_to_inf,All,All,-inf_to_28.5,All,tested_negative
154.5_to_inf,-inf_to_6.5,27.35_to_inf,-inf_to_14.5,All,All,28.5_to_inf,All,tested_positive
123.5_to_154.5,-inf_to_6.5,27.35_to_inf,142.0_to_inf,All,All,-inf_to_28.5,All,tested_negative
-inf_to_99.5,-inf_to_6.5,-inf_to_27.35,112.0_to_142.0,All,All,28.5_to_inf,All,tested_negative
123.5_to_154.5,-inf_to_6.5,27.35_to_inf,-inf_to_14.5,All,All,-inf_to_28.5,All,tested_positive
-inf_to_99.5,-inf_to_6.5,-inf_to_27.35,-inf_to_14.5,All,All,-inf_to_28.5,All,tested_negative
154.5_to_inf,-inf_to_6.5,27.35_to_inf,-inf_to_14.5,All,All,-inf_to_28.5,All,tested_positive
-inf_to_99.5,-inf_to_6.5,27.35_to_inf,-inf_to_14.5,All,All,28.5_to_inf,All,tested_positive
123.5_to_154.5,-inf_to_6.5,-inf_to_27.35,-inf_to_14.5,All,All,28.5_to_inf,All,tested_negative
123.5_to_154.5,-inf_to_6.5,27.35_to_inf,14.5_to_112.0,All,All,28.5_to_inf,All,tested_positive
-inf_to_99.5,6.5_to_inf,27.35_to_inf,-inf_to_14.5,All,All,28.5_to_inf,All,tested_negative
154.5_to_inf,-inf_to_6.5,27.35_to_inf,-inf_to_14.5,All,All,28.5_to_inf,All,tested_positive
99.5_to_123.5,-inf_to_6.5,27.35_to_inf,142.0_to_inf,All,All,-inf_to_28.5,All,tested_negative
99.5_to_123.5,-inf_to_6.5,27.35_to_inf,-inf_to_14.5,All,All,28.5_to_inf,All,tested_positive
99.5_to_123.5,-inf_to_6.5,-inf_to_27.35,-inf_to_14.5,All,All,-inf_to_28.5,All,tested_negative
154.5_to_inf,6.5_to_inf,-inf_to_27.35,-inf_to_14.5,All,All,28.5_to_inf,All,tested_positive
154.5_to_inf,-inf_to_6.5,27.35_to_inf,142.0_to_inf,All,All,-inf_to_28.5,All,tested_positive
99.5_to_123.5,-inf_to_6.5,27.35_to_inf,-inf_to_14.5,All,All,-inf_to_28.5,All,tested_negative
99.5_to_123.5,-inf_to_6.5,27.35_to_inf,142.0_to_inf,All,All,-inf_to_28.5,All,tested_negative
123.5_to_154.5,-inf_to_6.5,27.35_to_inf,142.0_to_inf,All,All,-inf_to_28.5,All,tested_negative
123.5_to_154.5,-inf_to_6.5,-inf_to_27.35,14.5_to_112.0,All,All,-inf_to_28.5,All,tested_negative
154.5_to_inf,-inf_to_6.5,27.35_to_inf,142.0_to_inf,All,All,-inf_to_28.5,All,tested_positive
-inf_to_99.5,-inf_to_6.5,-inf_to_27.35,-inf_to_14.5,All,All,-inf_to_28.5,All,tested_negative
123.5_to_154.5,-inf_to_6.5,27.35_to_inf,-inf_to_14.5,All,All,28.5_to_inf,All,tested_positive
123.5_to_154.5,-inf_to_6.5,-inf_to_27.35,112.0_to_142.0,All,All,-inf_to_28.5,All,tested_positive
99.5_to_123.5,-inf_to_6.5,27.35_to_inf,142.0_to_inf,All,All,-inf_to_28.5,All,tested_negative
-inf_to_99.5,-inf_to_6.5,-inf_to_27.35,14.5_to_112.0,All,All,-inf_to_28.5,All,tested_negative
99.5_to_123.5,-inf_to_6.5,27.35_to_inf,14.5_to_112.0,All,All,-inf_to_28.5,All,tested_negative
99.5_to_123.5,-inf_to_6.5,27.35_to_inf,-inf_to_14.5,All,All,-inf_to_28.5,All,tested_negative
123.5_to_154.5,6.5_to_inf,27.35_to_inf,142.0_to_inf,All,All,28.5_to_inf,All,tested_positive
154.5_to_inf,-inf_to_6.5,27.35_to_inf,142.0_to_inf,All,All,28.5_to_inf,All,tested_positive
154.5_to_inf,-inf_to_6.5,27.35_to_inf,142.0_to_inf,All,All,28.5_to_inf,All,tested_positive
123.5_to_154.5,-inf_to_6.5,27.35_to_inf,142.0_to_inf,All,All,-inf_to_28.5,All,tested_negative
-inf_to_99.5,-inf_to_6.5,27.35_to_inf,142.0_to_inf,All,All,28.5_to_inf,All,tested_positive
-inf_to_99.5,-inf_to_6.5,-inf_to_27.35,-inf_to_14.5,All,All,-inf_to_28.5,All,tested_negative
-inf_to_99.5,-inf_to_6.5,27.35_to_inf,14.5_to_112.0,All,All,28.5_to_inf,All,tested_negative
-inf_to_99.5,-inf_to_6.5,27.35_to_inf,14.5_to_112.0,All,All,-inf_to_28.5,All,tested_negative
-inf_to_99.5,-inf_to_6.5,-inf_to_27.35,-inf_to_14.5,All,All,28.5_to_inf,All,tested_negative
123.5_to_154.5,-inf_to_6.5,27.35_to_inf,-inf_to_14.5,All,All,28.5_to_inf,All,tested_positive
123.5_to_154.5,6.5_to_inf,27.35_to_inf,-inf_to_14.5,All,All,28.5_to_inf,All,tested_negative
123.5_to_154.5,-inf_to_6.5,27.35_to_inf,-inf_to_14.5,All,All,-inf_to_28.5,All,tested_negative
-inf_to_99.5,-inf_to_6.5,-inf_to_27.35,-inf_to_14.5,All,All,-inf_to_28.5,All,tested_negative
99.5_to_123.5,-inf_to_6.5,27.35_to_inf,-inf_to_14.5,All,All,28.5_to_inf,All,tested_negative
154.5_to_inf,-inf_to_6.5,27.35_to_inf,-inf_to_14.5,All,All,28.5_to_inf,All,tested_positive
99.5_to_123.5,-inf_to_6.5,27.35_to_inf,112.0_to_142.0,All,All,-inf_to_28.5,All,tested_negative
99.5_to_123.5,6.5_to_inf,27.35_to_inf,-inf_to_14.5,All,All,28.5_to_inf,All,tested_positive
99.5_to_123.5,-inf_to_6.5,27.35_to_inf,-inf_to_14.5,All,All,28.5_to_inf,All,tested_positive
154.5_to_inf,-inf_to_6.5,27.35_to_inf,-inf_to_14.5,All,All,-inf_to_28.5,All,tested_positive
99.5_to_123.5,-inf_to_6.5,-inf_to_27.35,14.5_to_112.0,All,All,-inf_to_28.5,All,tested_negative
-inf_to_99.5,-inf_to_6.5,27.35_to_inf,14.5_to_112.0,All,All,-inf_to_28.5,All,tested_negative
99.5_to_123.5,-inf_to_6.5,27.35_to_inf,14.5_to_112.0,All,All,-inf_to_28.5,All,tested_positive
99.5_to_123.5,-inf_to_6.5,27.35_to_inf,14.5_to_112.0,All,All,-inf_to_28.5,All,tested_negative
-inf_to_99.5,-inf_to_6.5,-inf_to_27.35,14.5_to_112.0,All,All,-inf_to_28.5,All,tested_negative
123.5_to_154.5,-inf_to_6.5,27.35_to_inf,-inf_to_14.5,All,All,-inf_to_28.5,All,tested_positive
-inf_to_99.5,-inf_to_6.5,27.35_to_inf,142.0_to_inf,All,All,-inf_to_28.5,All,tested_negative
99.5_to_123.5,-inf_to_6.5,-inf_to_27.35,-inf_to_14.5,All,All,28.5_to_inf,All,tested_negative
99.5_to_123.5,-inf_to_6.5,27.35_to_inf,14.5_to_112.0,All,All,-inf_to_28.5,All,tested_negative
154.5_to_inf,6.5_to_inf,27.35_to_inf,-inf_to_14.5,All,All,28.5_to_inf,All,tested_positive
123.5_to_154.5,-inf_to_6.5,-inf_to_27.35,-inf_to_14.5,All,All,28.5_to_inf,All,tested_negative
-inf_to_99.5,-inf_to_6.5,27.35_to_inf,14.5_to_112.0,All,All,-inf_to_28.5,All,tested_negative
123.5_to_154.5,6.5_to_inf,27.35_to_inf,142.0_to_inf,All,All,28.5_to_inf,All,tested_positive
123.5_to_154.5,6.5_to_inf,-inf_to_27.35,14.5_to_112.0,All,All,28.5_to_inf,All,tested_negative
99.5_to_123.5,6.5_to_inf,-inf_to_27.35,14.5_to_112.0,All,All,28.5_to_inf,All,tested_negative
-inf_to_99.5,-inf_to_6.5,-inf_to_27.35,-inf_to_14.5,All,All,-inf_to_28.5,All,tested_negative
-inf_to_99.5,6.5_to_inf,27.35_to_inf,14.5_to_112.0,All,All,28.5_to_inf,All,tested_negative
-inf_to_99.5,-inf_to_6.5,27.35_to_inf,-inf_to_14.5,All,All,28.5_to_inf,All,tested_negative
99.5_to_123.5,6.5_to_inf,-inf_to_27.35,-inf_to_14.5,All,All,28.5_to_inf,All,tested_negative
-inf_to_99.5,-inf_to_6.5,27.35_to_inf,14.5_to_112.0,All,All,-inf_to_28.5,All,tested_negative
99.5_to_123.5,6.5_to_inf,27.35_to_inf,-inf_to_14.5,All,All,28.5_to_inf,All,tested_positive
123.5_to_154.5,-inf_to_6.5,27.35_to_inf,112.0_to_142.0,All,All,-inf_to_28.5,All,tested_negative
123.5_to_154.5,-inf_to_6.5,27.35_to_inf,-inf_to_14.5,All,All,-inf_to_28.5,All,tested_negative
123.5_to_154.5,-inf_to_6.5,27.35_to_inf,-inf_to_14.5,All,All,-inf_to_28.5,All,tested_negative
99.5_to_123.5,-inf_to_6.5,27.35_to_inf,-inf_to_14.5,All,All,-inf_to_28.5,All,tested_negative
123.5_to_154.5,6.5_to_inf,27.35_to_inf,-inf_to_14.5,All,All,28.5_to_inf,All,tested_negative
99.5_to_123.5,-inf_to_6.5,27.35_to_inf,-inf_to_14.5,All,All,-inf_to_28.5,All,tested_negative
123.5_to_154.5,-inf_to_6.5,-inf_to_27.35,-inf_to_14.5,All,All,28.5_to_inf,All,tested_negative
99.5_to_123.5,-inf_to_6.5,27.35_to_inf,142.0_to_inf,All,All,28.5_to_inf,All,tested_positive
99.5_to_123.5,6.5_to_inf,-inf_to_27.35,14.5_to_112.0,All,All,28.5_to_inf,All,tested_negative
123.5_to_154.5,6.5_to_inf,-inf_to_27.35,14.5_to_112.0,All,All,28.5_to_inf,All,tested_negative
123.5_to_154.5,-inf_to_6.5,27.35_to_inf,-inf_to_14.5,All,All,28.5_to_inf,All,tested_negative
154.5_to_inf,-inf_to_6.5,27.35_to_inf,142.0_to_inf,All,All,28.5_to_inf,All,tested_positive
99.5_to_123.5,-inf_to_6.5,27.35_to_inf,-inf_to_14.5,All,All,28.5_to_inf,All,tested_negative
-inf_to_99.5,-inf_to_6.5,27.35_to_inf,14.5_to_112.0,All,All,-inf_to_28.5,All,tested_negative
-inf_to_99.5,-inf_to_6.5,27.35_to_inf,112.0_to_142.0,All,All,-inf_to_28.5,All,tested_negative
123.5_to_154.5,-inf_to_6.5,27.35_to_inf,-inf_to_14.5,All,All,28.5_to_inf,All,tested_positive
123.5_to_154.5,-inf_to_6.5,27.35_to_inf,142.0_to_inf,All,All,-inf_to_28.5,All,tested_positive
123.5_to_154.5,-inf_to_6.5,27.35_to_inf,142.0_to_inf,All,All,-inf_to_28.5,All,tested_negative
154.5_to_inf,-inf_to_6.5,27.35_to_inf,142.0_to_inf,All,All,28.5_to_inf,All,tested_negative
-inf_to_99.5,-inf_to_6.5,-inf_to_27.35,-inf_to_14.5,All,All,-inf_to_28.5,All,tested_negative
154.5_to_inf,6.5_to_inf,-inf_to_27.35,-inf_to_14.5,All,All,28.5_to_inf,All,tested_negative
-inf_to_99.5,-inf_to_6.5,27.35_to_inf,14.5_to_112.0,All,All,-inf_to_28.5,All,tested_negative
-inf_to_99.5,-inf_to_6.5,27.35_to_inf,-inf_to_14.5,All,All,28.5_to_inf,All,tested_negative
-inf_to_99.5,-inf_to_6.5,27.35_to_inf,-inf_to_14.5,All,All,28.5_to_inf,All,tested_negative
123.5_to_154.5,-inf_to_6.5,27.35_to_inf,112.0_to_142.0,All,All,28.5_to_inf,All,tested_positive
-inf_to_99.5,-inf_to_6.5,-inf_to_27.35,-inf_to_14.5,All,All,-inf_to_28.5,All,tested_negative
154.5_to_inf,-inf_to_6.5,-inf_to_27.35,-inf_to_14.5,All,All,28.5_to_inf,All,tested_negative
99.5_to_123.5,-inf_to_6.5,-inf_to_27.35,-inf_to_14.5,All,All,28.5_to_inf,All,tested_negative
-inf_to_99.5,-inf_to_6.5,27.35_to_inf,14.5_to_112.0,All,All,-inf_to_28.5,All,tested_negative
154.5_to_inf,6.5_to_inf,-inf_to_27.35,142.0_to_inf,All,All,28.5_to_inf,All,tested_positive
123.5_to_154.5,-inf_to_6.5,27.35_to_inf,142.0_to_inf,All,All,28.5_to_inf,All,tested_negative
99.5_to_123.5,-inf_to_6.5,-inf_to_27.35,14.5_to_112.0,All,All,-inf_to_28.5,All,tested_negative
-inf_to_99.5,-inf_to_6.5,27.35_to_inf,-inf_to_14.5,All,All,-inf_to_28.5,All,tested_negative
-inf_to_99.5,-inf_to_6.5,27.35_to_inf,-inf_to_14.5,All,All,28.5_to_inf,All,tested_positive
-inf_to_99.5,6.5_to_inf,27.35_to_inf,14.5_to_112.0,All,All,28.5_to_inf,All,tested_negative
-inf_to_99.5,6.5_to_inf,27.35_to_inf,-inf_to_14.5,All,All,28.5_to_inf,All,tested_negative
123.5_to_154.5,-inf_to_6.5,27.35_to_inf,142.0_to_inf,All,All,-inf_to_28.5,All,tested_negative
99.5_to_123.5,6.5_to_inf,-inf_to_27.35,-inf_to_14.5,All,All,28.5_to_inf,All,tested_negative
-inf_to_99.5,6.5_to_inf,27.35_to_inf,-inf_to_14.5,All,All,28.5_to_inf,All,tested_positive
123.5_to_154.5,-inf_to_6.5,-inf_to_27.35,142.0_to_inf,All,All,-inf_to_28.5,All,tested_negative
-inf_to_99.5,6.5_to_inf,-inf_to_27.35,-inf_to_14.5,All,All,28.5_to_inf,All,tested_negative
-inf_to_99.5,-inf_to_6.5,-inf_to_27.35,-inf_to_14.5,All,All,-inf_to_28.5,All,tested_negative
-inf_to_99.5,-inf_to_6.5,-inf_to_27.35,14.5_to_112.0,All,All,-inf_to_28.5,All,tested_negative
154.5_to_inf,-inf_to_6.5,27.35_to_inf,14.5_to_112.0,All,All,-inf_to_28.5,All,tested_positive
123.5_to_154.5,6.5_to_inf,27.35_to_inf,142.0_to_inf,All,All,28.5_to_inf,All,tested_positive
123.5_to_154.5,6.5_to_inf,27.35_to_inf,-inf_to_14.5,All,All,28.5_to_inf,All,tested_negative
-inf_to_99.5,6.5_to_inf,27.35_to_inf,-inf_to_14.5,All,All,28.5_to_inf,All,tested_negative
123.5_to_154.5,-inf_to_6.5,-inf_to_27.35,142.0_to_inf,All,All,28.5_to_inf,All,tested_negative
-inf_to_99.5,-inf_to_6.5,-inf_to_27.35,14.5_to_112.0,All,All,-inf_to_28.5,All,tested_negative
123.5_to_154.5,-inf_to_6.5,27.35_to_inf,112.0_to_142.0,All,All,-inf_to_28.5,All,tested_negative
99.5_to_123.5,-inf_to_6.5,-inf_to_27.35,-inf_to_14.5,All,All,-inf_to_28.5,All,tested_negative
123.5_to_154.5,6.5_to_inf,27.35_to_inf,-inf_to_14.5,All,All,28.5_to_inf,All,tested_positive
123.5_to_154.5,-inf_to_6.5,27.35_to_inf,-inf_to_14.5,All,All,-inf_to_28.5,All,tested_negative
-inf_to_99.5,-inf_to_6.5,-inf_to_27.35,-inf_to_14.5,All,All,-inf_to_28.5,All,tested_negative
-inf_to_99.5,-inf_to_6.5,-inf_to_27.35,14.5_to_112.0,All,All,-inf_to_28.5,All,tested_negative
99.5_to_123.5,-inf_to_6.5,-inf_to_27.35,14.5_to_112.0,All,All,-inf_to_28.5,All,tested_negative
99.5_to_123.5,-inf_to_6.5,27.35_to_inf,142.0_to_inf,All,All,-inf_to_28.5,All,tested_negative
99.5_to_123.5,-inf_to_6.5,-inf_to_27.35,-inf_to_14.5,All,All,28.5_to_inf,All,tested_negative
99.5_to_123.5,-inf_to_6.5,27.35_to_inf,14.5_to_112.0,All,All,-inf_to_28.5,All,tested_negative
99.5_to_123.5,-inf_to_6.5,27.35_to_inf,-inf_to_14.5,All,All,-inf_to_28.5,All,tested_negative
-inf_to_99.5,-inf_to_6.5,27.35_to_inf,14.5_to_112.0,All,All,28.5_to_inf,All,tested_negative
-inf_to_99.5,-inf_to_6.5,27.35_to_inf,-inf_to_14.5,All,All,28.5_to_inf,All,tested_negative
-inf_to_99.5,-inf_to_6.5,27.35_to_inf,14.5_to_112.0,All,All,-inf_to_28.5,All,tested_negative
99.5_to_123.5,-inf_to_6.5,27.35_to_inf,-inf_to_14.5,All,All,28.5_to_inf,All,tested_negative
-inf_to_99.5,-inf_to_6.5,-inf_to_27.35,-inf_to_14.5,All,All,28.5_to_inf,All,tested_negative
123.5_to_154.5,-inf_to_6.5,27.35_to_inf,142.0_to_inf,All,All,-inf_to_28.5,All,tested_negative
123.5_to_154.5,-inf_to_6.5,27.35_to_inf,142.0_to_inf,All,All,28.5_to_inf,All,tested_positive
123.5_to_154.5,-inf_to_6.5,27.35_to_inf,142.0_to_inf,All,All,-inf_to_28.5,All,tested_positive
-inf_to_99.5,6.5_to_inf,27.35_to_inf,-inf_to_14.5,All,All,28.5_to_inf,All,tested_positive
-inf_to_99.5,-inf_to_6.5,27.35_to_inf,14.5_to_112.0,All,All,-inf_to_28.5,All,tested_negative
-inf_to_99.5,-inf_to_6.5,27.35_to_inf,14.5_to_112.0,All,All,28.5_to_inf,All,tested_negative
154.5_to_inf,6.5_to_inf,27.35_to_inf,142.0_to_inf,All,All,28.5_to_inf,All,tested_positive
154.5_to_inf,-inf_to_6.5,27.35_to_inf,142.0_to_inf,All,All,28.5_to_inf,All,tested_positive
123.5_to_154.5,-inf_to_6.5,27.35_to_inf,142.0_to_inf,All,All,-inf_to_28.5,All,tested_negative
154.5_to_inf,-inf_to_6.5,27.35_to_inf,14.5_to_112.0,All,All,28.5_to_inf,All,tested_negative
154.5_to_inf,-inf_to_6.5,27.35_to_inf,-inf_to_14.5,All,All,28.5_to_inf,All,tested_negative
99.5_to_123.5,-inf_to_6.5,27.35_to_inf,-inf_to_14.5,All,All,-inf_to_28.5,All,tested_negative
99.5_to_123.5,-inf_to_6.5,27.35_to_inf,-inf_to_14.5,All,All,28.5_to_inf,All,tested_negative
-inf_to_99.5,-inf_to_6.5,27.35_to_inf,112.0_to_142.0,All,All,-inf_to_28.5,All,tested_negative
123.5_to_154.5,6.5_to_inf,-inf_to_27.35,142.0_to_inf,All,All,28.5_to_inf,All,tested_negative
-inf_to_99.5,-inf_to_6.5,27.35_to_inf,-inf_to_14.5,All,All,28.5_to_inf,All,tested_negative
99.5_to_123.5,6.5_to_inf,27.35_to_inf,-inf_to_14.5,All,All,28.5_to_inf,All,tested_negative
99.5_to_123.5,6.5_to_inf,27.35_to_inf,-inf_to_14.5,All,All,28.5_to_inf,All,tested_negative
-inf_to_99.5,6.5_to_inf,27.35_to_inf,-inf_to_14.5,All,All,28.5_to_inf,All,tested_negative
123.5_to_154.5,-inf_to_6.5,27.35_to_inf,-inf_to_14.5,All,All,28.5_to_inf,All,tested_positive
154.5_to_inf,-inf_to_6.5,27.35_to_inf,142.0_to_inf,All,All,-inf_to_28.5,All,tested_positive
-inf_to_99.5,-inf_to_6.5,27.35_to_inf,14.5_to_112.0,All,All,-inf_to_28.5,All,tested_negative
-inf_to_99.5,-inf_to_6.5,-inf_to_27.35,14.5_to_112.0,All,All,28.5_to_inf,All,tested_negative
-inf_to_99.5,-inf_to_6.5,27.35_to_inf,-inf_to_14.5,All,All,-inf_to_28.5,All,tested_negative
-inf_to_99.5,-inf_to_6.5,-inf_to_27.35,14.5_to_112.0,All,All,-inf_to_28.5,All,tested_negative
-inf_to_99.5,-inf_to_6.5,27.35_to_inf,14.5_to_112.0,All,All,-inf_to_28.5,All,tested_negative
123.5_to_154.5,-inf_to_6.5,27.35_to_inf,112.0_to_142.0,All,All,28.5_to_inf,All,tested_negative
99.5_to_123.5,-inf_to_6.5,27.35_to_inf,142.0_to_inf,All,All,28.5_to_inf,All,tested_positive
-inf_to_99.5,-inf_to_6.5,27.35_to_inf,-inf_to_14.5,All,All,28.5_to_inf,All,tested_negative
123.5_to_154.5,-inf_to_6.5,-inf_to_27.35,-inf_to_14.5,All,All,-inf_to_28.5,All,tested_negative
99.5_to_123.5,-inf_to_6.5,27.35_to_inf,14.5_to_112.0,All,All,-inf_to_28.5,All,tested_negative
-inf_to_99.5,-inf_to_6.5,27.35_to_inf,112.0_to_142.0,All,All,-inf_to_28.5,All,tested_negative
99.5_to_123.5,-inf_to_6.5,27.35_to_inf,14.5_to_112.0,All,All,-inf_to_28.5,All,tested_negative
99.5_to_123.5,-inf_to_6.5,-inf_to_27.35,112.0_to_142.0,All,All,28.5_to_inf,All,tested_negative
99.5_to_123.5,-inf_to_6.5,27.35_to_inf,-inf_to_14.5,All,All,-inf_to_28.5,All,tested_positive
123.5_to_154.5,6.5_to_inf,-inf_to_27.35,-inf_to_14.5,All,All,28.5_to_inf,All,tested_negative
154.5_to_inf,-inf_to_6.5,27.35_to_inf,-inf_to_14.5,All,All,28.5_to_inf,All,tested_positive
123.5_to_154.5,-inf_to_6.5,27.35_to_inf,-inf_to_14.5,All,All,-inf_to_28.5,All,tested_positive
99.5_to_123.5,-inf_to_6.5,-inf_to_27.35,-inf_to_14.5,All,All,-inf_to_28.5,All,tested_negative
99.5_to_123.5,6.5_to_inf,-inf_to_27.35,-inf_to_14.5,All,All,28.5_to_inf,All,tested_negative
99.5_to_123.5,6.5_to_inf,27.35_to_inf,-inf_to_14.5,All,All,28.5_to_inf,All,tested_negative
123.5_to_154.5,6.5_to_inf,27.35_to_inf,142.0_to_inf,All,All,28.5_to_inf,All,tested_positive
-inf_to_99.5,-inf_to_6.5,-inf_to_27.35,-inf_to_14.5,All,All,-inf_to_28.5,All,tested_negative
123.5_to_154.5,6.5_to_inf,27.35_to_inf,-inf_to_14.5,All,All,28.5_to_inf,All,tested_positive
154.5_to_inf,-inf_to_6.5,27.35_to_inf,142.0_to_inf,All,All,28.5_to_inf,All,tested_positive
-inf_to_99.5,-inf_to_6.5,-inf_to_27.35,-inf_to_14.5,All,All,-inf_to_28.5,All,tested_negative
99.5_to_123.5,-inf_to_6.5,27.35_to_inf,112.0_to_142.0,All,All,-inf_to_28.5,All,tested_negative
-inf_to_99.5,-inf_to_6.5,27.35_to_inf,112.0_to_142.0,All,All,-inf_to_28.5,All,tested_negative
154.5_to_inf,-inf_to_6.5,27.35_to_inf,142.0_to_inf,All,All,-inf_to_28.5,All,tested_positive
-inf_to_99.5,-inf_to_6.5,27.35_to_inf,14.5_to_112.0,All,All,-inf_to_28.5,All,tested_negative
154.5_to_inf,-inf_to_6.5,27.35_to_inf,-inf_to_14.5,All,All,28.5_to_inf,All,tested_positive
99.5_to_123.5,-inf_to_6.5,-inf_to_27.35,112.0_to_142.0,All,All,-inf_to_28.5,All,tested_negative
99.5_to_123.5,-inf_to_6.5,-inf_to_27.35,-inf_to_14.5,All,All,-inf_to_28.5,All,tested_negative
-inf_to_99.5,-inf_to_6.5,-inf_to_27.35,-inf_to_14.5,All,All,-inf_to_28.5,All,tested_negative
123.5_to_154.5,-inf_to_6.5,27.35_to_inf,-inf_to_14.5,All,All,28.5_to_inf,All,tested_negative
154.5_to_inf,-inf_to_6.5,27.35_to_inf,-inf_to_14.5,All,All,28.5_to_inf,All,tested_positive
123.5_to_154.5,-inf_to_6.5,27.35_to_inf,-inf_to_14.5,All,All,-inf_to_28.5,All,tested_negative
154.5_to_inf,-inf_to_6.5,27.35_to_inf,142.0_to_inf,All,All,-inf_to_28.5,All,tested_positive
-inf_to_99.5,-inf_to_6.5,-inf_to_27.35,14.5_to_112.0,All,All,-inf_to_28.5,All,tested_negative
123.5_to_154.5,-inf_to_6.5,27.35_to_inf,142.0_to_inf,All,All,-inf_to_28.5,All,tested_negative
99.5_to_123.5,-inf_to_6.5,-inf_to_27.35,142.0_to_inf,All,All,-inf_to_28.5,All,tested_negative
99.5_to_123.5,-inf_to_6.5,27.35_to_inf,142.0_to_inf,All,All,-inf_to_28.5,All,tested_negative
154.5_to_inf,-inf_to_6.5,27.35_to_inf,142.0_to_inf,All,All,28.5_to_inf,All,tested_positive
154.5_to_inf,6.5_to_inf,27.35_to_inf,142.0_to_inf,All,All,28.5_to_inf,All,tested_positive
99.5_to_123.5,-inf_to_6.5,27.35_to_inf,-inf_to_14.5,All,All,-inf_to_28.5,All,tested_negative
123.5_to_154.5,6.5_to_inf,27.35_to_inf,142.0_to_inf,All,All,28.5_to_inf,All,tested_positive
99.5_to_123.5,-inf_to_6.5,-inf_to_27.35,-inf_to_14.5,All,All,-inf_to_28.5,All,tested_negative
99.5_to_123.5,-inf_to_6.5,27.35_to_inf,-inf_to_14.5,All,All,28.5_to_inf,All,tested_negative
-inf_to_99.5,-inf_to_6.5,-inf_to_27.35,14.5_to_112.0,All,All,-inf_to_28.5,All,tested_negative
99.5_to_123.5,6.5_to_inf,27.35_to_inf,-inf_to_14.5,All,All,28.5_to_inf,All,tested_positive
99.5_to_123.5,-inf_to_6.5,27.35_to_inf,-inf_to_14.5,All,All,-inf_to_28.5,All,tested_positive
99.5_to_123.5,-inf_to_6.5,27.35_to_inf,142.0_to_inf,All,All,-inf_to_28.5,All,tested_negative
-inf_to_99.5,-inf_to_6.5,-inf_to_27.35,-inf_to_14.5,All,All,-inf_to_28.5,All,tested_negative
154.5_to_inf,-inf_to_6.5,27.35_to_inf,-inf_to_14.5,All,All,28.5_to_inf,All,tested_negative
-inf_to_99.5,-inf_to_6.5,27.35_to_inf,112.0_to_142.0,All,All,-inf_to_28.5,All,tested_negative
99.5_to_123.5,-inf_to_6.5,27.35_to_inf,-inf_to_14.5,All,All,-inf_to_28.5,All,tested_negative
-inf_to_99.5,-inf_to_6.5,27.35_to_inf,14.5_to_112.0,All,All,28.5_to_inf,All,tested_negative
123.5_to_154.5,-inf_to_6.5,-inf_to_27.35,-inf_to_14.5,All,All,-inf_to_28.5,All,tested_negative
123.5_to_154.5,-inf_to_6.5,27.35_to_inf,-inf_to_14.5,All,All,-inf_to_28.5,All,tested_negative
123.5_to_154.5,-inf_to_6.5,27.35_to_inf,-inf_to_14.5,All,All,28.5_to_inf,All,tested_negative
-inf_to_99.5,-inf_to_6.5,-inf_to_27.35,-inf_to_14.5,All,All,-inf_to_28.5,All,tested_negative
99.5_to_123.5,6.5_to_inf,27.35_to_inf,-inf_to_14.5,All,All,28.5_to_inf,All,tested_positive
99.5_to_123.5,-inf_to_6.5,27.35_to_inf,14.5_to_112.0,All,All,-inf_to_28.5,All,tested_negative
99.5_to_123.5,-inf_to_6.5,-inf_to_27.35,-inf_to_14.5,All,All,-inf_to_28.5,All,tested_negative
123.5_to_154.5,-inf_to_6.5,27.35_to_inf,142.0_to_inf,All,All,-inf_to_28.5,All,tested_negative
-inf_to_99.5,6.5_to_inf,-inf_to_27.35,-inf_to_14.5,All,All,28.5_to_inf,All,tested_negative
99.5_to_123.5,6.5_to_inf,27.35_to_inf,-inf_to_14.5,All,All,28.5_to_inf,All,tested_positive
99.5_to_123.5,-inf_to_6.5,27.35_to_inf,-inf_to_14.5,All,All,28.5_to_inf,All,tested_negative
-inf_to_99.5,-inf_to_6.5,27.35_to_inf,14.5_to_112.0,All,All,-inf_to_28.5,All,tested_negative
99.5_to_123.5,-inf_to_6.5,27.35_to_inf,14.5_to_112.0,All,All,-inf_to_28.5,All,tested_negative
123.5_to_154.5,-inf_to_6.5,27.35_to_inf,-inf_to_14.5,All,All,-inf_to_28.5,All,tested_negative
123.5_to_154.5,-inf_to_6.5,27.35_to_inf,-inf_to_14.5,All,All,28.5_to_inf,All,tested_positive
-inf_to_99.5,-inf_to_6.5,27.35_to_inf,-inf_to_14.5,All,All,28.5_to_inf,All,tested_negative
99.5_to_123.5,-inf_to_6.5,27.35_to_inf,142.0_to_inf,All,All,-inf_to_28.5,All,tested_negative
154.5_to_inf,-inf_to_6.5,27.35_to_inf,142.0_to_inf,All,All,28.5_to_inf,All,tested_negative
154.5_to_inf,-inf_to_6.5,-inf_to_27.35,142.0_to_inf,All,All,28.5_to_inf,All,tested_positive
154.5_to_inf,-inf_to_6.5,27.35_to_inf,142.0_to_inf,All,All,-inf_to_28.5,All,tested_positive
123.5_to_154.5,6.5_to_inf,27.35_to_inf,112.0_to_142.0,All,All,28.5_to_inf,All,tested_positive
99.5_to_123.5,-inf_to_6.5,-inf_to_27.35,-inf_to_14.5,All,All,-inf_to_28.5,All,tested_negative
-inf_to_99.5,-inf_to_6.5,-inf_to_27.35,14.5_to_112.0,All,All,-inf_to_28.5,All,tested_negative
99.5_to_123.5,-inf_to_6.5,27.35_to_inf,14.5_to_112.0,All,All,-inf_to_28.5,All,tested_negative
99.5_to_123.5,-inf_to_6.5,27.35_to_inf,14.5_to_112.0,All,All,-inf_to_28.5,All,tested_negative
99.5_to_123.5,-inf_to_6.5,-inf_to_27.35,-inf_to_14.5,All,All,-inf_to_28.5,All,tested_negative
99.5_to_123.5,-inf_to_6.5,27.35_to_inf,112.0_to_142.0,All,All,-inf_to_28.5,All,tested_negative
154.5_to_inf,-inf_to_6.5,27.35_to_inf,142.0_to_inf,All,All,-inf_to_28.5,All,tested_positive
99.5_to_123.5,-inf_to_6.5,-inf_to_27.35,14.5_to_112.0,All,All,-inf_to_28.5,All,tested_negative
99.5_to_123.5,-inf_to_6.5,27.35_to_inf,142.0_to_inf,All,All,28.5_to_inf,All,tested_negative
-inf_to_99.5,-inf_to_6.5,27.35_to_inf,14.5_to_112.0,All,All,-inf_to_28.5,All,tested_positive
154.5_to_inf,6.5_to_inf,27.35_to_inf,-inf_to_14.5,All,All,28.5_to_inf,All,tested_negative
154.5_to_inf,-inf_to_6.5,27.35_to_inf,-inf_to_14.5,All,All,-inf_to_28.5,All,tested_positive
154.5_to_inf,6.5_to_inf,27.35_to_inf,142.0_to_inf,All,All,28.5_to_inf,All,tested_positive
123.5_to_154.5,6.5_to_inf,27.35_to_inf,112.0_to_142.0,All,All,28.5_to_inf,All,tested_positive
99.5_to_123.5,-inf_to_6.5,27.35_to_inf,-inf_to_14.5,All,All,28.5_to_inf,All,tested_positive
99.5_to_123.5,-inf_to_6.5,27.35_to_inf,112.0_to_142.0,All,All,-inf_to_28.5,All,tested_negative
123.5_to_154.5,-inf_to_6.5,27.35_to_inf,-inf_to_14.5,All,All,28.5_to_inf,All,tested_positive
99.5_to_123.5,6.5_to_inf,27.35_to_inf,-inf_to_14.5,All,All,28.5_to_inf,All,tested_positive
123.5_to_154.5,6.5_to_inf,27.35_to_inf,14.5_to_112.0,All,All,28.5_to_inf,All,tested_negative
154.5_to_inf,-inf_to_6.5,27.35_to_inf,142.0_to_inf,All,All,28.5_to_inf,All,tested_negative
-inf_to_99.5,-inf_to_6.5,-inf_to_27.35,-inf_to_14.5,All,All,-inf_to_28.5,All,tested_negative
-inf_to_99.5,6.5_to_inf,27.35_to_inf,14.5_to_112.0,All,All,28.5_to_inf,All,tested_negative
99.5_to_123.5,-inf_to_6.5,27.35_to_inf,142.0_to_inf,All,All,-inf_to_28.5,All,tested_negative
-inf_to_99.5,6.5_to_inf,27.35_to_inf,-inf_to_14.5,All,All,28.5_to_inf,All,tested_negative
154.5_to_inf,-inf_to_6.5,27.35_to_inf,-inf_to_14.5,All,All,28.5_to_inf,All,tested_positive
154.5_to_inf,6.5_to_inf,-inf_to_27.35,-inf_to_14.5,All,All,28.5_to_inf,All,tested_positive
99.5_to_123.5,-inf_to_6.5,27.35_to_inf,-inf_to_14.5,All,All,-inf_to_28.5,All,tested_positive
99.5_to_123.5,-inf_to_6.5,-inf_to_27.35,142.0_to_inf,All,All,-inf_to_28.5,All,tested_negative
154.5_to_inf,-inf_to_6.5,27.35_to_inf,-inf_to_14.5,All,All,-inf_to_28.5,All,tested_positive
-inf_to_99.5,-inf_to_6.5,27.35_to_inf,14.5_to_112.0,All,All,-inf_to_28.5,All,tested_negative
123.5_to_154.5,-inf_to_6.5,27.35_to_inf,-inf_to_14.5,All,All,-inf_to_28.5,All,tested_positive
123.5_to_154.5,-inf_to_6.5,-inf_to_27.35,-inf_to_14.5,All,All,28.5_to_inf,All,tested_negative
123.5_to_154.5,-inf_to_6.5,27.35_to_inf,142.0_to_inf,All,All,-inf_to_28.5,All,tested_negative
123.5_to_154.5,-inf_to_6.5,-inf_to_27.35,-inf_to_14.5,All,All,-inf_to_28.5,All,tested_negative
99.5_to_123.5,-inf_to_6.5,27.35_to_inf,-inf_to_14.5,All,All,28.5_to_inf,All,tested_negative
123.5_to_154.5,-inf_to_6.5,-inf_to_27.35,142.0_to_inf,All,All,-inf_to_28.5,All,tested_negative
123.5_to_154.5,-inf_to_6.5,27.35_to_inf,142.0_to_inf,All,All,28.5_to_inf,All,tested_positive
99.5_to_123.5,6.5_to_inf,-inf_to_27.35,-inf_to_14.5,All,All,28.5_to_inf,All,tested_negative
154.5_to_inf,6.5_to_inf,27.35_to_inf,-inf_to_14.5,All,All,28.5_to_inf,All,tested_positive
123.5_to_154.5,6.5_to_inf,27.35_to_inf,112.0_to_142.0,All,All,28.5_to_inf,All,tested_positive
-inf_to_99.5,-inf_to_6.5,-inf_to_27.35,-inf_to_14.5,All,All,-inf_to_28.5,All,tested_negative
123.5_to_154.5,6.5_to_inf,27.35_to_inf,142.0_to_inf,All,All,28.5_to_inf,All,tested_positive
154.5_to_inf,-inf_to_6.5,27.35_to_inf,112.0_to_142.0,All,All,28.5_to_inf,All,tested_positive
-inf_to_99.5,-inf_to_6.5,-inf_to_27.35,-inf_to_14.5,All,All,-inf_to_28.5,All,tested_negative
123.5_to_154.5,-inf_to_6.5,27.35_to_inf,142.0_to_inf,All,All,-inf_to_28.5,All,tested_negative
99.5_to_123.5,-inf_to_6.5,27.35_to_inf,-inf_to_14.5,All,All,-inf_to_28.5,All,tested_negative
99.5_to_123.5,-inf_to_6.5,27.35_to_inf,142.0_to_inf,All,All,-inf_to_28.5,All,tested_negative
123.5_to_154.5,-inf_to_6.5,27.35_to_inf,-inf_to_14.5,All,All,28.5_to_inf,All,tested_positive
154.5_to_inf,-inf_to_6.5,27.35_to_inf,-inf_to_14.5,All,All,28.5_to_inf,All,tested_positive
99.5_to_123.5,-inf_to_6.5,27.35_to_inf,14.5_to_112.0,All,All,-inf_to_28.5,All,tested_negative
99.5_to_123.5,6.5_to_inf,-inf_to_27.35,-inf_to_14.5,All,All,28.5_to_inf,All,tested_positive
123.5_to_154.5,-inf_to_6.5,27.35_to_inf,142.0_to_inf,All,All,-inf_to_28.5,All,tested_negative
-inf_to_99.5,-inf_to_6.5,27.35_to_inf,142.0_to_inf,All,All,-inf_to_28.5,All,tested_positive
154.5_to_inf,-inf_to_6.5,27.35_to_inf,142.0_to_inf,All,All,-inf_to_28.5,All,tested_negative
123.5_to_154.5,-inf_to_6.5,27.35_to_inf,14.5_to_112.0,All,All,28.5_to_inf,All,tested_negative
123.5_to_154.5,6.5_to_inf,27.35_to_inf,-inf_to_14.5,All,All,28.5_to_inf,All,tested_positive
123.5_to_154.5,-inf_to_6.5,-inf_to_27.35,142.0_to_inf,All,All,-inf_to_28.5,All,tested_negative
154.5_to_inf,6.5_to_inf,27.35_to_inf,142.0_to_inf,All,All,28.5_to_inf,All,tested_positive
154.5_to_inf,-inf_to_6.5,27.35_to_inf,142.0_to_inf,All,All,28.5_to_inf,All,tested_positive
-inf_to_99.5,6.5_to_inf,-inf_to_27.35,-inf_to_14.5,All,All,28.5_to_inf,All,tested_negative
99.5_to_123.5,-inf_to_6.5,27.35_to_inf,142.0_to_inf,All,All,-inf_to_28.5,All,tested_negative
-inf_to_99.5,-inf_to_6.5,27.35_to_inf,-inf_to_14.5,All,All,28.5_to_inf,All,tested_negative
99.5_to_123.5,-inf_to_6.5,27.35_to_inf,142.0_to_inf,All,All,-inf_to_28.5,All,tested_negative
123.5_to_154.5,-inf_to_6.5,27.35_to_inf,112.0_to_142.0,All,All,28.5_to_inf,All,tested_positive
99.5_to_123.5,-inf_to_6.5,27.35_to_inf,14.5_to_112.0,All,All,28.5_to_inf,All,tested_negative
99.5_to_123.5,-inf_to_6.5,27.35_to_inf,-inf_to_14.5,All,All,28.5_to_inf,All,tested_negative
99.5_to_123.5,-inf_to_6.5,27.35_to_inf,-inf_to_14.5,All,All,28.5_to_inf,All,tested_negative
99.5_to_123.5,-inf_to_6.5,27.35_to_inf,142.0_to_inf,All,All,-inf_to_28.5,All,tested_negative
123.5_to_154.5,-inf_to_6.5,27.35_to_inf,-inf_to_14.5,All,All,-inf_to_28.5,All,tested_negative
154.5_to_inf,-inf_to_6.5,-inf_to_27.35,-inf_to_14.5,All,All,-inf_to_28.5,All,tested_negative
-inf_to_99.5,-inf_to_6.5,27.35_to_inf,-inf_to_14.5,All,All,-inf_to_28.5,All,tested_negative
123.5_to_154.5,-inf_to_6.5,27.35_to_inf,14.5_to_112.0,All,All,28.5_to_inf,All,tested_positive
99.5_to_123.5,6.5_to_inf,27.35_to_inf,-inf_to_14.5,All,All,-inf_to_28.5,All,tested_positive
154.5_to_inf,-inf_to_6.5,27.35_to_inf,112.0_to_142.0,All,All,-inf_to_28.5,All,tested_positive
99.5_to_123.5,-inf_to_6.5,27.35_to_inf,142.0_to_inf,All,All,-inf_to_28.5,All,tested_negative
99.5_to_123.5,-inf_to_6.5,-inf_to_27.35,-inf_to_14.5,All,All,28.5_to_inf,All,tested_negative
-inf_to_99.5,-inf_to_6.5,27.35_to_inf,-inf_to_14.5,All,All,-inf_to_28.5,All,tested_negative
-inf_to_99.5,6.5_to_inf,27.35_to_inf,-inf_to_14.5,All,All,28.5_to_inf,All,tested_negative
-inf_to_99.5,-inf_to_6.5,27.35_to_inf,142.0_to_inf,All,All,-inf_to_28.5,All,tested_negative
99.5_to_123.5,-inf_to_6.5,27.35_to_inf,-inf_to_14.5,All,All,28.5_to_inf,All,tested_positive
99.5_to_123.5,6.5_to_inf,27.35_to_inf,142.0_to_inf,All,All,28.5_to_inf,All,tested_positive
99.5_to_123.5,-inf_to_6.5,27.35_to_inf,14.5_to_112.0,All,All,-inf_to_28.5,All,tested_negative
99.5_to_123.5,-inf_to_6.5,27.35_to_inf,112.0_to_142.0,All,All,-inf_to_28.5,All,tested_negative
123.5_to_154.5,6.5_to_inf,27.35_to_inf,-inf_to_14.5,All,All,28.5_to_inf,All,tested_positive
123.5_to_154.5,6.5_to_inf,27.35_to_inf,112.0_to_142.0,All,All,28.5_to_inf,All,tested_negative
99.5_to_123.5,6.5_to_inf,27.35_to_inf,14.5_to_112.0,All,All,28.5_to_inf,All,tested_negative
123.5_to_154.5,-inf_to_6.5,27.35_to_inf,-inf_to_14.5,All,All,-inf_to_28.5,All,tested_positive
-inf_to_99.5,-inf_to_6.5,27.35_to_inf,14.5_to_112.0,All,All,28.5_to_inf,All,tested_negative
154.5_to_inf,-inf_to_6.5,27.35_to_inf,142.0_to_inf,All,All,28.5_to_inf,All,tested_positive
154.5_to_inf,-inf_to_6.5,-inf_to_27.35,-inf_to_14.5,All,All,28.5_to_inf,All,tested_positive
123.5_to_154.5,-inf_to_6.5,27.35_to_inf,-inf_to_14.5,All,All,-inf_to_28.5,All,tested_positive
99.5_to_123.5,-inf_to_6.5,27.35_to_inf,14.5_to_112.0,All,All,-inf_to_28.5,All,tested_negative
99.5_to_123.5,-inf_to_6.5,-inf_to_27.35,-inf_to_14.5,All,All,-inf_to_28.5,All,tested_negative
154.5_to_inf,-inf_to_6.5,27.35_to_inf,142.0_to_inf,All,All,-inf_to_28.5,All,tested_positive
123.5_to_154.5,6.5_to_inf,27.35_to_inf,-inf_to_14.5,All,All,28.5_to_inf,All,tested_positive
123.5_to_154.5,6.5_to_inf,27.35_to_inf,-inf_to_14.5,All,All,28.5_to_inf,All,tested_negative
99.5_to_123.5,-inf_to_6.5,27.35_to_inf,-inf_to_14.5,All,All,28.5_to_inf,All,tested_positive
99.5_to_123.5,-inf_to_6.5,27.35_to_inf,-inf_to_14.5,All,All,-inf_to_28.5,All,tested_negative
154.5_to_inf,-inf_to_6.5,27.35_to_inf,-inf_to_14.5,All,All,28.5_to_inf,All,tested_positive
-inf_to_99.5,-inf_to_6.5,27.35_to_inf,14.5_to_112.0,All,All,-inf_to_28.5,All,tested_negative
154.5_to_inf,6.5_to_inf,27.35_to_inf,-inf_to_14.5,All,All,28.5_to_inf,All,tested_positive
-inf_to_99.5,6.5_to_inf,-inf_to_27.35,-inf_to_14.5,All,All,28.5_to_inf,All,tested_negative
99.5_to_123.5,6.5_to_inf,27.35_to_inf,142.0_to_inf,All,All,28.5_to_inf,All,tested_negative
99.5_to_123.5,-inf_to_6.5,27.35_to_inf,-inf_to_14.5,All,All,-inf_to_28.5,All,tested_negative
123.5_to_154.5,-inf_to_6.5,27.35_to_inf,-inf_to_14.5,All,All,28.5_to_inf,All,tested_positive
-inf_to_99.5,-inf_to_6.5,27.35_to_inf,-inf_to_14.5,All,All,-inf_to_28.5,All,tested_negative
