age,sex,histologic-type,degree-of-diffe,bone,bone-marrow,lung,pleura,peritoneum,liver,brain,skin,neck,supraclavicular,axillar,mediastinum,abdominal,class
>=60,female,,,no,no,no,no,no,yes,no,no,no,no,no,no,no,lung
30-59,female,adeno,,no,no,no,yes,no,no,no,yes,no,no,yes,no,no,breast
30-59,female,adeno,,no,no,no,no,yes,no,no,no,no,no,no,no,no,ovary
30-59,female,adeno,,no,no,no,yes,yes,no,no,no,no,no,no,no,no,ovary
30-59,male,adeno,,no,no,no,no,no,yes,no,no,no,no,no,no,no,colon
30-59,male,adeno,,yes,no,no,no,no,no,no,no,no,no,no,no,no,prostate
30-59,female,adeno,,yes,no,no,no,no,no,yes,no,no,no,no,yes,no,lung
30-59,male,adeno,fairly,no,no,no,no,no,no,no,no,yes,yes,no,no,no,prostate
>=60,female,,,no,no,no,no,yes,yes,no,no,no,yes,no,no,no,lung
30-59,male,epidermoid,,no,no,no,yes,no,no,no,no,yes,no,no,no,no,head and neck
>=60,female,,,yes,no,yes,no,no,no,no,no,no,no,no,no,no,thyroid
>=60,female,adeno,,no,yes,no,no,yes,no,no,no,no,no,no,no,yes,pancreas
30-59,male,epidermoid,well,yes,no,no,no,no,no,no,yes,yes,yes,no,no,no,lung
30-59,male,epidermoid,,no,no,no,no,no,no,no,no,yes,no,no,no,no,head and neck
30-59,male,anaplastic,poorly,no,no,no,yes,no,yes,no,no,yes,no,no,yes,yes,lung
30-59,male,,poorly,yes,no,no,no,no,yes,no,no,no,no,no,yes,no,lung
>=60,male,adeno,fairly,no,no,no,yes,yes,no,no,no,no,no,no,no,no,liver
>=60,male,epidermoid,poorly,yes,no,yes,yes,no,yes,no,no,no,no,no,no,yes,lung
30-59,female,adeno,,no,no,no,no,yes,yes,no,yes,no,no,no,no,yes,ovary
30-59,female,adeno,well,no,no,no,no,no,no,no,no,no,yes,no,no,no,kidney
<30,female,adeno,poorly,yes,no,no,no,no,no,no,no,no,no,no,yes,no,lung
30-59,male,epidermoid,well,yes,no,no,no,no,no,no,no,yes,yes,no,no,no,salivary glands
<30,male,adeno,poorly,no,no,yes,no,no,no,no,no,yes,yes,yes,no,no,breast
>=60,male,adeno,well,no,no,no,no,no,yes,no,yes,no,no,no,no,no,rectum
>=60,male,adeno,,no,no,no,no,no,yes,no,no,no,no,no,no,yes,pancreas
30-59,male,epidermoid,poorly,no,no,no,no,no,yes,no,no,no,no,no,yes,no,lung
>=60,female,adeno,poorly,no,no,no,no,no,yes,no,no,no,no,no,no,yes,pancreas
>=60,male,adeno,well,yes,no,no,no,no,no,no,no,no,no,no,no,no,prostate
>=60,female,adeno,,no,no,no,no,no,yes,no,no,no,no,no,no,yes,gallbladder
>=60,female,,poorly,no,no,no,no,no,yes,no,no,no,no,no,no,no,gallbladder
30-59,female,adeno,poorly,no,no,no,no,yes,yes,no,no,no,no,yes,yes,yes,breast
30-59,female,adeno,,no,no,no,no,no,no,no,no,no,no,yes,no,no,breast
>=60,female,adeno,poorly,no,no,yes,no,no,yes,no,no,no,no,no,no,yes,gallbladder
30-59,female,adeno,,no,no,no,no,no,no,no,no,no,yes,yes,no,yes,stomach
30-59,male,adeno,,no,no,no,no,no,no,yes,no,no,no,no,no,yes,stomach
30-59,male,adeno,poorly,no,no,no,no,no,no,no,no,no,yes,no,yes,no,lung
30-59,male,adeno,,yes,no,no,no,no,no,no,no,yes,no,no,no,no,thyroid
<30,male,,poorly,yes,no,no,yes,yes,no,no,no,no,no,no,no,no,pancreas
30-59,male,,poorly,no,no,no,no,yes,no,yes,yes,no,no,no,yes,yes,lung
>=60,female,adeno,,no,no,no,no,no,yes,no,no,no,no,no,no,no,pancreas
30-59,female,adeno,,no,no,yes,no,no,yes,no,no,no,no,no,no,yes,pancreas
30-59,female,adeno,,no,no,no,yes,yes,no,no,no,no,no,no,no,no,ovary
30-59,female,,poorly,yes,no,no,no,no,no,no,yes,yes,no,no,no,no,esophagus
30-59,female,adeno,well,no,no,no,no,yes,yes,no,no,no,no,no,no,yes,pancreas
30-59,female,adeno,,no,no,no,no,no,yes,no,no,no,no,no,no,yes,pancreas
30-59,male,epidermoid,fairly,yes,no,no,no,no,no,no,,yes,yes,no,no,no,lung
>=60,female,adeno,well,no,no,no,no,yes,no,no,no,no,no,no,no,no,ovary
>=60,female,adeno,well,no,no,no,no,no,no,no,no,no,yes,no,no,no,stomach
>=60,female,adeno,,no,no,no,no,no,no,no,no,no,no,no,yes,yes,gallbladder
>=60,female,anaplastic,poorly,no,no,no,yes,no,no,no,no,no,no,no,yes,no,thyroid
30-59,female,adeno,,yes,no,no,yes,no,no,no,yes,yes,yes,yes,yes,no,breast
<30,male,,,no,no,no,no,yes,yes,no,no,no,no,no,no,no,colon
30-59,female,adeno,,no,no,yes,no,no,no,no,no,yes,yes,yes,yes,yes,stomach
30-59,male,,poorly,yes,no,no,yes,no,no,no,no,no,no,no,yes,no,lung
30-59,male,,poorly,yes,yes,no,no,no,no,yes,no,no,no,no,yes,no,lung
30-59,male,adeno,,no,no,yes,no,no,yes,no,no,no,no,no,no,yes,esophagus
30-59,female,adeno,,yes,no,no,no,no,no,no,no,no,no,no,no,no,breast
30-59,male,,poorly,no,no,no,no,no,no,no,no,yes,no,no,no,no,head and neck
30-59,male,,poorly,yes,yes,yes,yes,yes,yes,no,no,no,no,no,yes,yes,lung
>=60,male,,poorly,no,no,no,no,no,no,no,no,yes,no,no,no,no,head and neck
30-59,female,adeno,,no,no,yes,no,no,yes,no,no,no,no,no,no,yes,corpus uteri
30-59,male,epidermoid,well,no,no,no,no,no,no,no,no,yes,no,no,no,no,rectum
30-59,female,adeno,well,no,no,no,yes,yes,no,no,no,no,no,no,no,no,stomach
>=60,male,adeno,,no,no,no,no,no,yes,no,no,no,no,no,no,yes,prostate
30-59,male,adeno,,no,no,no,yes,no,no,no,no,no,no,no,no,no,lung
30-59,female,adeno,poorly,yes,no,no,yes,no,yes,no,no,no,yes,no,yes,no,thyroid
30-59,female,adeno,,yes,no,no,no,no,no,no,no,no,no,yes,no,no,breast
>=60,female,adeno,well,no,no,no,no,yes,no,no,no,no,no,no,no,no,pancreas
>=60,male,adeno,,yes,no,yes,no,no,no,no,no,no,no,no,no,no,kidney
30-59,male,adeno,,yes,no,no,no,no,no,no,no,no,no,no,no,no,kidney
30-59,female,adeno,poorly,no,no,no,yes,no,no,no,no,no,no,no,no,yes,pancreas
>=60,male,epidermoid,poorly,no,no,no,no,no,no,no,no,no,yes,no,no,no,lung
30-59,female,adeno,well,no,no,no,no,yes,no,no,no,no,no,no,no,no,ovary
30-59,male,,poorly,no,no,no,no,no,no,no,no,yes,yes,no,yes,yes,lung
30-59,male,adeno,,no,no,no,no,no,no,no,no,no,no,yes,no,no,lung
30-59,male,adeno,fairly,no,no,yes,yes,no,no,no,no,no,no,no,no,no,testis
30-59,male,,poorly,yes,no,yes,yes,no,yes,no,no,no,no,no,yes,yes,lung
30-59,female,adeno,,yes,no,no,no,no,yes,no,no,no,no,no,no,no,lung
30-59,male,,poorly,no,no,no,yes,no,yes,no,yes,no,no,no,no,no,lung
30-59,male,epidermoid,well,no,no,no,no,no,no,no,no,yes,no,no,no,no,head and neck
30-59,male,anaplastic,poorly,yes,yes,no,no,no,no,no,no,no,no,no,yes,no,lung
>=60,female,adeno,well,yes,no,no,no,no,no,no,no,no,no,no,no,no,thyroid
30-59,male,,poorly,no,no,yes,no,no,yes,no,no,no,no,no,yes,yes,lung
>=60,male,epidermoid,fairly,no,no,no,no,no,no,no,no,yes,no,no,no,no,head and neck
30-59,female,adeno,,no,no,no,no,yes,no,no,no,no,no,no,no,yes,ovary
30-59,female,epidermoid,poorly,no,no,no,no,no,yes,yes,no,no,no,no,yes,no,lung
30-59,female,anaplastic,poorly,no,no,no,yes,no,no,yes,no,no,no,no,yes,no,lung
>=60,male,adeno,,no,no,yes,no,yes,yes,no,no,no,no,no,no,yes,stomach
30-59,male,adeno,,no,no,yes,no,no,no,no,no,no,yes,no,no,no,lung
>=60,male,adeno,,yes,no,yes,no,no,no,no,no,no,no,no,yes,yes,kidney
30-59,female,adeno,fairly,yes,no,no,no,no,no,no,no,no,no,no,no,yes,cervix uteri
>=60,male,adeno,,no,no,no,no,yes,yes,no,no,no,no,no,no,no,stomach
30-59,female,,,no,no,no,yes,no,no,no,no,no,no,no,no,no,lung
30-59,male,adeno,,yes,no,yes,no,yes,no,no,no,no,no,no,no,yes,kidney
>=60,female,adeno,,no,no,yes,no,no,yes,no,no,no,no,no,no,yes,gallbladder
30-59,female,adeno,fairly,no,no,no,no,yes,no,no,no,no,no,no,no,no,stomach
30-59,male,,poorly,no,no,no,yes,no,no,no,no,no,yes,no,yes,yes,lung
30-59,female,adeno,,no,no,no,no,yes,no,no,no,no,no,no,no,no,stomach
30-59,female,adeno,,yes,no,no,yes,no,no,no,no,no,no,no,no,no,breast
<30,female,adeno,well,yes,no,yes,no,no,no,no,yes,no,no,no,no,no,thyroid
>=60,male,epidermoid,fairly,no,no,no,no,no,no,no,no,yes,no,no,no,no,head and neck
>=60,female,adeno,well,no,no,yes,no,no,no,no,no,no,no,no,no,no,rectum
30-59,female,adeno,,yes,no,no,no,no,no,no,no,no,no,no,no,no,liver
30-59,female,,,no,no,no,no,no,no,no,no,yes,yes,no,no,no,head and neck
30-59,male,epidermoid,,no,no,no,yes,no,yes,no,no,no,no,no,no,no,lung
<30,male,adeno,well,no,no,no,no,yes,no,no,no,no,yes,no,no,no,stomach
<30,female,,well,no,no,no,no,no,no,no,no,no,no,no,no,no,kidney
30-59,female,epidermoid,poorly,yes,no,no,no,no,no,no,no,yes,no,no,no,no,head and neck
30-59,female,,,yes,no,yes,no,no,no,no,no,no,no,no,no,no,kidney
30-59,male,adeno,,yes,no,no,no,no,no,no,no,no,no,no,no,no,kidney
30-59,female,adeno,,no,no,no,no,no,no,yes,no,no,no,no,yes,no,lung
30-59,female,adeno,,no,no,no,yes,yes,no,no,no,no,no,no,no,no,ovary
<30,male,adeno,,no,no,no,yes,no,no,no,no,no,no,no,no,no,stomach
<30,female,adeno,,yes,no,no,no,yes,no,no,no,yes,yes,yes,no,yes,stomach
>=60,male,epidermoid,,no,no,no,no,no,no,no,no,yes,no,no,no,no,head and neck
30-59,male,adeno,poorly,no,no,no,no,no,yes,no,no,no,no,no,no,no,pancreas
>=60,male,epidermoid,fairly,yes,no,no,no,no,no,no,no,no,no,no,yes,no,lung
30-59,female,adeno,,no,no,no,yes,no,no,no,no,no,no,no,no,yes,ovary
>=60,male,adeno,,no,no,no,no,yes,no,no,no,no,no,no,no,no,stomach
>=60,female,,poorly,yes,no,no,no,no,no,no,no,no,no,no,no,yes,thyroid
<30,female,,poorly,yes,no,yes,yes,no,no,no,no,no,no,no,yes,no,lung
30-59,female,adeno,,no,no,no,yes,yes,no,no,no,no,no,no,no,no,ovary
30-59,female,adeno,,yes,no,no,yes,no,yes,no,no,yes,yes,yes,yes,yes,breast
>=60,female,adeno,poorly,no,no,no,yes,yes,no,no,no,no,no,no,no,no,ovary
30-59,male,,poorly,no,no,no,no,no,no,no,no,no,no,no,yes,no,lung
>=60,female,adeno,fairly,no,no,no,no,no,no,no,no,no,yes,yes,no,no,breast
30-59,male,adeno,,yes,no,yes,no,no,no,no,no,no,no,no,no,no,kidney
<30,female,adeno,,yes,no,no,no,no,no,no,no,no,no,yes,no,no,breast
>=60,male,adeno,well,no,no,no,no,no,yes,no,no,no,no,no,no,no,rectum
30-59,male,adeno,,yes,no,yes,no,no,no,yes,no,no,no,no,yes,no,stomach
30-59,male,epidermoid,,no,no,no,no,no,no,no,no,no,yes,,yes,no,lung
30-59,male,epidermoid,,no,no,yes,no,no,no,no,no,no,yes,no,no,no,esophagus
30-59,female,adeno,,no,no,no,no,yes,no,no,no,no,no,no,no,no,ovary
30-59,female,,,yes,no,no,no,no,no,no,no,no,yes,yes,no,no,breast
30-59,male,epidermoid,poorly,no,no,yes,no,no,no,no,no,yes,yes,yes,yes,no,esophagus
>=60,male,adeno,poorly,no,no,no,no,no,yes,no,no,no,no,no,no,no,stomach
30-59,female,adeno,fairly,yes,no,no,yes,no,no,no,no,no,yes,yes,yes,yes,breast
30-59,female,anaplastic,poorly,no,no,no,yes,yes,no,no,no,no,yes,no,yes,no,lung
>=60,female,,poorly,no,no,no,no,no,yes,no,no,no,no,no,no,yes,stomach
30-59,male,epidermoid,poorly,yes,no,no,yes,no,no,no,no,no,yes,no,yes,no,lung
30-59,male,epidermoid,poorly,yes,no,no,no,no,no,no,no,no,no,no,no,no,lung
>=60,male,adeno,,no,no,yes,yes,no,no,no,no,no,no,no,no,no,kidney
>=60,female,adeno,,no,no,no,no,yes,yes,no,no,no,no,no,no,no,gallbladder
<30,female,adeno,well,yes,yes,no,no,yes,no,no,no,no,no,no,no,no,stomach
>=60,female,adeno,,no,no,yes,no,no,no,no,no,no,no,no,no,no,liver
30-59,male,adeno,,no,no,no,yes,yes,yes,no,no,no,no,no,no,yes,pancreas
>=60,female,adeno,fairly,no,no,no,no,no,yes,no,no,no,no,no,no,yes,gallbladder
>=60,female,adeno,poorly,yes,no,no,no,no,no,no,no,no,no,no,no,yes,corpus uteri
30-59,female,adeno,poorly,no,no,no,no,no,yes,no,no,no,no,no,no,yes,pancreas
>=60,female,,poorly,no,no,no,no,no,no,no,no,no,no,no,yes,yes,lung
>=60,male,adeno,well,no,no,no,no,no,no,no,no,no,no,no,no,yes,prostate
>=60,female,adeno,,yes,no,yes,no,no,no,no,no,no,no,no,no,no,thyroid
30-59,male,anaplastic,poorly,no,no,yes,no,yes,no,no,no,no,no,no,no,yes,lung
30-59,male,,poorly,no,no,no,no,no,no,no,no,no,yes,no,yes,no,lung
30-59,male,adeno,,no,no,yes,yes,no,no,no,no,no,no,no,yes,yes,pancreas
>=60,female,adeno,,no,no,no,no,no,yes,no,no,no,no,no,no,yes,gallbladder
30-59,male,,poorly,no,no,no,no,no,no,yes,yes,no,yes,yes,yes,no,lung
30-59,female,adeno,,yes,no,no,no,no,no,no,no,no,yes,yes,no,no,breast
30-59,female,,,no,no,no,no,yes,no,no,no,no,no,no,no,yes,ovary
30-59,female,adeno,fairly,no,no,no,no,yes,no,no,no,no,no,no,no,yes,colon
30-59,male,adeno,poorly,no,no,no,yes,no,yes,no,no,no,no,no,yes,yes,pancreas
>=60,male,adeno,well,no,no,no,no,no,no,yes,no,no,no,no,no,no,kidney
30-59,male,adeno,,no,no,no,no,yes,yes,no,no,no,no,no,no,yes,stomach
>=60,male,epidermoid,well,yes,no,no,no,yes,yes,no,no,no,no,no,yes,no,lung
30-59,male,adeno,poorly,yes,no,no,no,no,yes,no,no,no,no,no,no,no,stomach
30-59,male,adeno,,no,no,no,yes,yes,yes,no,no,no,yes,no,no,yes,colon
30-59,male,,poorly,no,no,no,no,no,no,no,no,no,yes,no,no,no,stomach
30-59,male,adeno,fairly,no,no,yes,no,no,no,no,no,yes,yes,no,yes,no,lung
>=60,male,adeno,fairly,no,no,no,yes,yes,yes,no,no,no,no,no,no,yes,colon
30-59,male,adeno,,no,no,no,no,no,yes,no,no,no,no,no,no,no,pancreas
30-59,male,adeno,well,no,no,no,no,yes,yes,no,no,no,no,no,no,no,pancreas
>=60,female,adeno,,no,no,no,no,no,yes,no,no,no,no,no,no,yes,colon
30-59,male,anaplastic,poorly,no,no,no,no,no,no,yes,no,no,no,no,no,no,lung
30-59,female,adeno,fairly,no,no,no,yes,yes,no,no,no,no,no,no,no,no,ovary
<30,male,,poorly,no,no,no,no,no,yes,no,no,no,yes,no,yes,no,lung
30-59,female,adeno,well,yes,no,no,no,no,no,no,no,no,no,no,no,no,lung
30-59,male,adeno,,yes,no,yes,yes,no,no,no,no,no,no,no,yes,no,kidney
30-59,female,adeno,fairly,no,no,no,no,no,no,no,no,no,no,no,no,yes,corpus uteri
30-59,male,,,yes,no,no,no,no,no,no,yes,no,no,no,no,no,lung
>=60,female,adeno,,yes,no,yes,yes,no,yes,no,no,no,no,no,yes,yes,pancreas
<30,male,adeno,,no,no,no,no,no,no,no,no,no,yes,no,no,no,kidney
30-59,female,adeno,,yes,no,yes,yes,yes,yes,no,no,no,no,no,yes,yes,lung
30-59,male,,poorly,no,no,no,yes,no,yes,yes,no,no,no,no,yes,yes,lung
30-59,male,adeno,fairly,yes,no,no,no,no,no,no,no,no,no,no,no,no,prostate
>=60,female,epidermoid,,no,no,no,no,no,yes,no,no,no,no,no,no,yes,gallbladder
30-59,male,adeno,well,no,no,yes,no,no,no,no,yes,no,no,yes,no,no,kidney
>=60,female,,,no,no,no,no,no,yes,no,no,no,no,no,no,yes,stomach
<30,male,anaplastic,poorly,no,no,no,no,no,no,no,no,no,yes,no,no,no,liver
>=60,female,adeno,,no,no,yes,no,no,yes,no,no,no,no,no,yes,yes,colon
30-59,female,adeno,,no,no,yes,no,no,no,no,no,no,no,no,no,no,colon
30-59,male,,poorly,yes,no,no,no,no,no,no,no,no,no,no,no,no,esophagus
<30,male,adeno,poorly,yes,yes,yes,no,no,yes,yes,no,no,no,yes,yes,yes,stomach
<30,male,adeno,,yes,no,no,no,no,no,no,no,no,no,no,no,no,kidney
30-59,male,adeno,,yes,no,no,no,no,no,no,no,no,no,no,no,yes,esophagus
>=60,male,adeno,poorly,no,no,yes,no,no,yes,no,no,no,no,no,no,yes,pancreas
30-59,male,adeno,,yes,no,no,no,no,no,no,no,no,no,no,yes,no,lung
>=60,male,epidermoid,,no,no,no,no,no,no,no,no,no,no,no,no,yes,lung
30-59,female,adeno,well,yes,no,no,no,no,no,no,no,no,no,no,no,no,corpus uteri
>=60,male,adeno,,no,no,no,yes,yes,no,no,no,no,no,no,yes,yes,lung
>=60,female,,poorly,yes,no,no,yes,no,yes,no,no,no,no,no,no,no,lung
30-59,male,,poorly,yes,no,no,no,yes,no,yes,no,no,no,no,yes,yes,lung
<30,male,adeno,,no,no,no,no,yes,yes,no,yes,no,no,no,no,yes,kidney
30-59,female,,poorly,no,no,yes,yes,yes,yes,no,yes,no,no,no,yes,yes,lung
30-59,female,adeno,,no,no,no,yes,no,no,no,no,no,no,no,no,no,ovary
>=60,female,,poorly,yes,no,no,yes,no,no,no,no,no,no,no,no,no,lung
30-59,female,adeno,,no,no,yes,yes,yes,no,no,no,no,no,no,no,yes,stomach
>=60,female,adeno,,no,no,no,no,no,yes,no,no,no,no,no,no,yes,stomach
30-59,female,adeno,fairly,yes,no,yes,no,no,no,no,no,no,no,no,yes,no,thyroid
30-59,female,adeno,,no,no,no,no,no,no,no,no,no,no,yes,no,no,breast
30-59,female,adeno,,no,no,yes,yes,yes,no,no,no,no,yes,no,no,no,breast
30-59,female,adeno,well,no,no,no,yes,yes,no,no,no,no,no,no,no,no,stomach
30-59,female,adeno,,no,no,no,no,no,no,no,no,no,no,yes,no,no,breast
30-59,male,epidermoid,well,no,no,no,no,no,no,no,no,yes,no,no,no,no,head and neck
30-59,female,adeno,well,yes,no,yes,no,no,no,no,no,no,no,no,no,no,thyroid
30-59,male,epidermoid,,yes,no,no,yes,yes,no,no,no,yes,yes,no,no,no,salivary glands
>=60,female,adeno,poorly,no,no,yes,yes,yes,yes,no,no,no,no,no,yes,yes,gallbladder
>=60,female,,poorly,no,no,no,no,no,yes,no,no,no,no,no,yes,yes,lung
30-59,male,adeno,poorly,no,no,no,no,yes,yes,no,no,no,no,no,no,no,pancreas
>=60,female,adeno,,no,no,yes,no,no,no,no,no,no,no,no,no,no,duoden and sm.int
30-59,female,adeno,,no,no,no,no,no,no,no,no,no,no,yes,no,no,breast
>=60,female,,poorly,no,no,no,no,no,no,no,no,no,no,no,no,yes,ovary
>=60,female,,poorly,no,no,yes,no,no,yes,yes,no,no,yes,no,yes,no,lung
>=60,female,adeno,,no,no,no,no,no,no,no,no,no,no,no,yes,yes,liver
>=60,female,adeno,,no,no,yes,yes,no,yes,no,no,no,no,no,yes,yes,colon
30-59,male,,,no,no,no,no,yes,no,no,no,no,no,no,no,no,bladder
30-59,male,adeno,fairly,yes,no,no,no,no,no,no,no,no,no,no,no,no,prostate
30-59,female,adeno,,no,no,no,yes,no,no,no,no,no,no,no,no,no,ovary
30-59,female,,poorly,no,no,no,no,no,no,no,no,yes,yes,no,no,no,esophagus
30-59,male,adeno,well,no,no,yes,yes,no,no,no,no,no,no,no,yes,yes,stomach
>=60,male,epidermoid,fairly,no,no,no,no,no,no,no,no,yes,no,no,no,no,head and neck
<30,male,,poorly,no,no,yes,no,no,no,no,no,no,no,no,no,no,lung
>=60,male,adeno,,no,no,yes,no,no,no,no,no,no,yes,no,no,no,stomach
30-59,female,adeno,poorly,no,no,no,yes,yes,yes,no,no,no,no,no,no,yes,pancreas
>=60,male,epidermoid,,no,no,yes,no,no,yes,no,no,no,no,no,yes,yes,esophagus
>=60,female,,poorly,no,no,no,yes,no,yes,no,no,no,yes,no,yes,no,lung
30-59,male,adeno,poorly,yes,no,no,no,no,no,no,yes,no,no,no,no,no,lung
30-59,female,adeno,,no,no,no,no,yes,no,no,no,no,no,no,no,no,ovary
30-59,female,adeno,,no,no,no,no,yes,yes,no,no,no,no,no,yes,yes,corpus uteri
>=60,female,adeno,poorly,no,no,yes,no,no,yes,no,no,no,no,no,yes,yes,pancreas
30-59,female,adeno,well,no,no,no,no,yes,no,no,no,no,no,no,no,no,ovary
>=60,male,adeno,well,no,no,no,no,yes,no,no,no,no,no,no,no,yes,stomach
30-59,male,,poorly,no,no,no,no,yes,yes,no,no,no,no,no,yes,no,lung
30-59,male,,,yes,no,yes,no,no,no,no,no,no,no,no,no,no,thyroid
30-59,female,adeno,,no,no,no,no,no,yes,no,no,no,yes,no,yes,no,lung
>=60,female,adeno,,no,no,no,no,no,yes,no,no,no,no,no,no,no,gallbladder
>=60,female,adeno,,no,no,no,no,no,yes,no,no,no,no,no,no,no,colon
30-59,male,adeno,,no,no,no,no,no,yes,no,no,no,no,no,no,yes,stomach
>=60,male,adeno,well,no,no,no,no,yes,yes,no,no,no,no,no,no,yes,pancreas
30-59,male,epidermoid,poorly,yes,no,no,no,no,no,no,no,no,no,no,no,no,lung
<30,male,epidermoid,fairly,no,no,no,no,no,no,no,no,yes,no,no,no,no,head and neck
>=60,male,adeno,,no,no,no,yes,yes,yes,no,no,no,no,no,no,yes,rectum
30-59,female,adeno,well,no,no,no,yes,yes,no,no,no,no,yes,no,no,no,stomach
30-59,female,adeno,,no,no,yes,no,no,no,no,no,no,no,no,yes,yes,colon
30-59,female,adeno,,no,no,no,no,yes,no,no,no,no,no,no,no,yes,ovary
30-59,female,adeno,,no,no,no,no,no,no,no,no,no,no,yes,no,no,breast
>=60,female,adeno,,no,no,no,yes,yes,no,no,no,no,no,no,no,yes,kidney
>=60,female,epidermoid,poorly,no,no,no,no,no,no,no,no,no,no,no,yes,no,lung
30-59,male,,,no,no,no,no,no,no,no,no,no,no,no,no,yes,stomach
30-59,female,adeno,,no,no,no,no,no,no,no,no,no,no,yes,no,no,breast
30-59,female,adeno,,no,no,no,no,yes,yes,no,no,no,yes,no,yes,yes,ovary
30-59,female,adeno,,yes,yes,no,no,yes,yes,no,no,no,no,yes,no,no,breast
>=60,female,adeno,,no,no,yes,no,no,no,no,no,no,no,no,no,no,kidney
>=60,female,epidermoid,poorly,yes,no,yes,no,no,no,no,no,no,yes,no,no,no,lung
30-59,male,adeno,well,yes,no,no,no,no,no,no,no,no,no,no,no,no,kidney
30-59,female,adeno,,no,no,yes,no,yes,yes,no,no,no,no,no,no,yes,kidney
30-59,male,adeno,,yes,no,no,no,no,no,no,no,no,no,no,no,no,prostate
>=60,female,epidermoid,,no,no,no,yes,yes,no,no,no,no,no,no,no,no,lung
30-59,male,adeno,,no,no,yes,no,no,yes,no,no,no,yes,yes,yes,no,lung
30-59,female,adeno,,no,no,no,no,no,no,no,no,no,no,yes,no,no,breast
30-59,male,adeno,well,yes,no,no,no,no,no,no,no,no,no,no,no,no,thyroid
30-59,female,adeno,well,no,no,no,no,yes,no,no,yes,no,no,no,no,no,ovary
30-59,male,adeno,well,no,no,no,no,no,yes,no,no,no,no,no,no,no,stomach
30-59,male,adeno,,no,no,no,yes,yes,no,no,no,no,no,no,yes,yes,lung
30-59,female,adeno,,yes,no,no,no,no,no,no,yes,no,no,no,no,no,lung
30-59,female,,,no,no,no,no,no,no,no,no,yes,no,no,no,no,head and neck
>=60,male,epidermoid,fairly,no,no,no,no,no,no,no,no,yes,no,no,no,no,head and neck
30-59,female,adeno,poorly,no,no,no,no,yes,yes,no,no,no,no,no,no,no,ovary
30-59,male,adeno,,no,no,yes,yes,no,no,no,no,no,no,no,yes,yes,liver
30-59,male,,poorly,no,no,no,no,no,no,no,yes,no,no,no,no,no,lung
30-59,male,adeno,fairly,no,no,yes,no,no,no,no,no,yes,yes,yes,yes,no,thyroid
>=60,male,epidermoid,well,no,no,no,no,no,no,no,no,yes,yes,no,no,no,head and neck
>=60,female,adeno,,no,no,no,no,no,no,no,no,no,no,no,no,yes,colon
30-59,female,epidermoid,,yes,no,yes,no,yes,yes,no,no,no,no,no,no,yes,vagina
30-59,female,adeno,poorly,no,no,no,no,no,no,no,no,no,yes,no,no,no,lung
>=60,male,epidermoid,poorly,no,no,no,no,no,no,no,no,yes,no,no,no,no,head and neck
>=60,female,adeno,poorly,no,no,yes,no,no,no,no,no,no,no,no,yes,yes,kidney
30-59,female,adeno,poorly,no,no,yes,no,yes,yes,no,no,no,no,no,yes,no,lung
>=60,female,adeno,,no,no,no,no,no,no,no,no,no,no,no,no,yes,gallbladder
>=60,female,adeno,fairly,no,no,no,no,yes,no,no,no,no,no,no,no,no,pancreas
30-59,female,adeno,well,no,no,no,no,yes,yes,no,no,no,no,no,no,yes,stomach
30-59,male,adeno,well,no,no,no,no,yes,no,no,no,no,no,no,no,no,colon
30-59,female,adeno,,no,no,no,no,no,no,no,no,no,yes,no,no,no,stomach
>=60,female,adeno,poorly,no,no,no,no,no,yes,no,no,no,no,no,no,yes,gallbladder
30-59,male,,poorly,no,no,yes,no,yes,yes,no,no,no,no,no,yes,yes,pancreas
>=60,male,,poorly,no,no,no,no,no,yes,no,no,no,no,no,yes,yes,lung
30-59,male,adeno,,yes,no,no,no,no,no,no,no,no,no,no,yes,no,kidney
>=60,female,adeno,,no,no,yes,yes,yes,no,no,no,no,no,no,no,yes,corpus uteri
30-59,male,epidermoid,well,no,no,no,no,no,no,no,no,yes,no,no,no,no,head and neck
30-59,female,,poorly,no,no,no,no,yes,no,no,no,no,no,no,no,yes,stomach
30-59,male,adeno,well,yes,no,no,no,no,no,no,no,yes,yes,no,yes,no,prostate
30-59,female,adeno,well,no,no,no,no,yes,no,no,no,no,no,no,no,no,ovary
30-59,male,epidermoid,poorly,yes,no,no,no,no,no,no,yes,no,no,yes,no,no,lung
30-59,female,adeno,well,no,no,no,yes,yes,no,no,no,no,no,no,no,no,ovary
30-59,female,adeno,,yes,no,yes,yes,yes,yes,yes,no,no,no,no,no,yes,gallbladder
30-59,female,adeno,well,no,no,no,yes,yes,no,no,no,no,no,no,no,no,ovary
