X1_-1,X1_1,X2_[-Inf; Inf],X3_(-0.6994645; Inf],X3_[-Inf;-0.6994645],X4_(-0.5; Inf],X4_[-Inf;-0.5],X5_(0.153846; Inf],X5_[-Inf;0.153846],X6_(0.625; Inf],X6_[-Inf;0.625],X7_(-0.9284215; Inf],X7_[-Inf;-0.9284215],X8_-1,X8_1,X9_-1,X9_1,X10_(-0.9253735; Inf],X10_[-Inf;-0.9253735],X11_-1,X11_1,X12_[-Inf; Inf],X13_(-0.9005; Inf],X13_[-Inf;-0.9005],X14_(-0.9921; Inf],X14_[-Inf;-0.9921],Y_-1
0,1,1,1,0,1,0,0,1,0,1,1,0,1,0,1,0,0,1,0,1,1,1,0,1,0,1
1,0,1,0,1,0,1,0,1,0,1,1,0,1,0,1,0,0,1,0,1,1,1,0,0,1,1
1,0,1,1,0,0,1,0,1,0,1,0,1,0,1,0,1,1,0,0,1,1,0,1,0,1,0
0,1,1,1,0,1,0,0,1,0,1,1,0,0,1,0,1,1,0,1,0,1,0,1,0,1,0
0,1,1,1,0,1,0,0,1,0,1,0,1,1,0,1,0,0,1,1,0,1,0,1,0,1,1
1,0,1,1,0,1,0,1,0,1,0,1,0,0,1,0,1,1,0,1,0,1,0,1,1,0,0
0,1,1,0,1,0,1,0,1,1,0,1,0,1,0,1,0,0,1,1,0,1,1,0,1,0,1
1,0,1,1,0,1,0,0,1,1,0,1,0,0,1,0,1,1,0,0,1,1,1,0,0,1,1
0,1,1,0,1,1,0,1,0,1,0,1,0,0,1,0,1,1,0,0,1,1,1,0,1,0,0
0,1,1,1,0,1,0,1,0,1,0,1,0,0,1,0,1,1,0,0,1,1,1,0,0,1,0
0,1,1,1,0,1,0,1,0,1,0,1,0,0,1,0,1,1,0,0,1,1,0,1,1,0,0
0,1,1,0,1,1,0,0,1,0,1,1,0,1,0,1,0,0,1,0,1,1,1,0,0,1,1
0,1,1,1,0,1,0,0,1,0,1,0,1,1,0,1,0,0,1,1,0,1,0,1,1,0,0
0,1,1,1,0,1,0,1,0,0,1,1,0,0,1,0,1,0,1,0,1,1,1,0,0,1,0
1,0,1,1,0,1,0,0,1,0,1,0,1,0,1,0,1,0,1,1,0,1,0,1,1,0,0
0,1,1,0,1,0,1,0,1,0,1,0,1,1,0,1,0,0,1,1,0,1,1,0,0,1,1
1,0,1,1,0,1,0,1,0,0,1,1,0,0,1,0,1,1,0,1,0,1,1,0,1,0,0
1,0,1,0,1,1,0,0,1,0,1,0,1,1,0,1,0,0,1,1,0,1,1,0,1,0,1
1,0,1,0,1,0,1,0,1,0,1,0,1,0,1,1,0,0,1,0,1,1,1,0,0,1,1
0,1,1,0,1,1,0,0,1,0,1,0,1,1,0,1,0,0,1,1,0,1,1,0,0,1,1
0,1,1,0,1,1,0,0,1,0,1,0,1,0,1,1,0,0,1,1,0,1,1,0,0,1,1
0,1,1,1,0,1,0,0,1,0,1,0,1,1,0,1,0,0,1,1,0,1,0,1,0,1,1
0,1,1,0,1,0,1,0,1,0,1,0,1,1,0,1,0,0,1,1,0,1,1,0,0,1,1
0,1,1,0,1,0,1,0,1,1,0,1,0,0,1,0,1,0,1,0,1,1,1,0,1,0,0
0,1,1,0,1,1,0,0,1,1,0,1,0,0,1,0,1,1,0,0,1,1,1,0,0,1,0
1,0,1,1,0,0,1,1,0,1,0,0,1,1,0,1,0,0,1,0,1,1,1,0,0,1,1
0,1,1,0,1,0,1,0,1,1,0,1,0,0,1,1,0,0,1,0,1,1,1,0,0,1,1
0,1,1,1,0,1,0,1,0,1,0,1,0,0,1,0,1,1,0,0,1,1,1,0,0,1,0
0,1,1,0,1,1,0,0,1,0,1,1,0,1,0,0,1,0,1,0,1,1,1,0,0,1,1
0,1,1,1,0,0,1,0,1,0,1,0,1,1,0,0,1,0,1,1,0,1,0,1,0,1,1
0,1,1,1,0,1,0,0,1,0,1,1,0,0,1,1,0,0,1,0,1,1,0,1,0,1,0
0,1,1,1,0,1,0,1,0,0,1,1,0,0,1,0,1,1,0,0,1,1,0,1,0,1,0
1,0,1,0,1,1,0,1,0,0,1,1,0,0,1,0,1,0,1,0,1,1,1,0,1,0,0
0,1,1,0,1,1,0,1,0,0,1,0,1,0,1,1,0,0,1,1,0,1,0,1,0,1,0
0,1,1,0,1,0,1,0,1,0,1,0,1,1,0,1,0,0,1,0,1,1,1,0,0,1,1
0,1,1,0,1,1,0,1,0,1,0,1,0,0,1,1,0,0,1,1,0,1,0,1,1,0,0
0,1,1,0,1,1,0,0,1,0,1,0,1,0,1,0,1,1,0,0,1,1,1,0,0,1,1
0,1,1,0,1,0,1,0,1,0,1,0,1,1,0,0,1,0,1,1,0,1,1,0,0,1,1
1,0,1,1,0,1,0,1,0,0,1,0,1,0,1,0,1,0,1,0,1,1,0,1,0,1,0
1,0,1,0,1,0,1,0,1,0,1,0,1,1,0,1,0,0,1,1,0,1,1,0,0,1,1
0,1,1,0,1,1,0,0,1,0,1,0,1,1,0,1,0,0,1,1,0,1,0,1,0,1,0
1,0,1,0,1,0,1,1,0,1,0,1,0,1,0,1,0,0,1,1,0,1,1,0,0,1,1
1,0,1,1,0,1,0,0,1,0,1,1,0,0,1,0,1,1,0,1,0,1,0,1,1,0,0
0,1,1,0,1,1,0,0,1,0,1,0,1,1,0,1,0,0,1,0,1,1,1,0,0,1,1
0,1,1,0,1,0,1,0,1,1,0,0,1,1,0,1,0,0,1,1,0,1,1,0,0,1,1
0,1,1,0,1,0,1,0,1,0,1,0,1,1,0,1,0,0,1,1,0,1,1,0,1,0,1
0,1,1,0,1,0,1,0,1,0,1,1,0,1,0,1,0,0,1,0,1,1,1,0,0,1,1
0,1,1,0,1,0,1,1,0,1,0,1,0,1,0,0,1,0,1,0,1,1,1,0,0,1,1
0,1,1,0,1,1,0,1,0,0,1,1,0,0,1,0,1,1,0,0,1,1,1,0,0,1,0
1,0,1,0,1,1,0,0,1,1,0,0,1,1,0,1,0,0,1,1,0,1,1,0,0,1,1
0,1,1,1,0,0,1,1,0,0,1,1,0,0,1,1,0,0,1,0,1,1,0,1,1,0,0
0,1,1,1,0,1,0,0,1,0,1,1,0,0,1,0,1,1,0,0,1,1,1,0,0,1,0
0,1,1,1,0,1,0,0,1,0,1,1,0,1,0,1,0,0,1,0,1,1,1,0,0,1,1
1,0,1,0,1,1,0,1,0,0,1,0,1,1,0,0,1,0,1,0,1,1,1,0,0,1,1
0,1,1,0,1,1,0,0,1,0,1,1,0,0,1,0,1,0,1,1,0,1,1,0,0,1,0
1,0,1,0,1,1,0,0,1,0,1,0,1,1,0,1,0,0,1,1,0,1,1,0,0,1,1
0,1,1,1,0,1,0,1,0,1,0,1,0,0,1,0,1,1,0,1,0,1,0,1,0,1,0
1,0,1,0,1,1,0,1,0,0,1,0,1,1,0,1,0,0,1,0,1,1,1,0,0,1,1
0,1,1,1,0,1,0,0,1,0,1,0,1,0,1,1,0,0,1,0,1,1,1,0,0,1,1
0,1,1,0,1,1,0,0,1,0,1,0,1,1,0,0,1,1,0,1,0,1,1,0,0,1,1
0,1,1,0,1,1,0,1,0,1,0,1,0,0,1,0,1,1,0,0,1,1,1,0,1,0,0
0,1,1,1,0,0,1,0,1,0,1,0,1,0,1,1,0,0,1,0,1,1,0,1,0,1,1
0,1,1,0,1,1,0,1,0,0,1,1,0,1,0,1,0,0,1,1,0,1,1,0,0,1,1
0,1,1,1,0,0,1,0,1,0,1,1,0,0,1,0,1,1,0,0,1,1,1,0,0,1,0
0,1,1,1,0,1,0,1,0,1,0,1,0,0,1,0,1,1,0,1,0,1,0,1,1,0,0
0,1,1,1,0,1,0,1,0,0,1,1,0,1,0,1,0,0,1,1,0,1,1,0,0,1,1
0,1,1,0,1,1,0,0,1,1,0,1,0,1,0,1,0,0,1,0,1,1,1,0,0,1,1
0,1,1,0,1,1,0,0,1,0,1,0,1,1,0,1,0,0,1,1,0,1,1,0,0,1,1
0,1,1,0,1,1,0,0,1,0,1,0,1,1,0,0,1,1,0,1,0,1,0,1,0,1,1
1,0,1,0,1,1,0,1,0,0,1,1,0,0,1,0,1,1,0,1,0,1,1,0,1,0,0
0,1,1,0,1,1,0,1,0,0,1,0,1,0,1,0,1,1,0,1,0,1,0,1,1,0,0
1,0,1,0,1,1,0,0,1,0,1,0,1,1,0,0,1,1,0,1,0,1,0,1,0,1,1
1,0,1,1,0,1,0,0,1,0,1,0,1,1,0,1,0,0,1,1,0,1,0,1,0,1,1
0,1,1,0,1,1,0,0,1,0,1,0,1,1,0,1,0,0,1,0,1,1,1,0,0,1,1
0,1,1,0,1,1,0,0,1,0,1,0,1,1,0,1,0,0,1,1,0,1,1,0,0,1,0
1,0,1,1,0,1,0,1,0,1,0,1,0,1,0,1,0,0,1,1,0,1,1,0,0,1,1
0,1,1,1,0,1,0,1,0,0,1,0,1,1,0,1,0,0,1,0,1,1,1,0,0,1,0
0,1,1,0,1,0,1,0,1,0,1,0,1,1,0,1,0,0,1,1,0,1,1,0,0,1,1
0,1,1,0,1,1,0,0,1,1,0,0,1,1,0,1,0,0,1,0,1,1,1,0,0,1,1
0,1,1,0,1,1,0,0,1,0,1,0,1,1,0,1,0,0,1,1,0,1,1,0,0,1,1
0,1,1,1,0,1,0,0,1,0,1,0,1,1,0,1,0,0,1,1,0,1,0,1,0,1,1
0,1,1,1,0,1,0,0,1,0,1,1,0,0,1,0,1,1,0,1,0,1,0,1,0,1,0
0,1,1,0,1,1,0,1,0,0,1,1,0,1,0,1,0,0,1,1,0,1,1,0,0,1,0
1,0,1,0,1,1,0,0,1,0,1,0,1,1,0,1,0,0,1,1,0,1,0,1,0,1,1
0,1,1,0,1,0,1,0,1,0,1,0,1,1,0,1,0,0,1,1,0,1,0,1,0,1,1
1,0,1,1,0,1,0,0,1,0,1,1,0,1,0,0,1,1,0,0,1,1,0,1,0,1,1
1,0,1,0,1,1,0,1,0,0,1,1,0,0,1,0,1,0,1,1,0,1,0,1,0,1,0
1,0,1,0,1,1,0,0,1,0,1,1,0,1,0,1,0,0,1,1,0,1,1,0,0,1,1
0,1,1,1,0,1,0,1,0,0,1,1,0,0,1,1,0,0,1,0,1,1,1,0,1,0,0
0,1,1,0,1,0,1,1,0,0,1,0,1,0,1,0,1,0,1,1,0,1,1,0,1,0,0
0,1,1,0,1,0,1,0,1,0,1,0,1,1,0,0,1,1,0,1,0,1,0,1,0,1,1
1,0,1,0,1,1,0,1,0,1,0,1,0,0,1,1,0,0,1,0,1,1,1,0,1,0,0
0,1,1,0,1,1,0,1,0,1,0,0,1,0,1,0,1,1,0,1,0,1,1,0,1,0,0
0,1,1,1,0,1,0,0,1,0,1,0,1,1,0,1,0,0,1,1,0,1,0,1,0,1,1
1,0,1,1,0,1,0,0,1,1,0,1,0,0,1,1,0,0,1,0,1,1,0,1,0,1,0
0,1,1,0,1,1,0,0,1,0,1,1,0,1,0,1,0,0,1,0,1,1,1,0,0,1,1
0,1,1,1,0,0,1,0,1,0,1,0,1,1,0,1,0,0,1,1,0,1,1,0,0,1,1
0,1,1,1,0,1,0,0,1,0,1,0,1,1,0,1,0,0,1,0,1,1,0,1,0,1,1
0,1,1,0,1,0,1,0,1,1,0,1,0,0,1,0,1,0,1,0,1,1,0,1,0,1,1
1,0,1,0,1,1,0,0,1,0,1,0,1,0,1,0,1,1,0,1,0,1,0,1,1,0,0
0,1,1,0,1,1,0,0,1,0,1,1,0,1,0,1,0,0,1,0,1,1,1,0,0,1,1
0,1,1,0,1,0,1,0,1,0,1,0,1,0,1,0,1,0,1,0,1,1,1,0,1,0,0
1,0,1,1,0,1,0,1,0,1,0,0,1,0,1,0,1,0,1,0,1,1,0,1,0,1,0
0,1,1,0,1,1,0,1,0,0,1,0,1,0,1,0,1,1,0,0,1,1,1,0,1,0,0
0,1,1,1,0,1,0,1,0,0,1,1,0,0,1,0,1,1,0,0,1,1,1,0,1,0,0
0,1,1,1,0,1,0,0,1,1,0,1,0,0,1,0,1,1,0,1,0,1,1,0,1,0,0
0,1,1,1,0,1,0,0,1,0,1,1,0,0,1,0,1,1,0,1,0,1,0,1,1,0,0
0,1,1,0,1,0,1,0,1,0,1,1,0,1,0,1,0,0,1,0,1,1,1,0,0,1,1
1,0,1,1,0,1,0,0,1,0,1,1,0,0,1,0,1,1,0,1,0,1,0,1,1,0,0
1,0,1,0,1,1,0,1,0,1,0,0,1,0,1,0,1,1,0,0,1,1,1,0,0,1,0
0,1,1,0,1,1,0,1,0,0,1,0,1,1,0,0,1,0,1,1,0,1,1,0,0,1,1
1,0,1,1,0,1,0,1,0,0,1,1,0,0,1,0,1,1,0,1,0,1,0,1,1,0,0
0,1,1,0,1,1,0,0,1,0,1,0,1,1,0,1,0,0,1,1,0,1,1,0,0,1,1
0,1,1,0,1,0,1,0,1,0,1,1,0,0,1,0,1,1,0,0,1,1,1,0,0,1,0
1,0,1,1,0,1,0,0,1,0,1,1,0,0,1,0,1,1,0,0,1,1,1,0,1,0,0
0,1,1,1,0,0,1,0,1,0,1,0,1,1,0,1,0,0,1,1,0,1,1,0,0,1,1
1,0,1,0,1,0,1,0,1,0,1,0,1,1,0,1,0,0,1,1,0,1,0,1,0,1,1
0,1,1,0,1,1,0,0,1,0,1,0,1,0,1,1,0,0,1,1,0,1,1,0,0,1,1
1,0,1,1,0,1,0,0,1,0,1,0,1,1,0,1,0,0,1,1,0,1,1,0,0,1,1
0,1,1,0,1,1,0,0,1,0,1,0,1,1,0,0,1,1,0,1,0,1,1,0,1,0,1
0,1,1,1,0,1,0,0,1,0,1,1,0,0,1,0,1,1,0,1,0,1,1,0,1,0,0
1,0,1,0,1,1,0,0,1,0,1,1,0,0,1,0,1,1,0,0,1,1,1,0,1,0,0
0,1,1,1,0,0,1,0,1,1,0,0,1,0,1,1,0,0,1,0,1,1,1,0,0,1,1
1,0,1,0,1,0,1,0,1,0,1,1,0,1,0,1,0,0,1,1,0,1,1,0,0,1,1
0,1,1,0,1,0,1,0,1,0,1,0,1,1,0,1,0,0,1,0,1,1,1,0,0,1,1
0,1,1,1,0,1,0,1,0,1,0,1,0,0,1,0,1,1,0,0,1,1,0,1,1,0,0
1,0,1,0,1,1,0,1,0,0,1,0,1,1,0,0,1,0,1,1,0,1,1,0,0,1,1
1,0,1,1,0,1,0,1,0,1,0,0,1,0,1,0,1,1,0,1,0,1,0,1,1,0,0
0,1,1,1,0,1,0,1,0,1,0,1,0,0,1,0,1,0,1,0,1,1,0,1,0,1,0
1,0,1,0,1,1,0,1,0,0,1,0,1,1,0,1,0,0,1,1,0,1,1,0,0,1,1
0,1,1,0,1,1,0,0,1,0,1,1,0,0,1,1,0,0,1,0,1,1,1,0,0,1,1
1,0,1,1,0,1,0,1,0,0,1,1,0,0,1,0,1,1,0,1,0,1,1,0,1,0,0
0,1,1,0,1,1,0,0,1,0,1,0,1,1,0,1,0,0,1,1,0,1,1,0,0,1,0
0,1,1,0,1,1,0,0,1,0,1,1,0,0,1,1,0,0,1,0,1,1,1,0,0,1,1
0,1,1,1,0,1,0,1,0,0,1,0,1,1,0,1,0,0,1,1,0,1,1,0,0,1,1
0,1,1,0,1,0,1,0,1,0,1,0,1,1,0,0,1,0,1,1,0,1,1,0,0,1,1
0,1,1,1,0,1,0,0,1,0,1,1,0,0,1,0,1,1,0,1,0,1,0,1,1,0,0
0,1,1,0,1,0,1,0,1,0,1,0,1,1,0,1,0,0,1,0,1,1,1,0,0,1,0
0,1,1,0,1,1,0,1,0,0,1,0,1,1,0,1,0,0,1,1,0,1,1,0,0,1,0
0,1,1,0,1,1,0,1,0,0,1,0,1,1,0,1,0,0,1,1,0,1,1,0,0,1,1
0,1,1,0,1,0,1,1,0,0,1,1,0,0,1,0,1,1,0,1,0,1,0,1,0,1,0
0,1,1,0,1,1,0,1,0,0,1,0,1,1,0,1,0,0,1,0,1,1,1,0,0,1,1
0,1,1,0,1,1,0,0,1,0,1,0,1,1,0,1,0,0,1,1,0,1,1,0,0,1,1
1,0,1,0,1,1,0,0,1,0,1,0,1,1,0,1,0,0,1,0,1,1,0,1,0,1,1
0,1,1,0,1,0,1,0,1,0,1,0,1,0,1,0,1,1,0,0,1,1,1,0,0,1,0
0,1,1,0,1,1,0,0,1,0,1,0,1,0,1,1,0,0,1,1,0,1,0,1,0,1,1
0,1,1,0,1,1,0,0,1,0,1,0,1,1,0,1,0,0,1,0,1,1,1,0,0,1,1
0,1,1,0,1,1,0,0,1,0,1,0,1,1,0,1,0,0,1,0,1,1,1,0,1,0,1
1,0,1,1,0,0,1,1,0,0,1,1,0,1,0,1,0,0,1,1,0,1,1,0,0,1,0
0,1,1,1,0,0,1,0,1,0,1,0,1,0,1,1,0,0,1,1,0,1,1,0,0,1,1
1,0,1,0,1,1,0,0,1,0,1,1,0,0,1,1,0,0,1,1,0,1,1,0,0,1,1
1,0,1,1,0,0,1,0,1,0,1,0,1,0,1,0,1,1,0,0,1,1,0,1,1,0,0
0,1,1,0,1,1,0,0,1,0,1,1,0,1,0,0,1,0,1,0,1,1,1,0,0,1,1
0,1,1,1,0,0,1,0,1,1,0,1,0,0,1,1,0,0,1,1,0,1,1,0,0,1,1
1,0,1,1,0,1,0,1,0,0,1,1,0,0,1,0,1,1,0,0,1,1,1,0,0,1,0
0,1,1,0,1,1,0,1,0,1,0,1,0,0,1,1,0,0,1,0,1,1,1,0,0,1,1
1,0,1,1,0,0,1,0,1,0,1,1,0,1,0,1,0,0,1,0,1,1,0,1,0,1,1
1,0,1,0,1,1,0,0,1,0,1,0,1,1,0,1,0,0,1,0,1,1,0,1,0,1,1
0,1,1,0,1,1,0,1,0,1,0,1,0,0,1,0,1,1,0,1,0,1,1,0,0,1,0
0,1,1,1,0,1,0,1,0,1,0,1,0,0,1,1,0,0,1,0,1,1,0,1,0,1,0
0,1,1,0,1,0,1,1,0,0,1,0,1,1,0,1,0,0,1,1,0,1,0,1,0,1,1
1,0,1,0,1,1,0,0,1,0,1,0,1,0,1,0,1,1,0,0,1,1,1,0,0,1,1
0,1,1,1,0,1,0,1,0,0,1,1,0,0,1,0,1,1,0,0,1,1,1,0,0,1,0
0,1,1,1,0,0,1,0,1,0,1,1,0,0,1,1,0,0,1,0,1,1,1,0,0,1,0
0,1,1,1,0,0,1,1,0,0,1,0,1,0,1,1,0,0,1,0,1,1,1,0,0,1,0
0,1,1,0,1,1,0,1,0,1,0,1,0,1,0,1,0,0,1,0,1,1,1,0,0,1,1
0,1,1,0,1,1,0,0,1,0,1,1,0,0,1,1,0,0,1,0,1,1,1,0,0,1,1
0,1,1,0,1,1,0,1,0,0,1,0,1,1,0,1,0,0,1,1,0,1,1,0,0,1,1
1,0,1,0,1,1,0,1,0,0,1,0,1,1,0,1,0,0,1,0,1,1,1,0,0,1,1
1,0,1,0,1,1,0,0,1,0,1,0,1,1,0,0,1,0,1,1,0,1,1,0,0,1,1
0,1,1,0,1,1,0,0,1,0,1,0,1,1,0,1,0,0,1,0,1,1,1,0,0,1,1
0,1,1,1,0,1,0,0,1,0,1,1,0,0,1,0,1,1,0,0,1,1,1,0,0,1,0
1,0,1,0,1,1,0,0,1,0,1,0,1,0,1,1,0,0,1,0,1,1,1,0,0,1,1
0,1,1,0,1,1,0,0,1,0,1,0,1,1,0,1,0,0,1,1,0,1,1,0,0,1,1
0,1,1,0,1,1,0,0,1,1,0,0,1,0,1,1,0,0,1,1,0,1,1,0,0,1,1
0,1,1,1,0,1,0,0,1,0,1,1,0,0,1,0,1,1,0,1,0,1,1,0,1,0,0
1,0,1,1,0,1,0,1,0,0,1,1,0,0,1,0,1,1,0,1,0,1,1,0,1,0,0
0,1,1,0,1,1,0,1,0,0,1,0,1,1,0,0,1,1,0,1,0,1,1,0,0,1,1
1,0,1,0,1,1,0,0,1,0,1,0,1,1,0,0,1,0,1,1,0,1,1,0,0,1,1
0,1,1,0,1,1,0,0,1,0,1,1,0,1,0,0,1,0,1,0,1,1,1,0,0,1,1
1,0,1,1,0,1,0,0,1,1,0,0,1,0,1,0,1,1,0,1,0,1,0,1,1,0,0
1,0,1,0,1,0,1,0,1,0,1,0,1,1,0,1,0,0,1,1,0,1,1,0,0,1,1
0,1,1,0,1,1,0,1,0,1,0,1,0,0,1,1,0,0,1,0,1,1,1,0,1,0,0
1,0,1,0,1,1,0,0,1,1,0,1,0,0,1,1,0,0,1,0,1,1,1,0,0,1,1
1,0,1,0,1,1,0,1,0,1,0,1,0,0,1,0,1,1,0,1,0,1,0,1,1,0,0
0,1,1,0,1,1,0,1,0,0,1,1,0,0,1,0,1,0,1,1,0,1,1,0,0,1,0
0,1,1,1,0,0,1,0,1,0,1,0,1,1,0,1,0,0,1,1,0,1,1,0,0,1,1
1,0,1,1,0,0,1,0,1,0,1,0,1,1,0,0,1,0,1,1,0,1,1,0,0,1,1
0,1,1,0,1,1,0,0,1,1,0,0,1,1,0,0,1,0,1,0,1,1,1,0,0,1,1
0,1,1,0,1,0,1,0,1,0,1,0,1,1,0,1,0,0,1,0,1,1,1,0,0,1,1
1,0,1,0,1,1,0,0,1,0,1,0,1,0,1,0,1,1,0,1,0,1,1,0,1,0,0
0,1,1,0,1,0,1,0,1,1,0,1,0,0,1,1,0,0,1,1,0,1,1,0,0,1,0
0,1,1,1,0,0,1,0,1,0,1,1,0,1,0,1,0,0,1,0,1,1,0,1,0,1,1
0,1,1,1,0,1,0,0,1,0,1,1,0,0,1,0,1,0,1,0,1,1,1,0,0,1,1
1,0,1,0,1,0,1,0,1,0,1,0,1,1,0,1,0,0,1,0,1,1,1,0,0,1,1
1,0,1,1,0,1,0,1,0,1,0,1,0,0,1,0,1,0,1,1,0,1,0,1,0,1,0
0,1,1,0,1,1,0,0,1,0,1,1,0,1,0,1,0,0,1,1,0,1,1,0,0,1,1
0,1,1,1,0,1,0,0,1,0,1,1,0,1,0,1,0,0,1,1,0,1,1,0,1,0,1
0,1,1,0,1,1,0,0,1,0,1,0,1,1,0,1,0,0,1,1,0,1,1,0,0,1,1
0,1,1,0,1,1,0,1,0,0,1,1,0,0,1,0,1,0,1,0,1,1,1,0,1,0,0
1,0,1,1,0,1,0,0,1,0,1,1,0,0,1,0,1,1,0,0,1,1,0,1,1,0,0
0,1,1,0,1,1,0,0,1,0,1,0,1,0,1,0,1,1,0,0,1,1,0,1,1,0,0
0,1,1,1,0,1,0,0,1,0,1,1,0,1,0,0,1,0,1,0,1,1,1,0,0,1,1
0,1,1,0,1,1,0,0,1,0,1,0,1,0,1,1,0,0,1,1,0,1,1,0,0,1,1
0,1,1,0,1,1,0,0,1,0,1,0,1,0,1,1,0,0,1,1,0,1,1,0,0,1,1
0,1,1,0,1,0,1,0,1,0,1,1,0,1,0,1,0,0,1,1,0,1,0,1,0,1,1
0,1,1,1,0,1,0,1,0,0,1,0,1,0,1,1,0,0,1,1,0,1,0,1,0,1,0
0,1,1,1,0,1,0,1,0,1,0,1,0,0,1,0,1,0,1,0,1,1,0,1,1,0,0
1,0,1,0,1,1,0,1,0,1,0,1,0,0,1,0,1,1,0,0,1,1,1,0,1,0,0
1,0,1,0,1,1,0,1,0,0,1,0,1,0,1,0,1,1,0,1,0,1,1,0,0,1,0
0,1,1,0,1,1,0,1,0,0,1,1,0,1,0,0,1,0,1,0,1,1,1,0,0,1,1
0,1,1,0,1,0,1,1,0,1,0,1,0,0,1,1,0,0,1,0,1,1,1,0,0,1,1
0,1,1,1,0,0,1,0,1,0,1,1,0,0,1,0,1,1,0,1,0,1,0,1,0,1,0
1,0,1,0,1,1,0,0,1,0,1,0,1,0,1,0,1,0,1,1,0,1,1,0,0,1,0
1,0,1,1,0,0,1,1,0,1,0,0,1,0,1,0,1,1,0,1,0,1,0,1,0,1,0
1,0,1,0,1,0,1,0,1,0,1,1,0,1,0,1,0,0,1,1,0,1,1,0,1,0,1
1,0,1,1,0,1,0,0,1,0,1,0,1,1,0,1,0,0,1,1,0,1,0,1,0,1,1
0,1,1,0,1,1,0,0,1,0,1,1,0,1,0,1,0,0,1,0,1,1,1,0,0,1,1
0,1,1,1,0,1,0,0,1,0,1,1,0,0,1,1,0,0,1,1,0,1,1,0,0,1,0
1,0,1,1,0,0,1,1,0,1,0,0,1,0,1,1,0,0,1,1,0,1,0,1,1,0,0
0,1,1,0,1,1,0,0,1,0,1,1,0,0,1,0,1,1,0,1,0,1,1,0,1,0,0
0,1,1,1,0,1,0,0,1,0,1,1,0,0,1,0,1,1,0,0,1,1,0,1,1,0,0
0,1,1,1,0,1,0,0,1,0,1,0,1,0,1,1,0,0,1,1,0,1,0,1,0,1,1
0,1,1,1,0,1,0,0,1,1,0,0,1,1,0,1,0,0,1,1,0,1,1,0,0,1,1
1,0,1,0,1,1,0,0,1,0,1,0,1,1,0,0,1,1,0,0,1,1,1,0,0,1,1
1,0,1,0,1,1,0,0,1,0,1,0,1,1,0,0,1,0,1,0,1,1,1,0,0,1,1
0,1,1,1,0,1,0,0,1,0,1,1,0,0,1,0,1,1,0,0,1,1,0,1,1,0,0
0,1,1,0,1,1,0,0,1,1,0,1,0,0,1,0,1,0,1,0,1,1,1,0,0,1,0
0,1,1,0,1,1,0,0,1,0,1,1,0,1,0,1,0,0,1,1,0,1,1,0,0,1,0
0,1,1,1,0,1,0,0,1,0,1,0,1,1,0,1,0,0,1,0,1,1,0,1,0,1,1
0,1,1,1,0,0,1,0,1,0,1,0,1,1,0,1,0,0,1,0,1,1,1,0,1,0,1
0,1,1,1,0,1,0,1,0,0,1,1,0,0,1,0,1,1,0,0,1,1,0,1,0,1,0
1,0,1,1,0,1,0,1,0,1,0,1,0,0,1,1,0,0,1,1,0,1,0,1,1,0,0
0,1,1,0,1,1,0,0,1,0,1,1,0,0,1,0,1,0,1,1,0,1,1,0,0,1,0
0,1,1,0,1,0,1,0,1,0,1,1,0,1,0,1,0,0,1,0,1,1,1,0,0,1,0
0,1,1,1,0,1,0,0,1,0,1,0,1,0,1,1,0,0,1,0,1,1,1,0,0,1,0
0,1,1,0,1,1,0,0,1,0,1,0,1,1,0,1,0,0,1,0,1,1,1,0,0,1,1
0,1,1,0,1,1,0,0,1,0,1,0,1,1,0,0,1,0,1,1,0,1,0,1,0,1,1
0,1,1,1,0,1,0,1,0,1,0,1,0,0,1,1,0,0,1,1,0,1,1,0,0,1,0
1,0,1,1,0,1,0,0,1,0,1,0,1,1,0,1,0,0,1,0,1,1,1,0,0,1,1
1,0,1,0,1,0,1,0,1,0,1,0,1,0,1,1,0,0,1,0,1,1,1,0,0,1,0
0,1,1,0,1,0,1,1,0,0,1,0,1,0,1,0,1,0,1,1,0,1,0,1,1,0,0
1,0,1,0,1,1,0,0,1,0,1,0,1,1,0,0,1,0,1,0,1,1,0,1,0,1,1
0,1,1,1,0,1,0,0,1,0,1,1,0,1,0,0,1,0,1,0,1,1,1,0,0,1,1
0,1,1,0,1,1,0,1,0,0,1,1,0,0,1,0,1,0,1,0,1,1,1,0,1,0,0
0,1,1,0,1,1,0,0,1,0,1,0,1,1,0,1,0,0,1,0,1,1,1,0,0,1,1
0,1,1,0,1,1,0,0,1,0,1,0,1,1,0,1,0,0,1,0,1,1,1,0,0,1,1
1,0,1,1,0,1,0,0,1,1,0,0,1,1,0,1,0,0,1,1,0,1,0,1,1,0,1
0,1,1,0,1,1,0,0,1,0,1,0,1,0,1,1,0,0,1,1,0,1,1,0,0,1,0
0,1,1,0,1,1,0,0,1,0,1,0,1,1,0,1,0,0,1,1,0,1,1,0,0,1,1
1,0,1,0,1,1,0,1,0,0,1,0,1,1,0,0,1,0,1,1,0,1,1,0,1,0,0
0,1,1,1,0,1,0,1,0,0,1,1,0,0,1,0,1,0,1,1,0,1,0,1,0,1,0
0,1,1,1,0,0,1,0,1,0,1,1,0,1,0,1,0,0,1,0,1,1,1,0,0,1,1
1,0,1,0,1,1,0,0,1,0,1,0,1,0,1,1,0,0,1,0,1,1,1,0,1,0,1
0,1,1,0,1,1,0,0,1,0,1,0,1,0,1,1,0,0,1,1,0,1,1,0,0,1,1
0,1,1,1,0,1,0,1,0,0,1,1,0,0,1,0,1,1,0,1,0,1,1,0,0,1,0
0,1,1,0,1,1,0,0,1,0,1,1,0,1,0,1,0,0,1,0,1,1,1,0,0,1,1
0,1,1,0,1,1,0,0,1,0,1,1,0,0,1,1,0,0,1,1,0,1,1,0,0,1,1
0,1,1,0,1,1,0,0,1,0,1,0,1,1,0,1,0,0,1,0,1,1,1,0,0,1,1
0,1,1,0,1,0,1,0,1,0,1,1,0,1,0,1,0,0,1,0,1,1,1,0,0,1,1
0,1,1,0,1,1,0,1,0,0,1,1,0,0,1,0,1,0,1,0,1,1,1,0,0,1,0
0,1,1,1,0,1,0,1,0,1,0,1,0,0,1,0,1,1,0,0,1,1,0,1,0,1,0
0,1,1,0,1,1,0,0,1,0,1,1,0,0,1,1,0,0,1,1,0,1,0,1,0,1,0
0,1,1,0,1,1,0,0,1,0,1,0,1,1,0,0,1,0,1,1,0,1,0,1,0,1,1
1,0,1,1,0,1,0,0,1,0,1,0,1,1,0,1,0,0,1,1,0,1,1,0,0,1,1
0,1,1,1,0,1,0,1,0,0,1,1,0,0,1,1,0,0,1,0,1,1,1,0,0,1,1
1,0,1,0,1,1,0,0,1,0,1,1,0,1,0,0,1,0,1,0,1,1,1,0,0,1,1
0,1,1,0,1,1,0,1,0,1,0,1,0,0,1,1,0,0,1,0,1,1,0,1,0,1,0
0,1,1,0,1,0,1,0,1,0,1,1,0,1,0,1,0,0,1,1,0,1,1,0,0,1,1
1,0,1,0,1,1,0,0,1,0,1,0,1,1,0,0,1,0,1,0,1,1,1,0,0,1,1
0,1,1,0,1,1,0,0,1,0,1,0,1,1,0,0,1,0,1,1,0,1,1,0,1,0,1
0,1,1,0,1,1,0,1,0,0,1,0,1,0,1,0,1,1,0,0,1,1,1,0,0,1,0
0,1,1,0,1,1,0,0,1,0,1,0,1,1,0,0,1,0,1,0,1,1,1,0,1,0,1
0,1,1,1,0,1,0,1,0,0,1,1,0,0,1,0,1,1,0,0,1,1,0,1,0,1,0
0,1,1,1,0,1,0,0,1,0,1,1,0,1,0,1,0,0,1,0,1,1,1,0,0,1,1
0,1,1,0,1,1,0,0,1,1,0,1,0,1,0,1,0,0,1,0,1,1,1,0,0,1,1
0,1,1,1,0,1,0,0,1,0,1,0,1,1,0,1,0,0,1,1,0,1,1,0,0,1,1
1,0,1,1,0,1,0,1,0,0,1,0,1,1,0,0,1,0,1,0,1,1,0,1,0,1,1
0,1,1,1,0,1,0,1,0,1,0,1,0,0,1,0,1,1,0,0,1,1,1,0,0,1,0
0,1,1,1,0,1,0,0,1,0,1,1,0,0,1,1,0,0,1,0,1,1,0,1,0,1,0
1,0,1,0,1,1,0,0,1,0,1,1,0,1,0,0,1,0,1,0,1,1,1,0,0,1,1
0,1,1,0,1,1,0,0,1,1,0,1,0,1,0,0,1,0,1,0,1,1,1,0,0,1,1
0,1,1,1,0,0,1,1,0,1,0,1,0,1,0,1,0,0,1,1,0,1,1,0,0,1,1
1,0,1,0,1,1,0,0,1,0,1,0,1,0,1,1,0,0,1,0,1,1,1,0,0,1,1
1,0,1,0,1,1,0,1,0,1,0,0,1,0,1,0,1,1,0,1,0,1,0,1,0,1,0
0,1,1,0,1,1,0,0,1,1,0,0,1,0,1,1,0,0,1,0,1,1,0,1,0,1,0
0,1,1,0,1,1,0,0,1,0,1,0,1,1,0,1,0,0,1,1,0,1,1,0,0,1,1
1,0,1,1,0,1,0,1,0,0,1,1,0,0,1,1,0,0,1,0,1,1,1,0,0,1,1
1,0,1,1,0,1,0,0,1,0,1,1,0,0,1,0,1,1,0,0,1,1,1,0,0,1,0
1,0,1,0,1,1,0,0,1,0,1,0,1,1,0,1,0,0,1,1,0,1,1,0,0,1,1
1,0,1,1,0,1,0,0,1,0,1,1,0,0,1,0,1,0,1,1,0,1,0,1,1,0,0
0,1,1,1,0,0,1,1,0,0,1,1,0,0,1,0,1,0,1,0,1,1,0,1,0,1,0
0,1,1,1,0,1,0,1,0,0,1,0,1,0,1,1,0,0,1,1,0,1,1,0,0,1,0
0,1,1,1,0,1,0,0,1,0,1,1,0,0,1,0,1,1,0,0,1,1,0,1,0,1,0
0,1,1,1,0,1,0,0,1,0,1,0,1,0,1,1,0,0,1,1,0,1,0,1,0,1,0
0,1,1,1,0,0,1,0,1,0,1,0,1,0,1,0,1,1,0,0,1,1,1,0,0,1,0
0,1,1,1,0,1,0,1,0,0,1,1,0,0,1,0,1,1,0,1,0,1,1,0,0,1,0
0,1,1,0,1,1,0,0,1,0,1,0,1,1,0,1,0,0,1,0,1,1,1,0,0,1,1
1,0,1,1,0,1,0,0,1,0,1,1,0,1,0,1,0,0,1,0,1,1,0,1,0,1,1
0,1,1,0,1,1,0,0,1,0,1,0,1,1,0,1,0,0,1,1,0,1,1,0,0,1,1
0,1,1,0,1,1,0,0,1,0,1,1,0,1,0,1,0,0,1,0,1,1,0,1,0,1,1
1,0,1,1,0,1,0,0,1,0,1,1,0,0,1,0,1,1,0,1,0,1,0,1,0,1,0
0,1,1,1,0,1,0,1,0,0,1,1,0,0,1,1,0,0,1,1,0,1,1,0,0,1,0
0,1,1,0,1,1,0,0,1,0,1,0,1,0,1,1,0,0,1,0,1,1,1,0,0,1,0
0,1,1,0,1,0,1,1,0,0,1,0,1,1,0,1,0,0,1,0,1,1,1,0,0,1,1
1,0,1,0,1,0,1,0,1,0,1,0,1,1,0,1,0,0,1,0,1,1,1,0,0,1,1
0,1,1,0,1,1,0,0,1,1,0,0,1,1,0,1,0,0,1,0,1,1,1,0,0,1,1
1,0,1,0,1,1,0,0,1,0,1,1,0,0,1,0,1,1,0,1,0,1,0,1,1,0,0
0,1,1,1,0,1,0,0,1,0,1,0,1,1,0,0,1,0,1,1,0,1,0,1,0,1,1
0,1,1,0,1,1,0,0,1,0,1,0,1,0,1,1,0,0,1,0,1,1,1,0,0,1,1
0,1,1,0,1,1,0,0,1,0,1,0,1,1,0,1,0,0,1,0,1,1,1,0,0,1,1
1,0,1,1,0,1,0,1,0,0,1,0,1,0,1,0,1,1,0,0,1,1,0,1,1,0,0
0,1,1,0,1,1,0,0,1,0,1,1,0,1,0,1,0,0,1,0,1,1,0,1,0,1,0
1,0,1,0,1,0,1,1,0,0,1,1,0,0,1,0,1,0,1,0,1,1,0,1,1,0,0
1,0,1,1,0,1,0,1,0,0,1,1,0,0,1,0,1,1,0,0,1,1,0,1,1,0,0
1,0,1,1,0,0,1,1,0,1,0,1,0,0,1,0,1,1,0,1,0,1,0,1,1,0,0
1,0,1,1,0,1,0,1,0,0,1,1,0,0,1,1,0,0,1,0,1,1,0,1,1,0,0
0,1,1,0,1,1,0,0,1,0,1,0,1,1,0,1,0,0,1,1,0,1,1,0,0,1,1
1,0,1,0,1,1,0,1,0,1,0,0,1,0,1,1,0,0,1,1,0,1,1,0,0,1,0
0,1,1,1,0,1,0,0,1,0,1,0,1,1,0,1,0,0,1,0,1,1,1,0,0,1,1
0,1,1,0,1,1,0,1,0,0,1,1,0,0,1,0,1,1,0,0,1,1,1,0,1,0,0
0,1,1,1,0,1,0,0,1,0,1,0,1,0,1,1,0,0,1,0,1,1,1,0,0,1,1
0,1,1,0,1,1,0,0,1,0,1,0,1,1,0,1,0,0,1,1,0,1,1,0,0,1,1
0,1,1,0,1,1,0,0,1,0,1,1,0,1,0,0,1,0,1,0,1,1,1,0,0,1,1
0,1,1,0,1,1,0,0,1,0,1,0,1,0,1,1,0,0,1,0,1,1,1,0,0,1,1
0,1,1,0,1,1,0,1,0,0,1,0,1,1,0,0,1,0,1,1,0,1,0,1,0,1,1
0,1,1,0,1,1,0,1,0,1,0,1,0,0,1,0,1,1,0,1,0,1,1,0,1,0,0
0,1,1,0,1,1,0,0,1,0,1,1,0,1,0,0,1,0,1,1,0,1,0,1,0,1,1
0,1,1,1,0,1,0,1,0,1,0,1,0,0,1,0,1,0,1,0,1,1,0,1,0,1,0
1,0,1,1,0,1,0,1,0,0,1,1,0,0,1,0,1,1,0,0,1,1,0,1,1,0,0
1,0,1,0,1,1,0,0,1,1,0,0,1,1,0,0,1,0,1,0,1,1,1,0,0,1,1
0,1,1,0,1,1,0,0,1,0,1,0,1,1,0,1,0,0,1,0,1,1,0,1,0,1,1
1,0,1,0,1,1,0,0,1,0,1,0,1,1,0,1,0,0,1,0,1,1,1,0,0,1,1
0,1,1,0,1,0,1,1,0,0,1,0,1,1,0,1,0,0,1,1,0,1,1,0,0,1,1
0,1,1,1,0,1,0,0,1,0,1,1,0,0,1,0,1,1,0,1,0,1,0,1,0,1,0
1,0,1,0,1,1,0,0,1,0,1,0,1,1,0,0,1,1,0,1,0,1,1,0,0,1,1
0,1,1,0,1,1,0,0,1,0,1,1,0,0,1,0,1,1,0,1,0,1,1,0,0,1,0
1,0,1,0,1,1,0,0,1,0,1,0,1,0,1,1,0,0,1,1,0,1,1,0,0,1,0
0,1,1,1,0,1,0,1,0,0,1,0,1,1,0,1,0,0,1,1,0,1,1,0,1,0,1
0,1,1,0,1,1,0,0,1,0,1,0,1,1,0,1,0,0,1,1,0,1,1,0,0,1,1
1,0,1,0,1,1,0,1,0,0,1,0,1,1,0,0,1,0,1,0,1,1,1,0,0,1,1
0,1,1,1,0,1,0,1,0,1,0,1,0,1,0,1,0,0,1,0,1,1,1,0,0,1,0
1,0,1,1,0,1,0,0,1,0,1,1,0,0,1,0,1,1,0,1,0,1,0,1,1,0,0
0,1,1,0,1,1,0,0,1,0,1,0,1,0,1,0,1,1,0,0,1,1,1,0,0,1,0
0,1,1,0,1,1,0,0,1,0,1,0,1,1,0,1,0,0,1,1,0,1,1,0,1,0,1
1,0,1,0,1,0,1,0,1,0,1,0,1,1,0,1,0,0,1,1,0,1,1,0,0,1,1
0,1,1,1,0,1,0,1,0,1,0,1,0,0,1,0,1,1,0,1,0,1,0,1,1,0,0
0,1,1,0,1,1,0,0,1,0,1,0,1,1,0,1,0,0,1,0,1,1,1,0,0,1,1
0,1,1,1,0,0,1,0,1,0,1,1,0,1,0,1,0,0,1,1,0,1,1,0,0,1,1
0,1,1,0,1,0,1,0,1,0,1,0,1,1,0,1,0,0,1,1,0,1,0,1,0,1,1
1,0,1,1,0,1,0,1,0,0,1,0,1,0,1,0,1,1,0,0,1,1,1,0,0,1,0
0,1,1,1,0,1,0,0,1,1,0,1,0,0,1,0,1,1,0,1,0,1,0,1,1,0,0
0,1,1,0,1,1,0,1,0,0,1,1,0,0,1,0,1,1,0,1,0,1,1,0,1,0,0
0,1,1,1,0,1,0,0,1,0,1,0,1,0,1,0,1,1,0,1,0,1,0,1,0,1,0
0,1,1,1,0,1,0,0,1,0,1,0,1,0,1,1,0,0,1,0,1,1,0,1,0,1,0
0,1,1,1,0,0,1,0,1,0,1,1,0,1,0,1,0,0,1,0,1,1,0,1,1,0,1
1,0,1,0,1,1,0,0,1,0,1,0,1,1,0,0,1,0,1,1,0,1,0,1,0,1,1
1,0,1,1,0,1,0,1,0,1,0,0,1,0,1,0,1,1,0,1,0,1,0,1,0,1,0
1,0,1,0,1,1,0,0,1,0,1,0,1,1,0,1,0,0,1,1,0,1,1,0,0,1,0
0,1,1,0,1,0,1,0,1,0,1,1,0,1,0,1,0,0,1,0,1,1,1,0,0,1,1
1,0,1,1,0,1,0,1,0,0,1,1,0,0,1,0,1,1,0,1,0,1,0,1,1,0,1
1,0,1,0,1,1,0,1,0,0,1,0,1,1,0,1,0,0,1,0,1,1,1,0,1,0,1
0,1,1,1,0,1,0,0,1,0,1,0,1,1,0,0,1,0,1,1,0,1,0,1,1,0,1
1,0,1,0,1,0,1,1,0,0,1,0,1,1,0,1,0,0,1,1,0,1,1,0,0,1,1
0,1,1,0,1,0,1,1,0,0,1,0,1,0,1,1,0,0,1,0,1,1,1,0,1,0,0
0,1,1,1,0,1,0,0,1,0,1,0,1,1,0,0,1,0,1,0,1,1,1,0,0,1,1
0,1,1,0,1,1,0,1,0,0,1,0,1,1,0,0,1,0,1,1,0,1,1,0,0,1,1
0,1,1,0,1,1,0,1,0,0,1,0,1,1,0,1,0,0,1,1,0,1,1,0,0,1,1
1,0,1,0,1,1,0,0,1,0,1,1,0,0,1,0,1,0,1,0,1,1,1,0,0,1,0
0,1,1,1,0,1,0,0,1,0,1,1,0,0,1,0,1,0,1,1,0,1,1,0,1,0,0
1,0,1,0,1,0,1,0,1,0,1,1,0,1,0,1,0,0,1,1,0,1,1,0,0,1,1
0,1,1,1,0,1,0,1,0,0,1,1,0,0,1,0,1,1,0,1,0,1,0,1,0,1,0
0,1,1,0,1,1,0,0,1,0,1,0,1,1,0,1,0,0,1,1,0,1,1,0,0,1,1
0,1,1,0,1,0,1,0,1,0,1,0,1,1,0,1,0,0,1,1,0,1,1,0,0,1,1
1,0,1,1,0,0,1,0,1,0,1,0,1,1,0,1,0,0,1,1,0,1,0,1,0,1,1
1,0,1,1,0,1,0,0,1,0,1,0,1,0,1,0,1,1,0,1,0,1,0,1,0,1,0
0,1,1,0,1,0,1,0,1,1,0,1,0,0,1,0,1,0,1,0,1,1,1,0,1,0,0
1,0,1,1,0,1,0,0,1,1,0,1,0,0,1,1,0,0,1,1,0,1,1,0,0,1,0
1,0,1,1,0,1,0,0,1,0,1,1,0,1,0,1,0,0,1,0,1,1,1,0,0,1,1
1,0,1,0,1,1,0,0,1,1,0,1,0,0,1,1,0,0,1,1,0,1,1,0,0,1,1
0,1,1,1,0,1,0,1,0,1,0,0,1,0,1,0,1,0,1,1,0,1,1,0,0,1,0
1,0,1,1,0,1,0,0,1,0,1,0,1,1,0,1,0,0,1,1,0,1,1,0,1,0,1
1,0,1,0,1,1,0,1,0,0,1,0,1,0,1,1,0,0,1,1,0,1,1,0,1,0,0
0,1,1,0,1,1,0,0,1,1,0,1,0,0,1,0,1,1,0,1,0,1,1,0,0,1,0
0,1,1,0,1,0,1,0,1,0,1,0,1,1,0,1,0,0,1,1,0,1,1,0,0,1,1
1,0,1,0,1,1,0,1,0,1,0,1,0,0,1,0,1,0,1,1,0,1,0,1,1,0,0
0,1,1,1,0,1,0,0,1,0,1,0,1,0,1,1,0,0,1,1,0,1,1,0,0,1,1
0,1,1,0,1,1,0,0,1,0,1,1,0,0,1,0,1,0,1,1,0,1,1,0,1,0,0
0,1,1,0,1,0,1,0,1,0,1,0,1,0,1,1,0,0,1,0,1,1,1,0,1,0,1
1,0,1,1,0,1,0,1,0,0,1,0,1,1,0,1,0,0,1,0,1,1,1,0,0,1,1
0,1,1,0,1,1,0,1,0,0,1,1,0,0,1,1,0,0,1,0,1,1,1,0,0,1,1
1,0,1,0,1,1,0,1,0,1,0,1,0,0,1,0,1,0,1,1,0,1,1,0,1,0,0
1,0,1,1,0,1,0,1,0,1,0,0,1,1,0,0,1,1,0,0,1,1,1,0,0,1,1
0,1,1,0,1,1,0,1,0,0,1,1,0,0,1,0,1,1,0,0,1,1,1,0,0,1,0
0,1,1,0,1,1,0,0,1,0,1,1,0,0,1,0,1,1,0,0,1,1,1,0,1,0,0
0,1,1,1,0,1,0,1,0,0,1,0,1,0,1,1,0,0,1,0,1,1,1,0,0,1,1
0,1,1,1,0,1,0,1,0,1,0,1,0,0,1,0,1,1,0,0,1,1,1,0,1,0,0
0,1,1,0,1,1,0,0,1,0,1,1,0,0,1,0,1,1,0,1,0,1,0,1,1,0,0
0,1,1,0,1,1,0,0,1,0,1,0,1,1,0,1,0,0,1,0,1,1,1,0,0,1,1
0,1,1,0,1,1,0,1,0,0,1,1,0,0,1,1,0,0,1,1,0,1,1,0,1,0,0
0,1,1,0,1,1,0,0,1,0,1,0,1,1,0,1,0,0,1,0,1,1,1,0,0,1,1
0,1,1,1,0,1,0,1,0,0,1,0,1,1,0,1,0,0,1,1,0,1,0,1,0,1,1
0,1,1,0,1,1,0,0,1,1,0,1,0,0,1,1,0,0,1,1,0,1,1,0,0,1,0
0,1,1,0,1,1,0,1,0,0,1,0,1,1,0,1,0,0,1,1,0,1,1,0,0,1,1
0,1,1,0,1,1,0,1,0,1,0,0,1,0,1,1,0,0,1,1,0,1,0,1,1,0,0
0,1,1,1,0,1,0,1,0,1,0,0,1,1,0,1,0,0,1,1,0,1,0,1,0,1,1
0,1,1,0,1,1,0,0,1,0,1,1,0,1,0,1,0,0,1,0,1,1,1,0,0,1,1
1,0,1,0,1,1,0,0,1,0,1,0,1,1,0,1,0,0,1,1,0,1,1,0,0,1,1
0,1,1,0,1,1,0,1,0,0,1,0,1,1,0,0,1,0,1,1,0,1,1,0,1,0,1
1,0,1,0,1,1,0,0,1,0,1,0,1,1,0,1,0,0,1,1,0,1,1,0,0,1,0
0,1,1,0,1,1,0,0,1,1,0,1,0,0,1,1,0,0,1,1,0,1,1,0,0,1,0
1,0,1,1,0,0,1,1,0,0,1,1,0,0,1,1,0,0,1,0,1,1,1,0,0,1,1
0,1,1,0,1,1,0,1,0,0,1,0,1,1,0,0,1,0,1,1,0,1,1,0,1,0,1
0,1,1,0,1,1,0,0,1,1,0,1,0,0,1,1,0,0,1,0,1,1,1,0,0,1,0
1,0,1,1,0,1,0,1,0,1,0,0,1,0,1,0,1,0,1,0,1,1,1,0,1,0,0
0,1,1,0,1,1,0,0,1,0,1,0,1,1,0,1,0,0,1,0,1,1,1,0,1,0,1
0,1,1,1,0,1,0,0,1,0,1,1,0,0,1,0,1,1,0,1,0,1,0,1,1,0,0
0,1,1,0,1,1,0,0,1,0,1,0,1,1,0,0,1,0,1,0,1,1,1,0,0,1,1
1,0,1,1,0,1,0,0,1,0,1,1,0,0,1,1,0,0,1,0,1,1,0,1,0,1,0
0,1,1,0,1,1,0,1,0,0,1,1,0,1,0,1,0,0,1,1,0,1,1,0,0,1,1
0,1,1,1,0,1,0,0,1,0,1,1,0,0,1,0,1,1,0,1,0,1,1,0,1,0,0
1,0,1,0,1,1,0,0,1,0,1,1,0,1,0,0,1,0,1,1,0,1,0,1,0,1,1
1,0,1,1,0,1,0,0,1,0,1,0,1,0,1,0,1,1,0,0,1,1,0,1,1,0,0
0,1,1,0,1,0,1,0,1,0,1,0,1,0,1,0,1,1,0,0,1,1,1,0,0,1,1
0,1,1,1,0,1,0,1,0,1,0,1,0,0,1,1,0,0,1,0,1,1,1,0,0,1,0
1,0,1,1,0,0,1,0,1,1,0,1,0,1,0,1,0,0,1,0,1,1,0,1,0,1,1
0,1,1,1,0,1,0,0,1,0,1,1,0,0,1,0,1,1,0,0,1,1,0,1,0,1,0
0,1,1,1,0,1,0,1,0,1,0,1,0,0,1,0,1,1,0,1,0,1,0,1,1,0,0
0,1,1,0,1,1,0,1,0,0,1,1,0,0,1,0,1,1,0,0,1,1,0,1,1,0,0
0,1,1,1,0,0,1,0,1,0,1,0,1,1,0,0,1,0,1,1,0,1,1,0,0,1,1
0,1,1,0,1,0,1,1,0,0,1,0,1,1,0,1,0,0,1,1,0,1,1,0,0,1,1
0,1,1,0,1,0,1,1,0,0,1,1,0,0,1,0,1,1,0,0,1,1,1,0,0,1,1
0,1,1,0,1,0,1,0,1,0,1,0,1,1,0,1,0,0,1,1,0,1,1,0,0,1,1
1,0,1,1,0,1,0,0,1,0,1,0,1,1,0,1,0,0,1,1,0,1,0,1,0,1,1
1,0,1,1,0,1,0,1,0,0,1,1,0,0,1,1,0,0,1,0,1,1,0,1,1,0,0
0,1,1,1,0,0,1,0,1,0,1,1,0,0,1,1,0,0,1,1,0,1,0,1,0,1,1
1,0,1,1,0,1,0,1,0,1,0,1,0,0,1,0,1,1,0,1,0,1,1,0,1,0,0
0,1,1,1,0,1,0,0,1,0,1,0,1,0,1,1,0,0,1,1,0,1,1,0,0,1,1
0,1,1,0,1,1,0,0,1,0,1,0,1,1,0,1,0,0,1,1,0,1,1,0,0,1,1
1,0,1,1,0,0,1,0,1,0,1,1,0,1,0,0,1,0,1,0,1,1,1,0,0,1,1
0,1,1,1,0,1,0,1,0,0,1,1,0,0,1,1,0,0,1,1,0,1,0,1,0,1,0
0,1,1,0,1,0,1,0,1,0,1,0,1,0,1,0,1,1,0,0,1,1,1,0,1,0,0
0,1,1,1,0,1,0,0,1,0,1,1,0,0,1,0,1,1,0,0,1,1,1,0,1,0,0
0,1,1,1,0,1,0,0,1,0,1,1,0,0,1,0,1,1,0,1,0,1,0,1,1,0,0
0,1,1,1,0,1,0,0,1,0,1,0,1,0,1,0,1,1,0,1,0,1,0,1,1,0,0
0,1,1,0,1,1,0,0,1,0,1,0,1,0,1,1,0,0,1,1,0,1,1,0,0,1,1
0,1,1,0,1,0,1,0,1,0,1,1,0,0,1,0,1,1,0,0,1,1,1,0,1,0,0
0,1,1,1,0,1,0,1,0,0,1,1,0,0,1,0,1,1,0,1,0,1,1,0,1,0,0
0,1,1,0,1,0,1,0,1,0,1,1,0,1,0,1,0,0,1,1,0,1,1,0,0,1,1
1,0,1,1,0,0,1,0,1,0,1,1,0,0,1,1,0,0,1,1,0,1,1,0,0,1,1
0,1,1,0,1,0,1,0,1,0,1,0,1,1,0,1,0,0,1,1,0,1,1,0,0,1,1
1,0,1,0,1,1,0,1,0,0,1,0,1,1,0,1,0,0,1,1,0,1,1,0,0,1,0
0,1,1,0,1,1,0,0,1,0,1,0,1,0,1,1,0,0,1,1,0,1,1,0,0,1,0
1,0,1,0,1,1,0,0,1,0,1,1,0,0,1,0,1,1,0,0,1,1,1,0,1,0,0
1,0,1,0,1,1,0,1,0,0,1,1,0,1,0,1,0,0,1,0,1,1,1,0,0,1,0
0,1,1,1,0,1,0,0,1,0,1,1,0,0,1,0,1,1,0,1,0,1,1,0,1,0,0
0,1,1,1,0,1,0,0,1,0,1,0,1,1,0,1,0,0,1,0,1,1,1,0,1,0,0
0,1,1,1,0,0,1,0,1,0,1,0,1,1,0,1,0,0,1,1,0,1,1,0,0,1,1
0,1,1,0,1,1,0,0,1,0,1,1,0,0,1,0,1,1,0,0,1,1,1,0,1,0,0
0,1,1,0,1,0,1,1,0,0,1,1,0,0,1,0,1,0,1,0,1,1,1,0,1,0,0
0,1,1,1,0,1,0,1,0,0,1,0,1,0,1,1,0,0,1,0,1,1,0,1,1,0,0
1,0,1,1,0,1,0,0,1,1,0,0,1,1,0,1,0,0,1,1,0,1,1,0,0,1,1
0,1,1,0,1,0,1,1,0,0,1,1,0,1,0,1,0,0,1,1,0,1,1,0,0,1,1
0,1,1,0,1,1,0,1,0,0,1,1,0,0,1,0,1,1,0,0,1,1,1,0,0,1,1
0,1,1,0,1,0,1,1,0,0,1,0,1,1,0,1,0,0,1,0,1,1,1,0,0,1,1
0,1,1,0,1,1,0,1,0,0,1,0,1,1,0,1,0,0,1,0,1,1,1,0,0,1,1
0,1,1,1,0,1,0,0,1,0,1,0,1,1,0,1,0,0,1,1,0,1,0,1,0,1,1
1,0,1,0,1,1,0,0,1,0,1,1,0,0,1,1,0,0,1,0,1,1,1,0,0,1,1
1,0,1,1,0,1,0,0,1,0,1,1,0,0,1,0,1,0,1,1,0,1,1,0,0,1,0
1,0,1,0,1,1,0,0,1,0,1,0,1,0,1,0,1,1,0,1,0,1,0,1,0,1,0
0,1,1,1,0,1,0,1,0,0,1,1,0,0,1,0,1,0,1,0,1,1,1,0,0,1,0
1,0,1,0,1,1,0,0,1,0,1,0,1,1,0,1,0,0,1,1,0,1,1,0,0,1,1
0,1,1,0,1,1,0,1,0,0,1,1,0,0,1,0,1,1,0,0,1,1,1,0,1,0,0
1,0,1,1,0,1,0,1,0,0,1,0,1,1,0,0,1,0,1,1,0,1,1,0,0,1,1
1,0,1,0,1,1,0,1,0,0,1,0,1,0,1,0,1,0,1,0,1,1,1,0,1,0,1
1,0,1,1,0,1,0,0,1,0,1,1,0,0,1,0,1,1,0,1,0,1,0,1,1,0,0
0,1,1,1,0,1,0,1,0,0,1,0,1,0,1,0,1,1,0,1,0,1,1,0,0,1,0
0,1,1,0,1,1,0,0,1,0,1,0,1,1,0,1,0,0,1,1,0,1,1,0,0,1,1
0,1,1,1,0,0,1,1,0,1,0,1,0,0,1,1,0,0,1,0,1,1,1,0,0,1,0
1,0,1,0,1,1,0,1,0,0,1,0,1,1,0,1,0,0,1,0,1,1,1,0,0,1,1
1,0,1,0,1,0,1,0,1,0,1,0,1,1,0,1,0,0,1,1,0,1,1,0,0,1,1
1,0,1,0,1,1,0,0,1,0,1,1,0,1,0,0,1,0,1,0,1,1,0,1,0,1,1
0,1,1,0,1,0,1,1,0,0,1,1,0,1,0,1,0,0,1,0,1,1,1,0,0,1,1
1,0,1,0,1,1,0,1,0,0,1,0,1,1,0,1,0,0,1,1,0,1,1,0,0,1,1
0,1,1,0,1,1,0,0,1,0,1,1,0,1,0,1,0,0,1,1,0,1,0,1,0,1,1
0,1,1,0,1,1,0,1,0,1,0,0,1,0,1,0,1,0,1,1,0,1,1,0,0,1,0
0,1,1,0,1,1,0,0,1,0,1,1,0,0,1,1,0,0,1,0,1,1,1,0,0,1,1
1,0,1,0,1,1,0,1,0,0,1,1,0,0,1,0,1,1,0,1,0,1,1,0,1,0,0
0,1,1,0,1,1,0,0,1,0,1,0,1,1,0,1,0,0,1,1,0,1,1,0,0,1,1
0,1,1,0,1,1,0,0,1,1,0,1,0,1,0,1,0,0,1,0,1,1,1,0,0,1,0
1,0,1,1,0,1,0,1,0,1,0,1,0,0,1,0,1,1,0,1,0,1,0,1,1,0,0
0,1,1,1,0,1,0,1,0,1,0,1,0,0,1,0,1,1,0,1,0,1,1,0,0,1,0
0,1,1,1,0,1,0,0,1,0,1,0,1,1,0,1,0,0,1,0,1,1,1,0,0,1,1
0,1,1,0,1,1,0,0,1,0,1,1,0,0,1,0,1,0,1,0,1,1,0,1,0,1,0
0,1,1,0,1,0,1,0,1,0,1,0,1,1,0,1,0,0,1,1,0,1,1,0,0,1,1
0,1,1,1,0,1,0,1,0,1,0,1,0,0,1,0,1,1,0,0,1,1,1,0,0,1,1
0,1,1,0,1,0,1,0,1,0,1,0,1,1,0,1,0,0,1,1,0,1,1,0,1,0,1
0,1,1,0,1,1,0,0,1,0,1,0,1,1,0,1,0,0,1,1,0,1,0,1,0,1,1
0,1,1,1,0,0,1,0,1,0,1,1,0,0,1,1,0,0,1,1,0,1,0,1,0,1,1
0,1,1,0,1,1,0,1,0,0,1,1,0,0,1,0,1,1,0,0,1,1,0,1,0,1,0
0,1,1,0,1,1,0,0,1,0,1,0,1,0,1,0,1,1,0,1,0,1,1,0,1,0,0
1,0,1,0,1,1,0,0,1,0,1,0,1,1,0,1,0,0,1,1,0,1,1,0,0,1,1
0,1,1,1,0,1,0,0,1,0,1,0,1,0,1,0,1,0,1,1,0,1,0,1,0,1,1
1,0,1,0,1,0,1,0,1,0,1,0,1,0,1,1,0,0,1,1,0,1,1,0,0,1,1
0,1,1,0,1,0,1,0,1,0,1,0,1,1,0,1,0,0,1,0,1,1,1,0,1,0,1
0,1,1,0,1,1,0,0,1,0,1,1,0,0,1,0,1,1,0,1,0,1,0,1,1,0,0
1,0,1,0,1,0,1,0,1,0,1,1,0,1,0,1,0,0,1,0,1,1,0,1,0,1,1
0,1,1,0,1,1,0,1,0,1,0,1,0,0,1,0,1,1,0,1,0,1,0,1,0,1,0
0,1,1,0,1,0,1,0,1,0,1,0,1,0,1,1,0,0,1,1,0,1,1,0,0,1,1
0,1,1,0,1,1,0,1,0,0,1,0,1,1,0,1,0,0,1,1,0,1,1,0,0,1,1
0,1,1,1,0,1,0,0,1,0,1,1,0,0,1,0,1,1,0,0,1,1,0,1,0,1,0
1,0,1,1,0,1,0,1,0,0,1,1,0,0,1,0,1,1,0,0,1,1,0,1,0,1,0
1,0,1,0,1,1,0,0,1,0,1,1,0,0,1,1,0,0,1,1,0,1,0,1,0,1,0
0,1,1,0,1,1,0,1,0,0,1,0,1,0,1,1,0,0,1,0,1,1,1,0,0,1,1
1,0,1,1,0,1,0,0,1,1,0,0,1,1,0,1,0,0,1,0,1,1,1,0,0,1,1
0,1,1,0,1,0,1,0,1,0,1,0,1,1,0,1,0,0,1,0,1,1,0,1,0,1,1
0,1,1,0,1,1,0,1,0,1,0,0,1,1,0,1,0,0,1,0,1,1,1,0,0,1,1
0,1,1,1,0,1,0,0,1,0,1,0,1,1,0,0,1,0,1,1,0,1,1,0,0,1,1
1,0,1,0,1,1,0,0,1,0,1,1,0,0,1,1,0,0,1,0,1,1,0,1,0,1,0
1,0,1,0,1,1,0,1,0,0,1,0,1,1,0,1,0,0,1,0,1,1,1,0,0,1,1
0,1,1,0,1,1,0,1,0,0,1,1,0,0,1,0,1,1,0,0,1,1,1,0,1,0,0
1,0,1,1,0,1,0,1,0,1,0,0,1,0,1,0,1,1,0,1,0,1,0,1,1,0,0
1,0,1,1,0,1,0,0,1,1,0,1,0,1,0,1,0,0,1,1,0,1,0,1,0,1,1
1,0,1,0,1,1,0,1,0,0,1,1,0,0,1,0,1,0,1,1,0,1,1,0,0,1,1
0,1,1,0,1,1,0,0,1,0,1,0,1,1,0,1,0,0,1,1,0,1,1,0,0,1,1
0,1,1,0,1,0,1,1,0,1,0,0,1,1,0,1,0,0,1,1,0,1,1,0,0,1,1
0,1,1,1,0,1,0,0,1,1,0,1,0,0,1,1,0,0,1,0,1,1,0,1,1,0,0
1,0,1,0,1,0,1,1,0,1,0,1,0,0,1,0,1,0,1,1,0,1,0,1,0,1,0
0,1,1,0,1,1,0,0,1,0,1,1,0,0,1,1,0,0,1,0,1,1,1,0,0,1,0
0,1,1,0,1,0,1,0,1,1,0,0,1,1,0,1,0,0,1,1,0,1,1,0,0,1,1
0,1,1,1,0,1,0,0,1,0,1,1,0,0,1,0,1,1,0,0,1,1,0,1,0,1,0
1,0,1,1,0,1,0,0,1,0,1,0,1,0,1,1,0,0,1,0,1,1,0,1,0,1,0
0,1,1,0,1,1,0,1,0,0,1,0,1,0,1,1,0,0,1,0,1,1,1,0,1,0,0
0,1,1,0,1,0,1,1,0,1,0,0,1,1,0,1,0,0,1,1,0,1,1,0,0,1,1
0,1,1,0,1,1,0,1,0,0,1,0,1,1,0,1,0,0,1,0,1,1,0,1,1,0,1
0,1,1,0,1,1,0,0,1,0,1,1,0,0,1,0,1,1,0,0,1,1,1,0,1,0,0
0,1,1,1,0,1,0,1,0,0,1,1,0,1,0,1,0,0,1,1,0,1,1,0,0,1,1
0,1,1,1,0,0,1,0,1,0,1,0,1,1,0,1,0,0,1,0,1,1,1,0,0,1,1
0,1,1,1,0,0,1,0,1,0,1,1,0,0,1,1,0,0,1,1,0,1,0,1,0,1,0
0,1,1,0,1,1,0,1,0,0,1,0,1,0,1,1,0,0,1,0,1,1,1,0,0,1,0
0,1,1,0,1,1,0,0,1,0,1,0,1,1,0,0,1,1,0,1,0,1,1,0,1,0,1
1,0,1,1,0,1,0,0,1,0,1,0,1,1,0,1,0,0,1,1,0,1,1,0,1,0,1
0,1,1,0,1,1,0,1,0,1,0,1,0,0,1,1,0,0,1,0,1,1,1,0,1,0,0
0,1,1,1,0,1,0,1,0,0,1,0,1,0,1,0,1,1,0,1,0,1,0,1,1,0,0
1,0,1,1,0,1,0,1,0,1,0,1,0,0,1,0,1,0,1,1,0,1,0,1,1,0,0
1,0,1,0,1,0,1,0,1,0,1,0,1,1,0,1,0,0,1,1,0,1,0,1,0,1,1
0,1,1,0,1,0,1,0,1,1,0,1,0,1,0,1,0,0,1,0,1,1,1,0,0,1,1
0,1,1,0,1,1,0,0,1,0,1,1,0,0,1,0,1,1,0,1,0,1,1,0,1,0,0
1,0,1,0,1,1,0,1,0,0,1,0,1,1,0,1,0,0,1,0,1,1,1,0,0,1,1
0,1,1,1,0,1,0,1,0,0,1,1,0,0,1,1,0,0,1,1,0,1,1,0,1,0,0
0,1,1,1,0,1,0,0,1,0,1,1,0,0,1,0,1,1,0,1,0,1,1,0,1,0,0
0,1,1,0,1,0,1,0,1,0,1,0,1,1,0,1,0,0,1,1,0,1,1,0,0,1,1
0,1,1,0,1,1,0,0,1,0,1,0,1,0,1,1,0,0,1,0,1,1,0,1,0,1,0
0,1,1,0,1,0,1,0,1,0,1,0,1,1,0,1,0,0,1,1,0,1,1,0,0,1,1
0,1,1,0,1,1,0,0,1,1,0,0,1,0,1,0,1,1,0,1,0,1,1,0,1,0,0
0,1,1,1,0,1,0,0,1,0,1,1,0,0,1,0,1,0,1,1,0,1,0,1,1,0,0
1,0,1,0,1,1,0,0,1,0,1,0,1,1,0,1,0,0,1,1,0,1,0,1,0,1,1
1,0,1,0,1,1,0,0,1,0,1,1,0,1,0,0,1,0,1,0,1,1,1,0,0,1,1
0,1,1,0,1,0,1,1,0,0,1,0,1,1,0,1,0,0,1,1,0,1,1,0,0,1,1
0,1,1,1,0,1,0,1,0,0,1,1,0,0,1,0,1,0,1,1,0,1,1,0,0,1,0
0,1,1,0,1,1,0,0,1,0,1,0,1,1,0,1,0,0,1,0,1,1,1,0,1,0,1
1,0,1,1,0,1,0,1,0,0,1,1,0,0,1,0,1,1,0,1,0,1,0,1,1,0,0
1,0,1,1,0,1,0,1,0,0,1,1,0,0,1,0,1,1,0,1,0,1,1,0,0,1,0
0,1,1,0,1,1,0,0,1,0,1,0,1,1,0,1,0,0,1,0,1,1,1,0,0,1,1
0,1,1,1,0,1,0,1,0,0,1,1,0,0,1,1,0,0,1,0,1,1,0,1,0,1,0
0,1,1,0,1,0,1,0,1,0,1,1,0,0,1,1,0,0,1,1,0,1,1,0,0,1,1
0,1,1,0,1,0,1,0,1,0,1,0,1,1,0,1,0,0,1,1,0,1,1,0,1,0,1
1,0,1,0,1,0,1,0,1,0,1,0,1,0,1,0,1,1,0,1,0,1,1,0,0,1,1
0,1,1,0,1,0,1,1,0,1,0,0,1,0,1,1,0,0,1,0,1,1,1,0,0,1,0
0,1,1,0,1,1,0,0,1,0,1,0,1,1,0,1,0,0,1,1,0,1,1,0,0,1,1
1,0,1,0,1,1,0,1,0,0,1,0,1,0,1,1,0,0,1,1,0,1,1,0,0,1,0
0,1,1,1,0,1,0,0,1,0,1,0,1,1,0,1,0,0,1,1,0,1,0,1,0,1,1
0,1,1,0,1,0,1,0,1,0,1,1,0,0,1,0,1,0,1,1,0,1,1,0,0,1,1
0,1,1,0,1,1,0,0,1,0,1,0,1,1,0,1,0,0,1,1,0,1,1,0,0,1,1
0,1,1,0,1,1,0,0,1,1,0,0,1,1,0,1,0,0,1,0,1,1,1,0,0,1,1
0,1,1,0,1,1,0,0,1,0,1,0,1,1,0,1,0,0,1,0,1,1,0,1,0,1,1
0,1,1,0,1,1,0,0,1,0,1,1,0,0,1,1,0,0,1,1,0,1,1,0,0,1,0
1,0,1,0,1,0,1,1,0,1,0,0,1,0,1,0,1,1,0,0,1,1,1,0,1,0,0
0,1,1,1,0,1,0,1,0,1,0,1,0,0,1,0,1,0,1,0,1,1,1,0,1,0,0
0,1,1,1,0,1,0,0,1,0,1,1,0,1,0,1,0,0,1,1,0,1,0,1,0,1,1
0,1,1,1,0,1,0,1,0,0,1,0,1,0,1,0,1,0,1,1,0,1,0,1,0,1,1
0,1,1,0,1,1,0,0,1,1,0,0,1,1,0,1,0,0,1,0,1,1,1,0,0,1,1
1,0,1,0,1,1,0,0,1,0,1,0,1,0,1,0,1,1,0,0,1,1,1,0,0,1,1
0,1,1,0,1,1,0,1,0,0,1,1,0,1,0,1,0,0,1,1,0,1,1,0,0,1,1
0,1,1,0,1,0,1,0,1,0,1,1,0,0,1,1,0,0,1,0,1,1,0,1,0,1,1
0,1,1,1,0,1,0,1,0,1,0,1,0,0,1,0,1,1,0,1,0,1,1,0,0,1,0
0,1,1,0,1,1,0,1,0,0,1,1,0,0,1,1,0,0,1,0,1,1,1,0,0,1,0
0,1,1,0,1,0,1,0,1,0,1,0,1,1,0,0,1,0,1,0,1,1,1,0,0,1,1
0,1,1,1,0,1,0,1,0,0,1,0,1,1,0,1,0,0,1,0,1,1,1,0,1,0,1
0,1,1,1,0,1,0,0,1,1,0,1,0,0,1,0,1,1,0,0,1,1,0,1,0,1,0
0,1,1,0,1,1,0,0,1,0,1,0,1,0,1,1,0,0,1,0,1,1,1,0,0,1,1
1,0,1,1,0,1,0,0,1,0,1,0,1,1,0,1,0,0,1,0,1,1,1,0,1,0,1
0,1,1,0,1,1,0,0,1,0,1,1,0,1,0,1,0,0,1,1,0,1,0,1,0,1,1
0,1,1,0,1,1,0,0,1,0,1,0,1,1,0,1,0,0,1,1,0,1,1,0,0,1,0
0,1,1,0,1,0,1,1,0,0,1,1,0,0,1,0,1,0,1,1,0,1,1,0,0,1,0
1,0,1,0,1,1,0,0,1,0,1,0,1,1,0,1,0,0,1,0,1,1,1,0,0,1,1
0,1,1,0,1,0,1,0,1,0,1,0,1,0,1,0,1,1,0,1,0,1,1,0,1,0,0
1,0,1,1,0,1,0,0,1,0,1,1,0,0,1,1,0,0,1,1,0,1,1,0,0,1,0
0,1,1,0,1,1,0,0,1,0,1,0,1,1,0,1,0,0,1,1,0,1,1,0,0,1,1
0,1,1,0,1,0,1,0,1,0,1,0,1,1,0,1,0,0,1,0,1,1,1,0,0,1,1
1,0,1,0,1,1,0,0,1,0,1,0,1,1,0,1,0,0,1,0,1,1,1,0,0,1,1
0,1,1,1,0,1,0,0,1,0,1,0,1,1,0,1,0,0,1,1,0,1,0,1,0,1,1
1,0,1,1,0,1,0,1,0,0,1,0,1,0,1,1,0,0,1,0,1,1,1,0,0,1,0
0,1,1,0,1,0,1,0,1,1,0,1,0,0,1,1,0,0,1,1,0,1,0,1,0,1,0
1,0,1,1,0,1,0,0,1,0,1,0,1,1,0,1,0,0,1,1,0,1,0,1,0,1,1
0,1,1,1,0,1,0,1,0,1,0,1,0,0,1,1,0,0,1,0,1,1,1,0,0,1,0
1,0,1,0,1,1,0,0,1,1,0,0,1,0,1,1,0,0,1,0,1,1,1,0,0,1,0
0,1,1,1,0,0,1,0,1,1,0,1,0,1,0,1,0,0,1,0,1,1,0,1,0,1,1
1,0,1,1,0,1,0,0,1,0,1,0,1,1,0,1,0,0,1,1,0,1,1,0,1,0,1
0,1,1,0,1,1,0,0,1,0,1,0,1,0,1,1,0,0,1,0,1,1,1,0,0,1,1
0,1,1,0,1,0,1,0,1,0,1,1,0,1,0,1,0,0,1,0,1,1,1,0,0,1,1
0,1,1,0,1,1,0,0,1,0,1,0,1,1,0,1,0,0,1,0,1,1,0,1,0,1,1
0,1,1,1,0,0,1,0,1,0,1,1,0,0,1,1,0,0,1,1,0,1,0,1,0,1,1
1,0,1,1,0,1,0,1,0,0,1,0,1,0,1,1,0,0,1,1,0,1,0,1,1,0,0
1,0,1,0,1,1,0,0,1,0,1,0,1,1,0,1,0,0,1,1,0,1,0,1,0,1,1
0,1,1,0,1,0,1,1,0,1,0,1,0,0,1,0,1,1,0,1,0,1,1,0,0,1,0
0,1,1,1,0,1,0,1,0,0,1,1,0,0,1,1,0,0,1,1,0,1,0,1,0,1,0
0,1,1,0,1,1,0,0,1,0,1,0,1,1,0,1,0,0,1,1,0,1,0,1,0,1,1
1,0,1,1,0,1,0,1,0,1,0,1,0,0,1,0,1,0,1,1,0,1,1,0,0,1,0
0,1,1,0,1,1,0,1,0,0,1,0,1,1,0,0,1,0,1,1,0,1,1,0,0,1,0
