normalizedLosses,make,fuelType,aspiration,numOfDoors,bodyStyle,driveWheels,engineType,numOfCylinders,fuelSystem,engineLocation,wheelBase,length,width,height,curbWeight,engineSize,bore,stroke,compressionRatio,horsepower,peakRpm,cityMpg,highwayMpg,price,XClass
(96.5; Inf],alfa-romero,gas,std,two,convertible,rwd,dohc,four,mpfi,front,(88.5;92.15],(168.75;173.3],[-Inf;64.3],[-Inf;50.35],(2321.5; Inf],(105.5; Inf],(3.255; Inf],[-Inf; Inf],[-Inf; Inf],(87; Inf],[-Inf; Inf],[-Inf;30.5],[-Inf;28.5],(8497; Inf],3
(96.5; Inf],alfa-romero,gas,std,two,convertible,rwd,dohc,four,mpfi,front,(88.5;92.15],(168.75;173.3],[-Inf;64.3],[-Inf;50.35],(2321.5; Inf],(105.5; Inf],(3.255; Inf],[-Inf; Inf],[-Inf; Inf],(87; Inf],[-Inf; Inf],[-Inf;30.5],[-Inf;28.5],(8497; Inf],3
(96.5; Inf],alfa-romero,gas,std,two,hatchback,rwd,ohcv,six,mpfi,front,(92.15;94.8],(168.75;173.3],(64.3;66.75],(51.8;56.15],(2321.5; Inf],(105.5; Inf],[-Inf;3.255],[-Inf; Inf],[-Inf; Inf],(87; Inf],[-Inf; Inf],[-Inf;30.5],[-Inf;28.5],(8497; Inf],1
(96.5; Inf],audi,gas,std,four,sedan,fwd,ohc,four,mpfi,front,(97.25;100.1],(175.65;177.55],(64.3;66.75],(51.8;56.15],(2321.5; Inf],(105.5; Inf],[-Inf;3.255],[-Inf; Inf],[-Inf; Inf],(87; Inf],[-Inf; Inf],[-Inf;30.5],(28.5; Inf],(8497; Inf],2
(96.5; Inf],audi,gas,std,four,sedan,4wd,ohc,five,mpfi,front,(97.25;100.1],(175.65;177.55],(64.3;66.75],(51.8;56.15],(2321.5; Inf],(105.5; Inf],[-Inf;3.255],[-Inf; Inf],[-Inf; Inf],(87; Inf],[-Inf; Inf],[-Inf;30.5],[-Inf;28.5],(8497; Inf],2
(96.5; Inf],audi,gas,std,two,sedan,fwd,ohc,five,mpfi,front,(97.25;100.1],(175.65;177.55],(64.3;66.75],(51.8;56.15],(2321.5; Inf],(105.5; Inf],[-Inf;3.255],[-Inf; Inf],[-Inf; Inf],(87; Inf],[-Inf; Inf],[-Inf;30.5],[-Inf;28.5],(8497; Inf],2
(96.5; Inf],audi,gas,std,four,sedan,fwd,ohc,five,mpfi,front,(100.1; Inf],(188.9; Inf],(66.75; Inf],(51.8;56.15],(2321.5; Inf],(105.5; Inf],[-Inf;3.255],[-Inf; Inf],[-Inf; Inf],(87; Inf],[-Inf; Inf],[-Inf;30.5],[-Inf;28.5],(8497; Inf],1
(96.5; Inf],audi,gas,std,four,wagon,fwd,ohc,five,mpfi,front,(100.1; Inf],(188.9; Inf],(66.75; Inf],(51.8;56.15],(2321.5; Inf],(105.5; Inf],[-Inf;3.255],[-Inf; Inf],[-Inf; Inf],(87; Inf],[-Inf; Inf],[-Inf;30.5],[-Inf;28.5],(8497; Inf],1
(96.5; Inf],audi,gas,turbo,four,sedan,fwd,ohc,five,mpfi,front,(100.1; Inf],(188.9; Inf],(66.75; Inf],(51.8;56.15],(2321.5; Inf],(105.5; Inf],[-Inf;3.255],[-Inf; Inf],[-Inf; Inf],(87; Inf],[-Inf; Inf],[-Inf;30.5],[-Inf;28.5],(8497; Inf],1
(96.5; Inf],audi,gas,turbo,two,hatchback,4wd,ohc,five,mpfi,front,(97.25;100.1],(177.55;179.35],(66.75; Inf],(51.8;56.15],(2321.5; Inf],(105.5; Inf],[-Inf;3.255],[-Inf; Inf],[-Inf; Inf],(87; Inf],[-Inf; Inf],[-Inf;30.5],[-Inf;28.5],(8497; Inf],0
(96.5; Inf],bmw,gas,std,two,sedan,rwd,ohc,four,mpfi,front,(100.1; Inf],(175.65;177.55],(64.3;66.75],(51.8;56.15],(2321.5; Inf],(105.5; Inf],(3.255; Inf],[-Inf; Inf],[-Inf; Inf],(87; Inf],[-Inf; Inf],[-Inf;30.5],(28.5; Inf],(8497; Inf],2
(96.5; Inf],bmw,gas,std,four,sedan,rwd,ohc,four,mpfi,front,(100.1; Inf],(175.65;177.55],(64.3;66.75],(51.8;56.15],(2321.5; Inf],(105.5; Inf],(3.255; Inf],[-Inf; Inf],[-Inf; Inf],(87; Inf],[-Inf; Inf],[-Inf;30.5],(28.5; Inf],(8497; Inf],0
(96.5; Inf],bmw,gas,std,two,sedan,rwd,ohc,six,mpfi,front,(100.1; Inf],(175.65;177.55],(64.3;66.75],(51.8;56.15],(2321.5; Inf],(105.5; Inf],(3.255; Inf],[-Inf; Inf],[-Inf; Inf],(87; Inf],[-Inf; Inf],[-Inf;30.5],[-Inf;28.5],(8497; Inf],0
(96.5; Inf],bmw,gas,std,four,sedan,rwd,ohc,six,mpfi,front,(100.1; Inf],(175.65;177.55],(64.3;66.75],(51.8;56.15],(2321.5; Inf],(105.5; Inf],(3.255; Inf],[-Inf; Inf],[-Inf; Inf],(87; Inf],[-Inf; Inf],[-Inf;30.5],[-Inf;28.5],(8497; Inf],0
(96.5; Inf],bmw,gas,std,four,sedan,rwd,ohc,six,mpfi,front,(100.1; Inf],(188.9; Inf],(66.75; Inf],(51.8;56.15],(2321.5; Inf],(105.5; Inf],(3.255; Inf],[-Inf; Inf],[-Inf; Inf],(87; Inf],[-Inf; Inf],[-Inf;30.5],[-Inf;28.5],(8497; Inf],0
(96.5; Inf],bmw,gas,std,two,sedan,rwd,ohc,six,mpfi,front,(100.1; Inf],(188.9; Inf],(66.75; Inf],(51.8;56.15],(2321.5; Inf],(105.5; Inf],(3.255; Inf],[-Inf; Inf],[-Inf; Inf],(87; Inf],[-Inf; Inf],[-Inf;30.5],[-Inf;28.5],(8497; Inf],0
(96.5; Inf],chevrolet,gas,std,two,hatchback,fwd,l,three,2bbl,front,(87.5;88.5],[-Inf;168.75],[-Inf;64.3],(51.8;56.15],[-Inf;2321.5],[-Inf;85],[-Inf;3.255],[-Inf; Inf],[-Inf; Inf],[-Inf;87],[-Inf; Inf],(30.5; Inf],(28.5; Inf],[-Inf;8497],2
(96.5; Inf],chevrolet,gas,std,two,hatchback,fwd,ohc,four,2bbl,front,(92.15;94.8],[-Inf;168.75],[-Inf;64.3],(51.8;56.15],[-Inf;2321.5],(85;105.5],[-Inf;3.255],[-Inf; Inf],[-Inf; Inf],[-Inf;87],[-Inf; Inf],(30.5; Inf],(28.5; Inf],[-Inf;8497],1
(75.5;92],chevrolet,gas,std,four,sedan,fwd,ohc,four,2bbl,front,(92.15;94.8],[-Inf;168.75],[-Inf;64.3],(51.8;56.15],[-Inf;2321.5],(85;105.5],[-Inf;3.255],[-Inf; Inf],[-Inf; Inf],[-Inf;87],[-Inf; Inf],(30.5; Inf],(28.5; Inf],[-Inf;8497],0
(96.5; Inf],dodge,gas,std,two,hatchback,fwd,ohc,four,2bbl,front,(92.15;94.8],[-Inf;168.75],[-Inf;64.3],(50.35;51.8],[-Inf;2321.5],(85;105.5],[-Inf;3.255],[-Inf; Inf],[-Inf; Inf],[-Inf;87],[-Inf; Inf],(30.5; Inf],(28.5; Inf],[-Inf;8497],1
(96.5; Inf],dodge,gas,std,two,hatchback,fwd,ohc,four,2bbl,front,(92.15;94.8],[-Inf;168.75],[-Inf;64.3],(50.35;51.8],[-Inf;2321.5],(85;105.5],[-Inf;3.255],[-Inf; Inf],[-Inf; Inf],[-Inf;87],[-Inf; Inf],(30.5; Inf],(28.5; Inf],[-Inf;8497],1
(96.5; Inf],dodge,gas,std,four,hatchback,fwd,ohc,four,2bbl,front,(92.15;94.8],[-Inf;168.75],[-Inf;64.3],(50.35;51.8],[-Inf;2321.5],(85;105.5],[-Inf;3.255],[-Inf; Inf],[-Inf; Inf],[-Inf;87],[-Inf; Inf],(30.5; Inf],(28.5; Inf],[-Inf;8497],1
(96.5; Inf],dodge,gas,std,four,sedan,fwd,ohc,four,2bbl,front,(92.15;94.8],[-Inf;168.75],[-Inf;64.3],(50.35;51.8],[-Inf;2321.5],(85;105.5],[-Inf;3.255],[-Inf; Inf],[-Inf; Inf],[-Inf;87],[-Inf; Inf],(30.5; Inf],(28.5; Inf],[-Inf;8497],1
(96.5; Inf],dodge,gas,turbo,,sedan,fwd,ohc,four,mpfi,front,(92.15;94.8],[-Inf;168.75],[-Inf;64.3],(50.35;51.8],[-Inf;2321.5],(85;105.5],[-Inf;3.255],[-Inf; Inf],[-Inf; Inf],(87; Inf],[-Inf; Inf],[-Inf;30.5],(28.5; Inf],(8497; Inf],1
(96.5; Inf],dodge,gas,std,four,wagon,fwd,ohc,four,2bbl,front,(100.1; Inf],(173.3;175.5],(64.3;66.75],(56.25; Inf],(2321.5; Inf],(105.5; Inf],(3.255; Inf],[-Inf; Inf],[-Inf; Inf],(87; Inf],[-Inf; Inf],[-Inf;30.5],(28.5; Inf],(8497; Inf],-1
(96.5; Inf],dodge,gas,turbo,two,hatchback,fwd,ohc,four,mfi,front,(94.8;97.25],(168.75;173.3],(64.3;66.75],[-Inf;50.35],(2321.5; Inf],(105.5; Inf],(3.255; Inf],[-Inf; Inf],[-Inf; Inf],(87; Inf],[-Inf; Inf],[-Inf;30.5],[-Inf;28.5],(8497; Inf],3
(96.5; Inf],honda,gas,std,two,hatchback,fwd,ohc,four,1bbl,front,[-Inf;87.5],[-Inf;168.75],[-Inf;64.3],(50.35;51.8],[-Inf;2321.5],(85;105.5],[-Inf;3.255],[-Inf; Inf],[-Inf; Inf],[-Inf;87],[-Inf; Inf],(30.5; Inf],(28.5; Inf],[-Inf;8497],2
(96.5; Inf],honda,gas,std,two,hatchback,fwd,ohc,four,1bbl,front,(92.15;94.8],[-Inf;168.75],[-Inf;64.3],(51.8;56.15],[-Inf;2321.5],[-Inf;85],[-Inf;3.255],[-Inf; Inf],[-Inf; Inf],[-Inf;87],[-Inf; Inf],(30.5; Inf],(28.5; Inf],[-Inf;8497],1
(96.5; Inf],honda,gas,std,two,hatchback,fwd,ohc,four,1bbl,front,(92.15;94.8],[-Inf;168.75],[-Inf;64.3],(51.8;56.15],[-Inf;2321.5],(85;105.5],[-Inf;3.255],[-Inf; Inf],[-Inf; Inf],[-Inf;87],[-Inf; Inf],[-Inf;30.5],(28.5; Inf],[-Inf;8497],1
(96.5; Inf],honda,gas,std,two,hatchback,fwd,ohc,four,1bbl,front,(92.15;94.8],[-Inf;168.75],[-Inf;64.3],(51.8;56.15],[-Inf;2321.5],(85;105.5],[-Inf;3.255],[-Inf; Inf],[-Inf; Inf],[-Inf;87],[-Inf; Inf],[-Inf;30.5],(28.5; Inf],[-Inf;8497],1
(96.5; Inf],honda,gas,std,four,sedan,fwd,ohc,four,1bbl,front,(94.8;97.25],[-Inf;168.75],[-Inf;64.3],(51.8;56.15],[-Inf;2321.5],(85;105.5],[-Inf;3.255],[-Inf; Inf],[-Inf; Inf],[-Inf;87],[-Inf; Inf],[-Inf;30.5],(28.5; Inf],[-Inf;8497],0
(75.5;92],honda,gas,std,four,wagon,fwd,ohc,four,1bbl,front,(94.8;97.25],[-Inf;168.75],[-Inf;64.3],(56.25; Inf],[-Inf;2321.5],(85;105.5],[-Inf;3.255],[-Inf; Inf],[-Inf; Inf],[-Inf;87],[-Inf; Inf],[-Inf;30.5],(28.5; Inf],[-Inf;8497],0
(96.5; Inf],honda,gas,std,two,hatchback,fwd,ohc,four,1bbl,front,(94.8;97.25],[-Inf;168.75],(64.3;66.75],(51.8;56.15],[-Inf;2321.5],(105.5; Inf],[-Inf;3.255],[-Inf; Inf],[-Inf; Inf],[-Inf;87],[-Inf; Inf],[-Inf;30.5],(28.5; Inf],[-Inf;8497],0
(96.5; Inf],honda,gas,std,two,hatchback,fwd,ohc,four,1bbl,front,(94.8;97.25],[-Inf;168.75],(64.3;66.75],(51.8;56.15],[-Inf;2321.5],(105.5; Inf],[-Inf;3.255],[-Inf; Inf],[-Inf; Inf],[-Inf;87],[-Inf; Inf],[-Inf;30.5],(28.5; Inf],(8497; Inf],0
(75.5;92],honda,gas,std,four,sedan,fwd,ohc,four,1bbl,front,(94.8;97.25],(173.3;175.5],[-Inf;64.3],(51.8;56.15],(2321.5; Inf],(105.5; Inf],[-Inf;3.255],[-Inf; Inf],[-Inf; Inf],[-Inf;87],[-Inf; Inf],[-Inf;30.5],(28.5; Inf],(8497; Inf],0
(75.5;92],honda,gas,std,four,sedan,fwd,ohc,four,mpfi,front,(94.8;97.25],(173.3;175.5],(64.3;66.75],(51.8;56.15],(2321.5; Inf],(105.5; Inf],[-Inf;3.255],[-Inf; Inf],[-Inf; Inf],(87; Inf],[-Inf; Inf],[-Inf;30.5],[-Inf;28.5],(8497; Inf],0
(96.5; Inf],honda,gas,std,two,sedan,fwd,ohc,four,2bbl,front,(94.8;97.25],(168.75;173.3],(64.3;66.75],(50.35;51.8],[-Inf;2321.5],(105.5; Inf],[-Inf;3.255],[-Inf; Inf],[-Inf; Inf],(87; Inf],[-Inf; Inf],[-Inf;30.5],(28.5; Inf],(8497; Inf],1
(96.5; Inf],isuzu,gas,std,four,sedan,rwd,ohc,four,2bbl,front,(92.15;94.8],(168.75;173.3],[-Inf;64.3],(51.8;56.15],(2321.5; Inf],(105.5; Inf],(3.255; Inf],[-Inf; Inf],[-Inf; Inf],[-Inf;87],[-Inf; Inf],[-Inf;30.5],(28.5; Inf],[-Inf;8497],0
(96.5; Inf],isuzu,gas,std,two,sedan,fwd,ohc,four,2bbl,front,(92.15;94.8],[-Inf;168.75],[-Inf;64.3],(51.8;56.15],[-Inf;2321.5],(85;105.5],[-Inf;3.255],[-Inf; Inf],[-Inf; Inf],[-Inf;87],[-Inf; Inf],(30.5; Inf],(28.5; Inf],(8497; Inf],1
(96.5; Inf],isuzu,gas,std,four,sedan,fwd,ohc,four,2bbl,front,(92.15;94.8],[-Inf;168.75],[-Inf;64.3],(51.8;56.15],[-Inf;2321.5],(85;105.5],[-Inf;3.255],[-Inf; Inf],[-Inf; Inf],[-Inf;87],[-Inf; Inf],(30.5; Inf],(28.5; Inf],(8497; Inf],0
(96.5; Inf],isuzu,gas,std,two,hatchback,rwd,ohc,four,spfi,front,(94.8;97.25],(168.75;173.3],(64.3;66.75],(50.35;51.8],(2321.5; Inf],(105.5; Inf],(3.255; Inf],[-Inf; Inf],[-Inf; Inf],(87; Inf],[-Inf; Inf],[-Inf;30.5],(28.5; Inf],(8497; Inf],2
(96.5; Inf],jaguar,gas,std,four,sedan,rwd,dohc,six,mpfi,front,(100.1; Inf],(188.9; Inf],(66.75; Inf],(51.8;56.15],(2321.5; Inf],(105.5; Inf],(3.255; Inf],[-Inf; Inf],[-Inf; Inf],(87; Inf],[-Inf; Inf],[-Inf;30.5],[-Inf;28.5],(8497; Inf],0
(96.5; Inf],jaguar,gas,std,four,sedan,rwd,dohc,six,mpfi,front,(100.1; Inf],(188.9; Inf],(66.75; Inf],(51.8;56.15],(2321.5; Inf],(105.5; Inf],(3.255; Inf],[-Inf; Inf],[-Inf; Inf],(87; Inf],[-Inf; Inf],[-Inf;30.5],[-Inf;28.5],(8497; Inf],0
(96.5; Inf],jaguar,gas,std,two,sedan,rwd,ohcv,twelve,mpfi,front,(100.1; Inf],(188.9; Inf],(66.75; Inf],[-Inf;50.35],(2321.5; Inf],(105.5; Inf],(3.255; Inf],[-Inf; Inf],[-Inf; Inf],(87; Inf],[-Inf; Inf],[-Inf;30.5],[-Inf;28.5],(8497; Inf],0
(96.5; Inf],mazda,gas,std,two,hatchback,fwd,ohc,four,2bbl,front,(92.15;94.8],[-Inf;168.75],[-Inf;64.3],(51.8;56.15],[-Inf;2321.5],(85;105.5],[-Inf;3.255],[-Inf; Inf],[-Inf; Inf],[-Inf;87],[-Inf; Inf],[-Inf;30.5],(28.5; Inf],[-Inf;8497],1
(96.5; Inf],mazda,gas,std,two,hatchback,fwd,ohc,four,2bbl,front,(92.15;94.8],[-Inf;168.75],[-Inf;64.3],(51.8;56.15],[-Inf;2321.5],(85;105.5],[-Inf;3.255],[-Inf; Inf],[-Inf; Inf],[-Inf;87],[-Inf; Inf],(30.5; Inf],(28.5; Inf],[-Inf;8497],1
(96.5; Inf],mazda,gas,std,two,hatchback,fwd,ohc,four,2bbl,front,(92.15;94.8],[-Inf;168.75],[-Inf;64.3],(51.8;56.15],[-Inf;2321.5],(85;105.5],[-Inf;3.255],[-Inf; Inf],[-Inf; Inf],[-Inf;87],[-Inf; Inf],(30.5; Inf],(28.5; Inf],[-Inf;8497],1
(96.5; Inf],mazda,gas,std,four,sedan,fwd,ohc,four,2bbl,front,(92.15;94.8],[-Inf;168.75],[-Inf;64.3],(51.8;56.15],[-Inf;2321.5],(85;105.5],[-Inf;3.255],[-Inf; Inf],[-Inf; Inf],[-Inf;87],[-Inf; Inf],(30.5; Inf],(28.5; Inf],[-Inf;8497],1
(96.5; Inf],mazda,gas,std,four,sedan,fwd,ohc,four,2bbl,front,(92.15;94.8],[-Inf;168.75],[-Inf;64.3],(51.8;56.15],[-Inf;2321.5],(85;105.5],[-Inf;3.255],[-Inf; Inf],[-Inf; Inf],[-Inf;87],[-Inf; Inf],(30.5; Inf],(28.5; Inf],[-Inf;8497],1
(96.5; Inf],mazda,gas,std,two,hatchback,rwd,rotor,two,4bbl,front,(94.8;97.25],(168.75;173.3],(64.3;66.75],[-Inf;50.35],(2321.5; Inf],[-Inf;85],(3.255; Inf],[-Inf; Inf],[-Inf; Inf],(87; Inf],[-Inf; Inf],[-Inf;30.5],[-Inf;28.5],(8497; Inf],3
(96.5; Inf],mazda,gas,std,two,hatchback,rwd,rotor,two,4bbl,front,(94.8;97.25],(168.75;173.3],(64.3;66.75],[-Inf;50.35],(2321.5; Inf],[-Inf;85],(3.255; Inf],[-Inf; Inf],[-Inf; Inf],(87; Inf],[-Inf; Inf],[-Inf;30.5],[-Inf;28.5],(8497; Inf],3
(96.5; Inf],mazda,gas,std,two,hatchback,rwd,rotor,two,4bbl,front,(94.8;97.25],(168.75;173.3],(64.3;66.75],[-Inf;50.35],(2321.5; Inf],[-Inf;85],(3.255; Inf],[-Inf; Inf],[-Inf; Inf],(87; Inf],[-Inf; Inf],[-Inf;30.5],[-Inf;28.5],(8497; Inf],3
(96.5; Inf],mazda,gas,std,two,hatchback,rwd,rotor,two,mpfi,front,(94.8;97.25],(168.75;173.3],(64.3;66.75],[-Inf;50.35],(2321.5; Inf],[-Inf;85],(3.255; Inf],[-Inf; Inf],[-Inf; Inf],(87; Inf],[-Inf; Inf],[-Inf;30.5],[-Inf;28.5],(8497; Inf],3
(96.5; Inf],mazda,gas,std,two,hatchback,fwd,ohc,four,2bbl,front,(97.25;100.1],(177.55;179.35],(64.3;66.75],(51.8;56.15],(2321.5; Inf],(105.5; Inf],(3.255; Inf],[-Inf; Inf],[-Inf; Inf],[-Inf;87],[-Inf; Inf],[-Inf;30.5],(28.5; Inf],(8497; Inf],1
(96.5; Inf],mazda,gas,std,two,hatchback,fwd,ohc,four,2bbl,front,(97.25;100.1],(177.55;179.35],(64.3;66.75],(51.8;56.15],(2321.5; Inf],(105.5; Inf],(3.255; Inf],[-Inf; Inf],[-Inf; Inf],[-Inf;87],[-Inf; Inf],[-Inf;30.5],(28.5; Inf],(8497; Inf],1
(96.5; Inf],mazda,gas,std,four,sedan,fwd,ohc,four,2bbl,front,(97.25;100.1],(177.55;179.35],(64.3;66.75],(51.8;56.15],(2321.5; Inf],(105.5; Inf],(3.255; Inf],[-Inf; Inf],[-Inf; Inf],[-Inf;87],[-Inf; Inf],[-Inf;30.5],(28.5; Inf],(8497; Inf],0
(96.5; Inf],mazda,diesel,std,,sedan,fwd,ohc,four,idi,front,(97.25;100.1],(177.55;179.35],(64.3;66.75],(51.8;56.15],(2321.5; Inf],(105.5; Inf],(3.255; Inf],[-Inf; Inf],[-Inf; Inf],[-Inf;87],[-Inf; Inf],(30.5; Inf],(28.5; Inf],(8497; Inf],0
(96.5; Inf],mazda,gas,std,four,hatchback,fwd,ohc,four,2bbl,front,(97.25;100.1],(177.55;179.35],(64.3;66.75],(51.8;56.15],(2321.5; Inf],(105.5; Inf],(3.255; Inf],[-Inf; Inf],[-Inf; Inf],[-Inf;87],[-Inf; Inf],[-Inf;30.5],(28.5; Inf],(8497; Inf],0
(96.5; Inf],mazda,gas,std,four,sedan,rwd,ohc,four,mpfi,front,(100.1; Inf],(173.3;175.5],(64.3;66.75],(51.8;56.15],(2321.5; Inf],(105.5; Inf],(3.255; Inf],[-Inf; Inf],[-Inf; Inf],(87; Inf],[-Inf; Inf],[-Inf;30.5],[-Inf;28.5],(8497; Inf],0
(92;96.5],mercedes-benz,diesel,turbo,four,sedan,rwd,ohc,five,idi,front,(100.1; Inf],(188.9; Inf],(66.75; Inf],(56.25; Inf],(2321.5; Inf],(105.5; Inf],(3.255; Inf],[-Inf; Inf],[-Inf; Inf],(87; Inf],[-Inf; Inf],[-Inf;30.5],[-Inf;28.5],(8497; Inf],-1
(92;96.5],mercedes-benz,diesel,turbo,four,wagon,rwd,ohc,five,idi,front,(100.1; Inf],(188.9; Inf],(66.75; Inf],(56.25; Inf],(2321.5; Inf],(105.5; Inf],(3.255; Inf],[-Inf; Inf],[-Inf; Inf],(87; Inf],[-Inf; Inf],[-Inf;30.5],[-Inf;28.5],(8497; Inf],-1
(92;96.5],mercedes-benz,diesel,turbo,two,hardtop,rwd,ohc,five,idi,front,(100.1; Inf],(179.35;187.65],(66.75; Inf],(51.8;56.15],(2321.5; Inf],(105.5; Inf],(3.255; Inf],[-Inf; Inf],[-Inf; Inf],(87; Inf],[-Inf; Inf],[-Inf;30.5],[-Inf;28.5],(8497; Inf],0
(92;96.5],mercedes-benz,diesel,turbo,four,sedan,rwd,ohc,five,idi,front,(100.1; Inf],(188.9; Inf],(66.75; Inf],(56.25; Inf],(2321.5; Inf],(105.5; Inf],(3.255; Inf],[-Inf; Inf],[-Inf; Inf],(87; Inf],[-Inf; Inf],[-Inf;30.5],[-Inf;28.5],(8497; Inf],-1
(96.5; Inf],mercedes-benz,gas,std,four,sedan,rwd,ohcv,eight,mpfi,front,(100.1; Inf],(188.9; Inf],(66.75; Inf],(56.25; Inf],(2321.5; Inf],(105.5; Inf],(3.255; Inf],[-Inf; Inf],[-Inf; Inf],(87; Inf],[-Inf; Inf],[-Inf;30.5],[-Inf;28.5],(8497; Inf],-1
(96.5; Inf],mercedes-benz,gas,std,two,convertible,rwd,ohcv,eight,mpfi,front,(94.8;97.25],(179.35;187.65],(66.75; Inf],(50.35;51.8],(2321.5; Inf],(105.5; Inf],(3.255; Inf],[-Inf; Inf],[-Inf; Inf],(87; Inf],[-Inf; Inf],[-Inf;30.5],[-Inf;28.5],(8497; Inf],3
(96.5; Inf],mercedes-benz,gas,std,four,sedan,rwd,ohcv,eight,mpfi,front,(100.1; Inf],(188.9; Inf],(66.75; Inf],(56.25; Inf],(2321.5; Inf],(105.5; Inf],(3.255; Inf],[-Inf; Inf],[-Inf; Inf],(87; Inf],[-Inf; Inf],[-Inf;30.5],[-Inf;28.5],(8497; Inf],0
(96.5; Inf],mercedes-benz,gas,std,two,hardtop,rwd,ohcv,eight,mpfi,front,(100.1; Inf],(188.9; Inf],(66.75; Inf],(51.8;56.15],(2321.5; Inf],(105.5; Inf],(3.255; Inf],[-Inf; Inf],[-Inf; Inf],(87; Inf],[-Inf; Inf],[-Inf;30.5],[-Inf;28.5],(8497; Inf],1
(96.5; Inf],mercury,gas,turbo,two,hatchback,rwd,ohc,four,mpfi,front,(100.1; Inf],(177.55;179.35],(66.75; Inf],(51.8;56.15],(2321.5; Inf],(105.5; Inf],(3.255; Inf],[-Inf; Inf],[-Inf; Inf],(87; Inf],[-Inf; Inf],[-Inf;30.5],[-Inf;28.5],(8497; Inf],1
(96.5; Inf],mitsubishi,gas,std,two,hatchback,fwd,ohc,four,2bbl,front,(92.15;94.8],[-Inf;168.75],(64.3;66.75],(50.35;51.8],[-Inf;2321.5],(85;105.5],[-Inf;3.255],[-Inf; Inf],[-Inf; Inf],[-Inf;87],[-Inf; Inf],(30.5; Inf],(28.5; Inf],[-Inf;8497],2
(96.5; Inf],mitsubishi,gas,std,two,hatchback,fwd,ohc,four,2bbl,front,(92.15;94.8],[-Inf;168.75],(64.3;66.75],(50.35;51.8],[-Inf;2321.5],(85;105.5],[-Inf;3.255],[-Inf; Inf],[-Inf; Inf],[-Inf;87],[-Inf; Inf],(30.5; Inf],(28.5; Inf],[-Inf;8497],2
(96.5; Inf],mitsubishi,gas,turbo,two,hatchback,fwd,ohc,four,spdi,front,(92.15;94.8],[-Inf;168.75],[-Inf;64.3],(50.35;51.8],[-Inf;2321.5],(85;105.5],[-Inf;3.255],[-Inf; Inf],[-Inf; Inf],(87; Inf],[-Inf; Inf],[-Inf;30.5],(28.5; Inf],[-Inf;8497],1
(96.5; Inf],mitsubishi,gas,turbo,two,hatchback,fwd,ohc,four,spdi,front,(94.8;97.25],(168.75;173.3],(64.3;66.75],[-Inf;50.35],(2321.5; Inf],(105.5; Inf],[-Inf;3.255],[-Inf; Inf],[-Inf; Inf],(87; Inf],[-Inf; Inf],[-Inf;30.5],(28.5; Inf],(8497; Inf],3
(96.5; Inf],mitsubishi,gas,std,two,hatchback,fwd,ohc,four,2bbl,front,(94.8;97.25],(168.75;173.3],(64.3;66.75],[-Inf;50.35],(2321.5; Inf],(105.5; Inf],(3.255; Inf],[-Inf; Inf],[-Inf; Inf],(87; Inf],[-Inf; Inf],[-Inf;30.5],(28.5; Inf],(8497; Inf],3
(96.5; Inf],mitsubishi,gas,turbo,two,hatchback,fwd,ohc,four,spdi,front,(94.8;97.25],(168.75;173.3],(64.3;66.75],[-Inf;50.35],(2321.5; Inf],(105.5; Inf],(3.255; Inf],[-Inf; Inf],[-Inf; Inf],(87; Inf],[-Inf; Inf],[-Inf;30.5],[-Inf;28.5],(8497; Inf],3
(96.5; Inf],mitsubishi,gas,turbo,two,hatchback,fwd,ohc,four,spdi,front,(94.8;97.25],(168.75;173.3],(64.3;66.75],[-Inf;50.35],(2321.5; Inf],(105.5; Inf],(3.255; Inf],[-Inf; Inf],[-Inf; Inf],(87; Inf],[-Inf; Inf],[-Inf;30.5],[-Inf;28.5],(8497; Inf],3
(96.5; Inf],mitsubishi,gas,turbo,two,hatchback,fwd,ohc,four,spdi,front,(94.8;97.25],(168.75;173.3],(64.3;66.75],[-Inf;50.35],(2321.5; Inf],(105.5; Inf],(3.255; Inf],[-Inf; Inf],[-Inf; Inf],(87; Inf],[-Inf; Inf],[-Inf;30.5],[-Inf;28.5],(8497; Inf],3
(96.5; Inf],mitsubishi,gas,std,four,sedan,fwd,ohc,four,2bbl,front,(94.8;97.25],(168.75;173.3],(64.3;66.75],(50.35;51.8],(2321.5; Inf],(105.5; Inf],(3.255; Inf],[-Inf; Inf],[-Inf; Inf],(87; Inf],[-Inf; Inf],[-Inf;30.5],(28.5; Inf],[-Inf;8497],1
(96.5; Inf],mitsubishi,gas,std,four,sedan,fwd,ohc,four,2bbl,front,(94.8;97.25],(168.75;173.3],(64.3;66.75],(50.35;51.8],(2321.5; Inf],(105.5; Inf],(3.255; Inf],[-Inf; Inf],[-Inf; Inf],(87; Inf],[-Inf; Inf],[-Inf;30.5],(28.5; Inf],[-Inf;8497],1
(96.5; Inf],mitsubishi,gas,turbo,four,sedan,fwd,ohc,four,spdi,front,(94.8;97.25],(168.75;173.3],(64.3;66.75],(50.35;51.8],(2321.5; Inf],(105.5; Inf],[-Inf;3.255],[-Inf; Inf],[-Inf; Inf],(87; Inf],[-Inf; Inf],[-Inf;30.5],(28.5; Inf],(8497; Inf],1
(96.5; Inf],mitsubishi,gas,std,four,sedan,fwd,ohc,four,spdi,front,(94.8;97.25],(168.75;173.3],(64.3;66.75],(50.35;51.8],(2321.5; Inf],(105.5; Inf],[-Inf;3.255],[-Inf; Inf],[-Inf; Inf],(87; Inf],[-Inf; Inf],[-Inf;30.5],(28.5; Inf],(8497; Inf],-1
(96.5; Inf],nissan,gas,std,two,sedan,fwd,ohc,four,2bbl,front,(92.15;94.8],[-Inf;168.75],[-Inf;64.3],(51.8;56.15],[-Inf;2321.5],(85;105.5],[-Inf;3.255],[-Inf; Inf],[-Inf; Inf],[-Inf;87],[-Inf; Inf],(30.5; Inf],(28.5; Inf],[-Inf;8497],1
(96.5; Inf],nissan,diesel,std,two,sedan,fwd,ohc,four,idi,front,(92.15;94.8],[-Inf;168.75],[-Inf;64.3],(51.8;56.15],[-Inf;2321.5],(85;105.5],[-Inf;3.255],[-Inf; Inf],[-Inf; Inf],[-Inf;87],[-Inf; Inf],(30.5; Inf],(28.5; Inf],[-Inf;8497],1
(96.5; Inf],nissan,gas,std,two,sedan,fwd,ohc,four,2bbl,front,(92.15;94.8],[-Inf;168.75],[-Inf;64.3],(51.8;56.15],[-Inf;2321.5],(85;105.5],[-Inf;3.255],[-Inf; Inf],[-Inf; Inf],[-Inf;87],[-Inf; Inf],(30.5; Inf],(28.5; Inf],[-Inf;8497],1
(96.5; Inf],nissan,gas,std,four,sedan,fwd,ohc,four,2bbl,front,(92.15;94.8],[-Inf;168.75],[-Inf;64.3],(51.8;56.15],[-Inf;2321.5],(85;105.5],[-Inf;3.255],[-Inf; Inf],[-Inf; Inf],[-Inf;87],[-Inf; Inf],(30.5; Inf],(28.5; Inf],[-Inf;8497],1
(96.5; Inf],nissan,gas,std,four,wagon,fwd,ohc,four,2bbl,front,(92.15;94.8],(168.75;173.3],[-Inf;64.3],(51.8;56.15],[-Inf;2321.5],(85;105.5],[-Inf;3.255],[-Inf; Inf],[-Inf; Inf],[-Inf;87],[-Inf; Inf],(30.5; Inf],(28.5; Inf],[-Inf;8497],1
(96.5; Inf],nissan,gas,std,two,sedan,fwd,ohc,four,2bbl,front,(92.15;94.8],[-Inf;168.75],[-Inf;64.3],(51.8;56.15],[-Inf;2321.5],(85;105.5],[-Inf;3.255],[-Inf; Inf],[-Inf; Inf],[-Inf;87],[-Inf; Inf],(30.5; Inf],(28.5; Inf],[-Inf;8497],1
(96.5; Inf],nissan,gas,std,two,hatchback,fwd,ohc,four,2bbl,front,(92.15;94.8],[-Inf;168.75],[-Inf;64.3],(51.8;56.15],[-Inf;2321.5],(85;105.5],[-Inf;3.255],[-Inf; Inf],[-Inf; Inf],[-Inf;87],[-Inf; Inf],(30.5; Inf],(28.5; Inf],[-Inf;8497],1
(96.5; Inf],nissan,gas,std,four,wagon,fwd,ohc,four,2bbl,front,(92.15;94.8],(168.75;173.3],[-Inf;64.3],(51.8;56.15],[-Inf;2321.5],(85;105.5],[-Inf;3.255],[-Inf; Inf],[-Inf; Inf],[-Inf;87],[-Inf; Inf],(30.5; Inf],(28.5; Inf],[-Inf;8497],1
(96.5; Inf],nissan,gas,std,two,hardtop,fwd,ohc,four,2bbl,front,(94.8;97.25],[-Inf;168.75],[-Inf;64.3],(51.8;56.15],[-Inf;2321.5],(85;105.5],[-Inf;3.255],[-Inf; Inf],[-Inf; Inf],[-Inf;87],[-Inf; Inf],(30.5; Inf],(28.5; Inf],[-Inf;8497],2
(96.5; Inf],nissan,gas,std,four,hatchback,fwd,ohc,four,2bbl,front,(94.8;97.25],(173.3;175.5],(64.3;66.75],(51.8;56.15],(2321.5; Inf],(105.5; Inf],(3.255; Inf],[-Inf; Inf],[-Inf; Inf],(87; Inf],[-Inf; Inf],[-Inf;30.5],(28.5; Inf],(8497; Inf],0
(96.5; Inf],nissan,gas,std,four,sedan,fwd,ohc,four,2bbl,front,(94.8;97.25],(173.3;175.5],(64.3;66.75],(51.8;56.15],[-Inf;2321.5],(105.5; Inf],(3.255; Inf],[-Inf; Inf],[-Inf; Inf],(87; Inf],[-Inf; Inf],[-Inf;30.5],(28.5; Inf],(8497; Inf],0
(96.5; Inf],nissan,gas,std,four,sedan,fwd,ohcv,six,mpfi,front,(100.1; Inf],(179.35;187.65],(64.3;66.75],(51.8;56.15],(2321.5; Inf],(105.5; Inf],(3.255; Inf],[-Inf; Inf],[-Inf; Inf],(87; Inf],[-Inf; Inf],[-Inf;30.5],[-Inf;28.5],(8497; Inf],0
(96.5; Inf],nissan,gas,std,four,wagon,fwd,ohcv,six,mpfi,front,(100.1; Inf],(179.35;187.65],(64.3;66.75],(51.8;56.15],(2321.5; Inf],(105.5; Inf],(3.255; Inf],[-Inf; Inf],[-Inf; Inf],(87; Inf],[-Inf; Inf],[-Inf;30.5],[-Inf;28.5],(8497; Inf],0
(96.5; Inf],nissan,gas,std,four,sedan,fwd,ohcv,six,mpfi,front,(100.1; Inf],(179.35;187.65],(64.3;66.75],(51.8;56.15],(2321.5; Inf],(105.5; Inf],(3.255; Inf],[-Inf; Inf],[-Inf; Inf],(87; Inf],[-Inf; Inf],[-Inf;30.5],[-Inf;28.5],(8497; Inf],0
(96.5; Inf],nissan,gas,std,two,hatchback,rwd,ohcv,six,mpfi,front,(88.5;92.15],(168.75;173.3],(66.75; Inf],[-Inf;50.35],(2321.5; Inf],(105.5; Inf],(3.255; Inf],[-Inf; Inf],[-Inf; Inf],(87; Inf],[-Inf; Inf],[-Inf;30.5],[-Inf;28.5],(8497; Inf],3
(96.5; Inf],nissan,gas,turbo,two,hatchback,rwd,ohcv,six,mpfi,front,(88.5;92.15],(168.75;173.3],(66.75; Inf],[-Inf;50.35],(2321.5; Inf],(105.5; Inf],(3.255; Inf],[-Inf; Inf],[-Inf; Inf],(87; Inf],[-Inf; Inf],[-Inf;30.5],[-Inf;28.5],(8497; Inf],3
(96.5; Inf],nissan,gas,std,two,hatchback,rwd,ohcv,six,mpfi,front,(97.25;100.1],(177.55;179.35],(66.75; Inf],[-Inf;50.35],(2321.5; Inf],(105.5; Inf],(3.255; Inf],[-Inf; Inf],[-Inf; Inf],(87; Inf],[-Inf; Inf],[-Inf;30.5],[-Inf;28.5],(8497; Inf],1
(96.5; Inf],peugot,gas,std,four,sedan,rwd,l,four,mpfi,front,(100.1; Inf],(179.35;187.65],(66.75; Inf],(56.25; Inf],(2321.5; Inf],(105.5; Inf],(3.255; Inf],[-Inf; Inf],[-Inf; Inf],(87; Inf],[-Inf; Inf],[-Inf;30.5],[-Inf;28.5],(8497; Inf],0
(96.5; Inf],peugot,diesel,turbo,four,sedan,rwd,l,four,idi,front,(100.1; Inf],(179.35;187.65],(66.75; Inf],(56.25; Inf],(2321.5; Inf],(105.5; Inf],(3.255; Inf],[-Inf; Inf],[-Inf; Inf],(87; Inf],[-Inf; Inf],[-Inf;30.5],(28.5; Inf],(8497; Inf],0
(96.5; Inf],peugot,gas,std,four,wagon,rwd,l,four,mpfi,front,(100.1; Inf],(188.9; Inf],(66.75; Inf],(56.25; Inf],(2321.5; Inf],(105.5; Inf],(3.255; Inf],[-Inf; Inf],[-Inf; Inf],(87; Inf],[-Inf; Inf],[-Inf;30.5],[-Inf;28.5],(8497; Inf],0
(96.5; Inf],peugot,diesel,turbo,four,wagon,rwd,l,four,idi,front,(100.1; Inf],(188.9; Inf],(66.75; Inf],(56.25; Inf],(2321.5; Inf],(105.5; Inf],(3.255; Inf],[-Inf; Inf],[-Inf; Inf],(87; Inf],[-Inf; Inf],[-Inf;30.5],[-Inf;28.5],(8497; Inf],0
(96.5; Inf],peugot,gas,std,four,sedan,rwd,l,four,mpfi,front,(100.1; Inf],(179.35;187.65],(66.75; Inf],(56.25; Inf],(2321.5; Inf],(105.5; Inf],(3.255; Inf],[-Inf; Inf],[-Inf; Inf],(87; Inf],[-Inf; Inf],[-Inf;30.5],[-Inf;28.5],(8497; Inf],0
(96.5; Inf],peugot,diesel,turbo,four,sedan,rwd,l,four,idi,front,(100.1; Inf],(179.35;187.65],(66.75; Inf],(56.25; Inf],(2321.5; Inf],(105.5; Inf],(3.255; Inf],[-Inf; Inf],[-Inf; Inf],(87; Inf],[-Inf; Inf],[-Inf;30.5],(28.5; Inf],(8497; Inf],0
(96.5; Inf],peugot,gas,std,four,wagon,rwd,l,four,mpfi,front,(100.1; Inf],(188.9; Inf],(66.75; Inf],(56.25; Inf],(2321.5; Inf],(105.5; Inf],(3.255; Inf],[-Inf; Inf],[-Inf; Inf],(87; Inf],[-Inf; Inf],[-Inf;30.5],[-Inf;28.5],(8497; Inf],0
(96.5; Inf],peugot,diesel,turbo,four,wagon,rwd,l,four,idi,front,(100.1; Inf],(188.9; Inf],(66.75; Inf],(56.25; Inf],(2321.5; Inf],(105.5; Inf],(3.255; Inf],[-Inf; Inf],[-Inf; Inf],(87; Inf],[-Inf; Inf],[-Inf;30.5],[-Inf;28.5],(8497; Inf],0
(96.5; Inf],peugot,gas,std,four,sedan,rwd,l,four,mpfi,front,(100.1; Inf],(179.35;187.65],(66.75; Inf],(56.25; Inf],(2321.5; Inf],(105.5; Inf],(3.255; Inf],[-Inf; Inf],[-Inf; Inf],(87; Inf],[-Inf; Inf],[-Inf;30.5],[-Inf;28.5],(8497; Inf],0
(96.5; Inf],peugot,diesel,turbo,four,sedan,rwd,l,four,idi,front,(100.1; Inf],(179.35;187.65],(66.75; Inf],(56.25; Inf],(2321.5; Inf],(105.5; Inf],(3.255; Inf],[-Inf; Inf],[-Inf; Inf],(87; Inf],[-Inf; Inf],[-Inf;30.5],(28.5; Inf],(8497; Inf],0
(96.5; Inf],peugot,gas,turbo,four,sedan,rwd,l,four,mpfi,front,(100.1; Inf],(179.35;187.65],(66.75; Inf],(51.8;56.15],(2321.5; Inf],(105.5; Inf],(3.255; Inf],[-Inf; Inf],[-Inf; Inf],(87; Inf],[-Inf; Inf],[-Inf;30.5],[-Inf;28.5],(8497; Inf],0
(96.5; Inf],plymouth,gas,turbo,two,hatchback,fwd,ohc,four,spdi,front,(92.15;94.8],[-Inf;168.75],[-Inf;64.3],(50.35;51.8],[-Inf;2321.5],(85;105.5],[-Inf;3.255],[-Inf; Inf],[-Inf; Inf],(87; Inf],[-Inf; Inf],[-Inf;30.5],(28.5; Inf],[-Inf;8497],1
(96.5; Inf],plymouth,gas,std,four,hatchback,fwd,ohc,four,2bbl,front,(92.15;94.8],[-Inf;168.75],[-Inf;64.3],(50.35;51.8],[-Inf;2321.5],(85;105.5],[-Inf;3.255],[-Inf; Inf],[-Inf; Inf],[-Inf;87],[-Inf; Inf],(30.5; Inf],(28.5; Inf],[-Inf;8497],1
(96.5; Inf],plymouth,gas,std,four,sedan,fwd,ohc,four,2bbl,front,(92.15;94.8],[-Inf;168.75],[-Inf;64.3],(50.35;51.8],[-Inf;2321.5],(85;105.5],[-Inf;3.255],[-Inf; Inf],[-Inf; Inf],[-Inf;87],[-Inf; Inf],(30.5; Inf],(28.5; Inf],[-Inf;8497],1
(96.5; Inf],plymouth,gas,std,four,sedan,fwd,ohc,four,2bbl,front,(92.15;94.8],[-Inf;168.75],[-Inf;64.3],(50.35;51.8],[-Inf;2321.5],(85;105.5],[-Inf;3.255],[-Inf; Inf],[-Inf; Inf],[-Inf;87],[-Inf; Inf],(30.5; Inf],(28.5; Inf],[-Inf;8497],1
[-Inf;75.5],plymouth,gas,std,four,wagon,fwd,ohc,four,2bbl,front,(100.1; Inf],(173.3;175.5],(64.3;66.75],(56.25; Inf],(2321.5; Inf],(105.5; Inf],(3.255; Inf],[-Inf; Inf],[-Inf; Inf],(87; Inf],[-Inf; Inf],[-Inf;30.5],(28.5; Inf],(8497; Inf],-1
(96.5; Inf],plymouth,gas,turbo,two,hatchback,rwd,ohc,four,spdi,front,(94.8;97.25],(168.75;173.3],(64.3;66.75],[-Inf;50.35],(2321.5; Inf],(105.5; Inf],(3.255; Inf],[-Inf; Inf],[-Inf; Inf],(87; Inf],[-Inf; Inf],[-Inf;30.5],[-Inf;28.5],(8497; Inf],3
(96.5; Inf],porsche,gas,std,two,hardtop,rwd,ohcf,six,mpfi,rear,(88.5;92.15],(168.75;173.3],(64.3;66.75],(50.35;51.8],(2321.5; Inf],(105.5; Inf],(3.255; Inf],[-Inf; Inf],[-Inf; Inf],(87; Inf],[-Inf; Inf],[-Inf;30.5],[-Inf;28.5],(8497; Inf],3
(96.5; Inf],porsche,gas,std,two,hardtop,rwd,ohcf,six,mpfi,rear,(88.5;92.15],(168.75;173.3],(64.3;66.75],(50.35;51.8],(2321.5; Inf],(105.5; Inf],(3.255; Inf],[-Inf; Inf],[-Inf; Inf],(87; Inf],[-Inf; Inf],[-Inf;30.5],[-Inf;28.5],(8497; Inf],3
(96.5; Inf],porsche,gas,std,two,convertible,rwd,ohcf,six,mpfi,rear,(88.5;92.15],(168.75;173.3],(64.3;66.75],(50.35;51.8],(2321.5; Inf],(105.5; Inf],(3.255; Inf],[-Inf; Inf],[-Inf; Inf],(87; Inf],[-Inf; Inf],[-Inf;30.5],[-Inf;28.5],(8497; Inf],3
(96.5; Inf],porsche,gas,std,two,hatchback,rwd,dohcv,eight,mpfi,front,(97.25;100.1],(175.65;177.55],(66.75; Inf],(50.35;51.8],(2321.5; Inf],(105.5; Inf],(3.255; Inf],[-Inf; Inf],[-Inf; Inf],(87; Inf],[-Inf; Inf],[-Inf;30.5],[-Inf;28.5],(8497; Inf],1
(96.5; Inf],renault,gas,std,four,wagon,fwd,ohc,four,mpfi,front,(94.8;97.25],(179.35;187.65],(64.3;66.75],(51.8;56.15],(2321.5; Inf],(105.5; Inf],(3.255; Inf],[-Inf; Inf],[-Inf; Inf],(87; Inf],[-Inf; Inf],[-Inf;30.5],(28.5; Inf],(8497; Inf],0
(96.5; Inf],renault,gas,std,two,hatchback,fwd,ohc,four,mpfi,front,(94.8;97.25],(175.65;177.55],(64.3;66.75],(50.35;51.8],(2321.5; Inf],(105.5; Inf],(3.255; Inf],[-Inf; Inf],[-Inf; Inf],(87; Inf],[-Inf; Inf],[-Inf;30.5],(28.5; Inf],(8497; Inf],2
(96.5; Inf],saab,gas,std,two,hatchback,fwd,ohc,four,mpfi,front,(97.25;100.1],(179.35;187.65],(64.3;66.75],(51.8;56.15],(2321.5; Inf],(105.5; Inf],(3.255; Inf],[-Inf; Inf],[-Inf; Inf],(87; Inf],[-Inf; Inf],[-Inf;30.5],[-Inf;28.5],(8497; Inf],3
(96.5; Inf],saab,gas,std,four,sedan,fwd,ohc,four,mpfi,front,(97.25;100.1],(179.35;187.65],(64.3;66.75],(51.8;56.15],(2321.5; Inf],(105.5; Inf],(3.255; Inf],[-Inf; Inf],[-Inf; Inf],(87; Inf],[-Inf; Inf],[-Inf;30.5],[-Inf;28.5],(8497; Inf],2
(96.5; Inf],saab,gas,std,two,hatchback,fwd,ohc,four,mpfi,front,(97.25;100.1],(179.35;187.65],(64.3;66.75],(51.8;56.15],(2321.5; Inf],(105.5; Inf],[-Inf;3.255],[-Inf; Inf],[-Inf; Inf],(87; Inf],[-Inf; Inf],[-Inf;30.5],[-Inf;28.5],(8497; Inf],3
(96.5; Inf],saab,gas,std,four,sedan,fwd,ohc,four,mpfi,front,(97.25;100.1],(179.35;187.65],(64.3;66.75],(51.8;56.15],(2321.5; Inf],(105.5; Inf],(3.255; Inf],[-Inf; Inf],[-Inf; Inf],(87; Inf],[-Inf; Inf],[-Inf;30.5],[-Inf;28.5],(8497; Inf],2
(96.5; Inf],saab,gas,turbo,two,hatchback,fwd,dohc,four,mpfi,front,(97.25;100.1],(179.35;187.65],(64.3;66.75],(51.8;56.15],(2321.5; Inf],(105.5; Inf],(3.255; Inf],[-Inf; Inf],[-Inf; Inf],(87; Inf],[-Inf; Inf],[-Inf;30.5],[-Inf;28.5],(8497; Inf],3
(75.5;92],subaru,gas,std,two,hatchback,fwd,ohcf,four,2bbl,front,(92.15;94.8],[-Inf;168.75],[-Inf;64.3],(51.8;56.15],[-Inf;2321.5],(85;105.5],(3.255; Inf],[-Inf; Inf],[-Inf; Inf],[-Inf;87],[-Inf; Inf],(30.5; Inf],(28.5; Inf],[-Inf;8497],2
(75.5;92],subaru,gas,std,two,hatchback,fwd,ohcf,four,2bbl,front,(92.15;94.8],[-Inf;168.75],[-Inf;64.3],(51.8;56.15],[-Inf;2321.5],(105.5; Inf],(3.255; Inf],[-Inf; Inf],[-Inf; Inf],[-Inf;87],[-Inf; Inf],[-Inf;30.5],(28.5; Inf],[-Inf;8497],2
(75.5;92],subaru,gas,std,two,hatchback,4wd,ohcf,four,2bbl,front,(92.15;94.8],[-Inf;168.75],[-Inf;64.3],(51.8;56.15],[-Inf;2321.5],(105.5; Inf],(3.255; Inf],[-Inf; Inf],[-Inf; Inf],[-Inf;87],[-Inf; Inf],[-Inf;30.5],(28.5; Inf],[-Inf;8497],2
(96.5; Inf],subaru,gas,std,four,sedan,fwd,ohcf,four,2bbl,front,(94.8;97.25],(168.75;173.3],(64.3;66.75],(51.8;56.15],[-Inf;2321.5],(105.5; Inf],(3.255; Inf],[-Inf; Inf],[-Inf; Inf],[-Inf;87],[-Inf; Inf],(30.5; Inf],(28.5; Inf],[-Inf;8497],0
(96.5; Inf],subaru,gas,std,four,sedan,fwd,ohcf,four,2bbl,front,(94.8;97.25],(168.75;173.3],(64.3;66.75],(51.8;56.15],[-Inf;2321.5],(105.5; Inf],(3.255; Inf],[-Inf; Inf],[-Inf; Inf],[-Inf;87],[-Inf; Inf],[-Inf;30.5],(28.5; Inf],[-Inf;8497],0
(96.5; Inf],subaru,gas,std,four,sedan,fwd,ohcf,four,mpfi,front,(94.8;97.25],(168.75;173.3],(64.3;66.75],(51.8;56.15],(2321.5; Inf],(105.5; Inf],(3.255; Inf],[-Inf; Inf],[-Inf; Inf],(87; Inf],[-Inf; Inf],[-Inf;30.5],(28.5; Inf],(8497; Inf],0
(96.5; Inf],subaru,gas,turbo,four,sedan,4wd,ohcf,four,mpfi,front,(94.8;97.25],(168.75;173.3],(64.3;66.75],(51.8;56.15],(2321.5; Inf],(105.5; Inf],(3.255; Inf],[-Inf; Inf],[-Inf; Inf],(87; Inf],[-Inf; Inf],[-Inf;30.5],(28.5; Inf],(8497; Inf],0
(75.5;92],subaru,gas,std,four,wagon,fwd,ohcf,four,2bbl,front,(94.8;97.25],(173.3;175.5],(64.3;66.75],(51.8;56.15],[-Inf;2321.5],(105.5; Inf],(3.255; Inf],[-Inf; Inf],[-Inf; Inf],[-Inf;87],[-Inf; Inf],[-Inf;30.5],(28.5; Inf],[-Inf;8497],0
(75.5;92],subaru,gas,std,four,wagon,fwd,ohcf,four,mpfi,front,(94.8;97.25],(173.3;175.5],(64.3;66.75],(51.8;56.15],(2321.5; Inf],(105.5; Inf],(3.255; Inf],[-Inf; Inf],[-Inf; Inf],(87; Inf],[-Inf; Inf],[-Inf;30.5],(28.5; Inf],(8497; Inf],0
(75.5;92],subaru,gas,std,four,wagon,4wd,ohcf,four,2bbl,front,(94.8;97.25],(173.3;175.5],(64.3;66.75],(51.8;56.15],(2321.5; Inf],(105.5; Inf],(3.255; Inf],[-Inf; Inf],[-Inf; Inf],[-Inf;87],[-Inf; Inf],[-Inf;30.5],(28.5; Inf],[-Inf;8497],0
(75.5;92],subaru,gas,turbo,four,wagon,4wd,ohcf,four,mpfi,front,(94.8;97.25],(173.3;175.5],(64.3;66.75],(51.8;56.15],(2321.5; Inf],(105.5; Inf],(3.255; Inf],[-Inf; Inf],[-Inf; Inf],(87; Inf],[-Inf; Inf],[-Inf;30.5],[-Inf;28.5],(8497; Inf],0
(75.5;92],toyota,gas,std,two,hatchback,fwd,ohc,four,2bbl,front,(94.8;97.25],[-Inf;168.75],[-Inf;64.3],(51.8;56.15],[-Inf;2321.5],(85;105.5],[-Inf;3.255],[-Inf; Inf],[-Inf; Inf],[-Inf;87],[-Inf; Inf],(30.5; Inf],(28.5; Inf],[-Inf;8497],1
(75.5;92],toyota,gas,std,two,hatchback,fwd,ohc,four,2bbl,front,(94.8;97.25],[-Inf;168.75],[-Inf;64.3],(51.8;56.15],[-Inf;2321.5],(85;105.5],[-Inf;3.255],[-Inf; Inf],[-Inf; Inf],[-Inf;87],[-Inf; Inf],(30.5; Inf],(28.5; Inf],[-Inf;8497],1
[-Inf;75.5],toyota,gas,std,four,hatchback,fwd,ohc,four,2bbl,front,(94.8;97.25],[-Inf;168.75],[-Inf;64.3],(51.8;56.15],[-Inf;2321.5],(85;105.5],[-Inf;3.255],[-Inf; Inf],[-Inf; Inf],[-Inf;87],[-Inf; Inf],(30.5; Inf],(28.5; Inf],[-Inf;8497],1
(75.5;92],toyota,gas,std,four,wagon,fwd,ohc,four,2bbl,front,(94.8;97.25],(168.75;173.3],[-Inf;64.3],(56.25; Inf],[-Inf;2321.5],(85;105.5],[-Inf;3.255],[-Inf; Inf],[-Inf; Inf],[-Inf;87],[-Inf; Inf],(30.5; Inf],(28.5; Inf],[-Inf;8497],0
(75.5;92],toyota,gas,std,four,wagon,4wd,ohc,four,2bbl,front,(94.8;97.25],(168.75;173.3],[-Inf;64.3],(56.25; Inf],(2321.5; Inf],(85;105.5],[-Inf;3.255],[-Inf; Inf],[-Inf; Inf],[-Inf;87],[-Inf; Inf],[-Inf;30.5],(28.5; Inf],(8497; Inf],0
(75.5;92],toyota,gas,std,four,sedan,fwd,ohc,four,2bbl,front,(94.8;97.25],[-Inf;168.75],(64.3;66.75],(51.8;56.15],[-Inf;2321.5],(85;105.5],[-Inf;3.255],[-Inf; Inf],[-Inf; Inf],[-Inf;87],[-Inf; Inf],[-Inf;30.5],(28.5; Inf],[-Inf;8497],0
(75.5;92],toyota,gas,std,four,hatchback,fwd,ohc,four,2bbl,front,(94.8;97.25],[-Inf;168.75],(64.3;66.75],(51.8;56.15],[-Inf;2321.5],(85;105.5],[-Inf;3.255],[-Inf; Inf],[-Inf; Inf],[-Inf;87],[-Inf; Inf],[-Inf;30.5],(28.5; Inf],[-Inf;8497],0
(75.5;92],toyota,diesel,std,four,sedan,fwd,ohc,four,idi,front,(94.8;97.25],[-Inf;168.75],(64.3;66.75],(51.8;56.15],[-Inf;2321.5],(105.5; Inf],(3.255; Inf],[-Inf; Inf],[-Inf; Inf],[-Inf;87],[-Inf; Inf],(30.5; Inf],(28.5; Inf],[-Inf;8497],0
(75.5;92],toyota,diesel,std,four,hatchback,fwd,ohc,four,idi,front,(94.8;97.25],[-Inf;168.75],(64.3;66.75],(51.8;56.15],[-Inf;2321.5],(105.5; Inf],(3.255; Inf],[-Inf; Inf],[-Inf; Inf],[-Inf;87],[-Inf; Inf],(30.5; Inf],(28.5; Inf],[-Inf;8497],0
(75.5;92],toyota,gas,std,four,sedan,fwd,ohc,four,2bbl,front,(94.8;97.25],[-Inf;168.75],(64.3;66.75],(51.8;56.15],[-Inf;2321.5],(85;105.5],[-Inf;3.255],[-Inf; Inf],[-Inf; Inf],[-Inf;87],[-Inf; Inf],(30.5; Inf],(28.5; Inf],[-Inf;8497],0
(75.5;92],toyota,gas,std,four,sedan,fwd,ohc,four,2bbl,front,(94.8;97.25],[-Inf;168.75],(64.3;66.75],(51.8;56.15],[-Inf;2321.5],(85;105.5],[-Inf;3.255],[-Inf; Inf],[-Inf; Inf],[-Inf;87],[-Inf; Inf],[-Inf;30.5],(28.5; Inf],(8497; Inf],0
(96.5; Inf],toyota,gas,std,two,hatchback,rwd,ohc,four,2bbl,front,(92.15;94.8],[-Inf;168.75],[-Inf;64.3],(51.8;56.15],[-Inf;2321.5],(85;105.5],[-Inf;3.255],[-Inf; Inf],[-Inf; Inf],[-Inf;87],[-Inf; Inf],[-Inf;30.5],(28.5; Inf],[-Inf;8497],1
(96.5; Inf],toyota,gas,std,two,sedan,rwd,dohc,four,mpfi,front,(92.15;94.8],[-Inf;168.75],[-Inf;64.3],(51.8;56.15],[-Inf;2321.5],(85;105.5],[-Inf;3.255],[-Inf; Inf],[-Inf; Inf],(87; Inf],[-Inf; Inf],[-Inf;30.5],(28.5; Inf],(8497; Inf],1
(96.5; Inf],toyota,gas,std,two,hatchback,rwd,dohc,four,mpfi,front,(92.15;94.8],[-Inf;168.75],[-Inf;64.3],(51.8;56.15],[-Inf;2321.5],(85;105.5],[-Inf;3.255],[-Inf; Inf],[-Inf; Inf],(87; Inf],[-Inf; Inf],[-Inf;30.5],(28.5; Inf],(8497; Inf],1
(96.5; Inf],toyota,gas,std,two,hardtop,rwd,ohc,four,mpfi,front,(97.25;100.1],(175.65;177.55],(64.3;66.75],(51.8;56.15],(2321.5; Inf],(105.5; Inf],(3.255; Inf],[-Inf; Inf],[-Inf; Inf],(87; Inf],[-Inf; Inf],[-Inf;30.5],(28.5; Inf],[-Inf;8497],2
(96.5; Inf],toyota,gas,std,two,hardtop,rwd,ohc,four,mpfi,front,(97.25;100.1],(175.65;177.55],(64.3;66.75],(51.8;56.15],(2321.5; Inf],(105.5; Inf],(3.255; Inf],[-Inf; Inf],[-Inf; Inf],(87; Inf],[-Inf; Inf],[-Inf;30.5],(28.5; Inf],(8497; Inf],2
(96.5; Inf],toyota,gas,std,two,hatchback,rwd,ohc,four,mpfi,front,(97.25;100.1],(175.65;177.55],(64.3;66.75],(51.8;56.15],(2321.5; Inf],(105.5; Inf],(3.255; Inf],[-Inf; Inf],[-Inf; Inf],(87; Inf],[-Inf; Inf],[-Inf;30.5],(28.5; Inf],(8497; Inf],2
(96.5; Inf],toyota,gas,std,two,hardtop,rwd,ohc,four,mpfi,front,(97.25;100.1],(175.65;177.55],(64.3;66.75],(51.8;56.15],(2321.5; Inf],(105.5; Inf],(3.255; Inf],[-Inf; Inf],[-Inf; Inf],(87; Inf],[-Inf; Inf],[-Inf;30.5],(28.5; Inf],(8497; Inf],2
(96.5; Inf],toyota,gas,std,two,hatchback,rwd,ohc,four,mpfi,front,(97.25;100.1],(175.65;177.55],(64.3;66.75],(51.8;56.15],(2321.5; Inf],(105.5; Inf],(3.255; Inf],[-Inf; Inf],[-Inf; Inf],(87; Inf],[-Inf; Inf],[-Inf;30.5],(28.5; Inf],(8497; Inf],2
(96.5; Inf],toyota,gas,std,two,convertible,rwd,ohc,four,mpfi,front,(97.25;100.1],(175.65;177.55],(64.3;66.75],(51.8;56.15],(2321.5; Inf],(105.5; Inf],(3.255; Inf],[-Inf; Inf],[-Inf; Inf],(87; Inf],[-Inf; Inf],[-Inf;30.5],(28.5; Inf],(8497; Inf],2
[-Inf;75.5],toyota,gas,std,four,sedan,fwd,ohc,four,mpfi,front,(100.1; Inf],(175.5;175.65],(64.3;66.75],(51.8;56.15],(2321.5; Inf],(105.5; Inf],(3.255; Inf],[-Inf; Inf],[-Inf; Inf],(87; Inf],[-Inf; Inf],[-Inf;30.5],(28.5; Inf],(8497; Inf],-1
[-Inf;75.5],toyota,diesel,turbo,four,sedan,fwd,ohc,four,idi,front,(100.1; Inf],(175.5;175.65],(64.3;66.75],(51.8;56.15],(2321.5; Inf],(105.5; Inf],(3.255; Inf],[-Inf; Inf],[-Inf; Inf],[-Inf;87],[-Inf; Inf],[-Inf;30.5],(28.5; Inf],(8497; Inf],-1
[-Inf;75.5],toyota,gas,std,four,hatchback,fwd,ohc,four,mpfi,front,(100.1; Inf],(175.5;175.65],(64.3;66.75],(51.8;56.15],(2321.5; Inf],(105.5; Inf],(3.255; Inf],[-Inf; Inf],[-Inf; Inf],(87; Inf],[-Inf; Inf],[-Inf;30.5],(28.5; Inf],(8497; Inf],-1
[-Inf;75.5],toyota,gas,std,four,sedan,fwd,ohc,four,mpfi,front,(100.1; Inf],(175.5;175.65],(64.3;66.75],(51.8;56.15],(2321.5; Inf],(105.5; Inf],(3.255; Inf],[-Inf; Inf],[-Inf; Inf],(87; Inf],[-Inf; Inf],[-Inf;30.5],(28.5; Inf],(8497; Inf],-1
[-Inf;75.5],toyota,gas,std,four,hatchback,fwd,ohc,four,mpfi,front,(100.1; Inf],(175.5;175.65],(64.3;66.75],(51.8;56.15],(2321.5; Inf],(105.5; Inf],(3.255; Inf],[-Inf; Inf],[-Inf; Inf],(87; Inf],[-Inf; Inf],[-Inf;30.5],(28.5; Inf],(8497; Inf],-1
(96.5; Inf],toyota,gas,std,two,hatchback,rwd,dohc,six,mpfi,front,(100.1; Inf],(179.35;187.65],(66.75; Inf],(51.8;56.15],(2321.5; Inf],(105.5; Inf],(3.255; Inf],[-Inf; Inf],[-Inf; Inf],(87; Inf],[-Inf; Inf],[-Inf;30.5],[-Inf;28.5],(8497; Inf],3
(75.5;92],toyota,gas,std,four,sedan,rwd,dohc,six,mpfi,front,(100.1; Inf],(187.65;188.9],(64.3;66.75],(51.8;56.15],(2321.5; Inf],(105.5; Inf],(3.255; Inf],[-Inf; Inf],[-Inf; Inf],(87; Inf],[-Inf; Inf],[-Inf;30.5],[-Inf;28.5],(8497; Inf],-1
(96.5; Inf],volkswagen,diesel,std,two,sedan,fwd,ohc,four,idi,front,(97.25;100.1],(168.75;173.3],(64.3;66.75],(51.8;56.15],[-Inf;2321.5],(85;105.5],[-Inf;3.255],[-Inf; Inf],[-Inf; Inf],[-Inf;87],[-Inf; Inf],(30.5; Inf],(28.5; Inf],[-Inf;8497],2
(96.5; Inf],volkswagen,gas,std,two,sedan,fwd,ohc,four,mpfi,front,(97.25;100.1],(168.75;173.3],(64.3;66.75],(51.8;56.15],[-Inf;2321.5],(105.5; Inf],[-Inf;3.255],[-Inf; Inf],[-Inf; Inf],[-Inf;87],[-Inf; Inf],[-Inf;30.5],(28.5; Inf],[-Inf;8497],2
(92;96.5],volkswagen,diesel,std,four,sedan,fwd,ohc,four,idi,front,(97.25;100.1],(168.75;173.3],(64.3;66.75],(51.8;56.15],[-Inf;2321.5],(85;105.5],[-Inf;3.255],[-Inf; Inf],[-Inf; Inf],[-Inf;87],[-Inf; Inf],(30.5; Inf],(28.5; Inf],[-Inf;8497],2
(92;96.5],volkswagen,gas,std,four,sedan,fwd,ohc,four,mpfi,front,(97.25;100.1],(168.75;173.3],(64.3;66.75],(51.8;56.15],[-Inf;2321.5],(105.5; Inf],[-Inf;3.255],[-Inf; Inf],[-Inf; Inf],[-Inf;87],[-Inf; Inf],[-Inf;30.5],(28.5; Inf],[-Inf;8497],2
(92;96.5],volkswagen,gas,std,four,sedan,fwd,ohc,four,mpfi,front,(97.25;100.1],(168.75;173.3],(64.3;66.75],(51.8;56.15],[-Inf;2321.5],(105.5; Inf],[-Inf;3.255],[-Inf; Inf],[-Inf; Inf],[-Inf;87],[-Inf; Inf],[-Inf;30.5],(28.5; Inf],[-Inf;8497],2
(92;96.5],volkswagen,diesel,turbo,four,sedan,fwd,ohc,four,idi,front,(97.25;100.1],(168.75;173.3],(64.3;66.75],(51.8;56.15],[-Inf;2321.5],(85;105.5],[-Inf;3.255],[-Inf; Inf],[-Inf; Inf],[-Inf;87],[-Inf; Inf],(30.5; Inf],(28.5; Inf],(8497; Inf],2
(92;96.5],volkswagen,gas,std,four,sedan,fwd,ohc,four,mpfi,front,(97.25;100.1],(168.75;173.3],(64.3;66.75],(51.8;56.15],[-Inf;2321.5],(105.5; Inf],[-Inf;3.255],[-Inf; Inf],[-Inf; Inf],(87; Inf],[-Inf; Inf],[-Inf;30.5],(28.5; Inf],(8497; Inf],2
(96.5; Inf],volkswagen,gas,std,two,hatchback,fwd,ohc,four,mpfi,front,(92.15;94.8],[-Inf;168.75],[-Inf;64.3],(50.35;51.8],[-Inf;2321.5],(105.5; Inf],[-Inf;3.255],[-Inf; Inf],[-Inf; Inf],(87; Inf],[-Inf; Inf],[-Inf;30.5],(28.5; Inf],(8497; Inf],3
(96.5; Inf],volkswagen,gas,std,four,sedan,fwd,ohc,five,mpfi,front,(100.1; Inf],(179.35;187.65],(66.75; Inf],(51.8;56.15],(2321.5; Inf],(105.5; Inf],[-Inf;3.255],[-Inf; Inf],[-Inf; Inf],(87; Inf],[-Inf; Inf],[-Inf;30.5],[-Inf;28.5],(8497; Inf],0
(96.5; Inf],volkswagen,diesel,turbo,four,sedan,fwd,ohc,four,idi,front,(100.1; Inf],(179.35;187.65],(66.75; Inf],(51.8;56.15],(2321.5; Inf],(85;105.5],[-Inf;3.255],[-Inf; Inf],[-Inf; Inf],[-Inf;87],[-Inf; Inf],(30.5; Inf],(28.5; Inf],(8497; Inf],0
(96.5; Inf],volkswagen,gas,std,four,wagon,fwd,ohc,four,mpfi,front,(100.1; Inf],(179.35;187.65],(66.75; Inf],(51.8;56.15],(2321.5; Inf],(105.5; Inf],[-Inf;3.255],[-Inf; Inf],[-Inf; Inf],(87; Inf],[-Inf; Inf],[-Inf;30.5],(28.5; Inf],(8497; Inf],0
(96.5; Inf],volvo,gas,std,four,sedan,rwd,ohc,four,mpfi,front,(100.1; Inf],(187.65;188.9],(66.75; Inf],(56.15;56.25],(2321.5; Inf],(105.5; Inf],(3.255; Inf],[-Inf; Inf],[-Inf; Inf],(87; Inf],[-Inf; Inf],[-Inf;30.5],[-Inf;28.5],(8497; Inf],-2
[-Inf;75.5],volvo,gas,std,four,wagon,rwd,ohc,four,mpfi,front,(100.1; Inf],(187.65;188.9],(66.75; Inf],(56.25; Inf],(2321.5; Inf],(105.5; Inf],(3.255; Inf],[-Inf; Inf],[-Inf; Inf],(87; Inf],[-Inf; Inf],[-Inf;30.5],[-Inf;28.5],(8497; Inf],-1
(96.5; Inf],volvo,gas,std,four,sedan,rwd,ohc,four,mpfi,front,(100.1; Inf],(187.65;188.9],(66.75; Inf],(56.15;56.25],(2321.5; Inf],(105.5; Inf],(3.255; Inf],[-Inf; Inf],[-Inf; Inf],(87; Inf],[-Inf; Inf],[-Inf;30.5],[-Inf;28.5],(8497; Inf],-2
[-Inf;75.5],volvo,gas,std,four,wagon,rwd,ohc,four,mpfi,front,(100.1; Inf],(187.65;188.9],(66.75; Inf],(56.25; Inf],(2321.5; Inf],(105.5; Inf],(3.255; Inf],[-Inf; Inf],[-Inf; Inf],(87; Inf],[-Inf; Inf],[-Inf;30.5],[-Inf;28.5],(8497; Inf],-1
(96.5; Inf],volvo,gas,turbo,four,sedan,rwd,ohc,four,mpfi,front,(100.1; Inf],(187.65;188.9],(66.75; Inf],(56.15;56.25],(2321.5; Inf],(105.5; Inf],(3.255; Inf],[-Inf; Inf],[-Inf; Inf],(87; Inf],[-Inf; Inf],[-Inf;30.5],[-Inf;28.5],(8497; Inf],-2
[-Inf;75.5],volvo,gas,turbo,four,wagon,rwd,ohc,four,mpfi,front,(100.1; Inf],(187.65;188.9],(66.75; Inf],(56.25; Inf],(2321.5; Inf],(105.5; Inf],(3.255; Inf],[-Inf; Inf],[-Inf; Inf],(87; Inf],[-Inf; Inf],[-Inf;30.5],[-Inf;28.5],(8497; Inf],-1
(92;96.5],volvo,gas,std,four,sedan,rwd,ohc,four,mpfi,front,(100.1; Inf],(187.65;188.9],(66.75; Inf],(51.8;56.15],(2321.5; Inf],(105.5; Inf],(3.255; Inf],[-Inf; Inf],[-Inf; Inf],(87; Inf],[-Inf; Inf],[-Inf;30.5],[-Inf;28.5],(8497; Inf],-1
(92;96.5],volvo,gas,turbo,four,sedan,rwd,ohc,four,mpfi,front,(100.1; Inf],(187.65;188.9],(66.75; Inf],(51.8;56.15],(2321.5; Inf],(105.5; Inf],(3.255; Inf],[-Inf; Inf],[-Inf; Inf],(87; Inf],[-Inf; Inf],[-Inf;30.5],[-Inf;28.5],(8497; Inf],-1
(92;96.5],volvo,gas,std,four,sedan,rwd,ohcv,six,mpfi,front,(100.1; Inf],(187.65;188.9],(66.75; Inf],(51.8;56.15],(2321.5; Inf],(105.5; Inf],(3.255; Inf],[-Inf; Inf],[-Inf; Inf],(87; Inf],[-Inf; Inf],[-Inf;30.5],[-Inf;28.5],(8497; Inf],-1
(92;96.5],volvo,diesel,turbo,four,sedan,rwd,ohc,six,idi,front,(100.1; Inf],(187.65;188.9],(66.75; Inf],(51.8;56.15],(2321.5; Inf],(105.5; Inf],[-Inf;3.255],[-Inf; Inf],[-Inf; Inf],(87; Inf],[-Inf; Inf],[-Inf;30.5],[-Inf;28.5],(8497; Inf],-1
