preg,plas,pres,skin,insu,mass,pedi,age,class
[-Inf;6.5],(123.5;154.5],[-Inf; Inf],[-Inf; Inf],[-Inf;14.5],(27.85; Inf],[-Inf; Inf],(28.5; Inf],tested_positive
[-Inf;6.5],[-Inf;101.5],[-Inf; Inf],[-Inf; Inf],[-Inf;14.5],[-Inf;27.85],[-Inf; Inf],(28.5; Inf],tested_negative
(6.5; Inf],(154.5; Inf],[-Inf; Inf],[-Inf; Inf],[-Inf;14.5],[-Inf;27.85],[-Inf; Inf],(28.5; Inf],tested_positive
[-Inf;6.5],[-Inf;101.5],[-Inf; Inf],[-Inf; Inf],(87.5;143],(27.85; Inf],[-Inf; Inf],[-Inf;28.5],tested_negative
[-Inf;6.5],(101.5;123.5],[-Inf; Inf],[-Inf; Inf],[-Inf;14.5],[-Inf;27.85],[-Inf; Inf],(28.5; Inf],tested_negative
[-Inf;6.5],[-Inf;101.5],[-Inf; Inf],[-Inf; Inf],(87.5;143],(27.85; Inf],[-Inf; Inf],[-Inf;28.5],tested_positive
(6.5; Inf],(101.5;123.5],[-Inf; Inf],[-Inf; Inf],[-Inf;14.5],(27.85; Inf],[-Inf; Inf],(28.5; Inf],tested_negative
[-Inf;6.5],(154.5; Inf],[-Inf; Inf],[-Inf; Inf],(143; Inf],(27.85; Inf],[-Inf; Inf],(28.5; Inf],tested_positive
(6.5; Inf],(123.5;154.5],[-Inf; Inf],[-Inf; Inf],[-Inf;14.5],[-Inf;27.85],[-Inf; Inf],(28.5; Inf],tested_positive
(6.5; Inf],(154.5; Inf],[-Inf; Inf],[-Inf; Inf],[-Inf;14.5],(27.85; Inf],[-Inf; Inf],(28.5; Inf],tested_positive
[-Inf;6.5],(154.5; Inf],[-Inf; Inf],[-Inf; Inf],(143; Inf],(27.85; Inf],[-Inf; Inf],(28.5; Inf],tested_positive
(6.5; Inf],(101.5;123.5],[-Inf; Inf],[-Inf; Inf],[-Inf;14.5],(27.85; Inf],[-Inf; Inf],(28.5; Inf],tested_positive
[-Inf;6.5],(101.5;123.5],[-Inf; Inf],[-Inf; Inf],(87.5;143],(27.85; Inf],[-Inf; Inf],(28.5; Inf],tested_positive
(6.5; Inf],(154.5; Inf],[-Inf; Inf],[-Inf; Inf],[-Inf;14.5],(27.85; Inf],[-Inf; Inf],(28.5; Inf],tested_positive
(6.5; Inf],(101.5;123.5],[-Inf; Inf],[-Inf; Inf],[-Inf;14.5],(27.85; Inf],[-Inf; Inf],(28.5; Inf],tested_positive
(6.5; Inf],(123.5;154.5],[-Inf; Inf],[-Inf; Inf],(143; Inf],(27.85; Inf],[-Inf; Inf],(28.5; Inf],tested_positive
(6.5; Inf],(123.5;154.5],[-Inf; Inf],[-Inf; Inf],(87.5;143],(27.85; Inf],[-Inf; Inf],(28.5; Inf],tested_positive
(6.5; Inf],(123.5;154.5],[-Inf; Inf],[-Inf; Inf],[-Inf;14.5],(27.85; Inf],[-Inf; Inf],(28.5; Inf],tested_positive
[-Inf;6.5],[-Inf;101.5],[-Inf; Inf],[-Inf; Inf],(87.5;143],[-Inf;27.85],[-Inf; Inf],[-Inf;28.5],tested_negative
(6.5; Inf],(123.5;154.5],[-Inf; Inf],[-Inf; Inf],(87.5;143],[-Inf;27.85],[-Inf; Inf],(28.5; Inf],tested_negative
[-Inf;6.5],(101.5;123.5],[-Inf; Inf],[-Inf; Inf],[-Inf;14.5],(27.85; Inf],[-Inf; Inf],(28.5; Inf],tested_negative
[-Inf;6.5],(101.5;123.5],[-Inf; Inf],[-Inf; Inf],[-Inf;14.5],(27.85; Inf],[-Inf; Inf],(28.5; Inf],tested_negative
[-Inf;6.5],(154.5; Inf],[-Inf; Inf],[-Inf; Inf],(143; Inf],(27.85; Inf],[-Inf; Inf],[-Inf;28.5],tested_positive
[-Inf;6.5],[-Inf;101.5],[-Inf; Inf],[-Inf; Inf],(14.5;87.5],[-Inf;27.85],[-Inf; Inf],[-Inf;28.5],tested_negative
[-Inf;6.5],[-Inf;101.5],[-Inf; Inf],[-Inf; Inf],[-Inf;14.5],[-Inf;27.85],[-Inf; Inf],[-Inf;28.5],tested_negative
(6.5; Inf],(101.5;123.5],[-Inf; Inf],[-Inf; Inf],[-Inf;14.5],[-Inf;27.85],[-Inf; Inf],(28.5; Inf],tested_negative
[-Inf;6.5],(101.5;123.5],[-Inf; Inf],[-Inf; Inf],(143; Inf],[-Inf;27.85],[-Inf; Inf],(28.5; Inf],tested_negative
(6.5; Inf],(123.5;154.5],[-Inf; Inf],[-Inf; Inf],[-Inf;14.5],(27.85; Inf],[-Inf; Inf],(28.5; Inf],tested_negative
(6.5; Inf],(101.5;123.5],[-Inf; Inf],[-Inf; Inf],[-Inf;14.5],(27.85; Inf],[-Inf; Inf],(28.5; Inf],tested_positive
[-Inf;6.5],[-Inf;101.5],[-Inf; Inf],[-Inf; Inf],[-Inf;14.5],(27.85; Inf],[-Inf; Inf],[-Inf;28.5],tested_positive
[-Inf;6.5],(101.5;123.5],[-Inf; Inf],[-Inf; Inf],(143; Inf],(27.85; Inf],[-Inf; Inf],(28.5; Inf],tested_positive
[-Inf;6.5],(154.5; Inf],[-Inf; Inf],[-Inf; Inf],(14.5;87.5],(27.85; Inf],[-Inf; Inf],[-Inf;28.5],tested_negative
(6.5; Inf],(123.5;154.5],[-Inf; Inf],[-Inf; Inf],[-Inf;14.5],(27.85; Inf],[-Inf; Inf],(28.5; Inf],tested_negative
(6.5; Inf],(101.5;123.5],[-Inf; Inf],[-Inf; Inf],[-Inf;14.5],[-Inf;27.85],[-Inf; Inf],(28.5; Inf],tested_negative
(6.5; Inf],(154.5; Inf],[-Inf; Inf],[-Inf; Inf],(143; Inf],(27.85; Inf],[-Inf; Inf],(28.5; Inf],tested_positive
(6.5; Inf],(154.5; Inf],[-Inf; Inf],[-Inf; Inf],[-Inf;14.5],[-Inf;27.85],[-Inf; Inf],(28.5; Inf],tested_negative
[-Inf;6.5],(154.5; Inf],[-Inf; Inf],[-Inf; Inf],[-Inf;14.5],(27.85; Inf],[-Inf; Inf],[-Inf;28.5],tested_positive
[-Inf;6.5],(123.5;154.5],[-Inf; Inf],[-Inf; Inf],[-Inf;14.5],(27.85; Inf],[-Inf; Inf],(28.5; Inf],tested_negative
[-Inf;6.5],[-Inf;101.5],[-Inf; Inf],[-Inf; Inf],[-Inf;14.5],(27.85; Inf],[-Inf; Inf],[-Inf;28.5],tested_negative
(6.5; Inf],(101.5;123.5],[-Inf; Inf],[-Inf; Inf],[-Inf;14.5],(27.85; Inf],[-Inf; Inf],(28.5; Inf],tested_positive
(6.5; Inf],(101.5;123.5],[-Inf; Inf],[-Inf; Inf],[-Inf;14.5],[-Inf;27.85],[-Inf; Inf],[-Inf;28.5],tested_negative
[-Inf;6.5],(101.5;123.5],[-Inf; Inf],[-Inf; Inf],(14.5;87.5],[-Inf;27.85],[-Inf; Inf],[-Inf;28.5],tested_negative
[-Inf;6.5],[-Inf;101.5],[-Inf; Inf],[-Inf; Inf],(14.5;87.5],[-Inf;27.85],[-Inf; Inf],(28.5; Inf],tested_negative
(6.5; Inf],(154.5; Inf],[-Inf; Inf],[-Inf; Inf],(143; Inf],(27.85; Inf],[-Inf; Inf],(28.5; Inf],tested_positive
(6.5; Inf],(123.5;154.5],[-Inf; Inf],[-Inf; Inf],(143; Inf],(27.85; Inf],[-Inf; Inf],(28.5; Inf],tested_negative
[-Inf;6.5],[-Inf;101.5],[-Inf; Inf],[-Inf; Inf],[-Inf;14.5],[-Inf;27.85],[-Inf; Inf],[-Inf;28.5],tested_negative
(6.5; Inf],(154.5; Inf],[-Inf; Inf],[-Inf; Inf],(143; Inf],(27.85; Inf],[-Inf; Inf],(28.5; Inf],tested_positive
[-Inf;6.5],[-Inf;101.5],[-Inf; Inf],[-Inf; Inf],(87.5;143],(27.85; Inf],[-Inf; Inf],(28.5; Inf],tested_negative
[-Inf;6.5],(123.5;154.5],[-Inf; Inf],[-Inf; Inf],[-Inf;14.5],(27.85; Inf],[-Inf; Inf],(28.5; Inf],tested_negative
[-Inf;6.5],(101.5;123.5],[-Inf; Inf],[-Inf; Inf],(87.5;143],(27.85; Inf],[-Inf; Inf],[-Inf;28.5],tested_negative
[-Inf;6.5],[-Inf;101.5],[-Inf; Inf],[-Inf; Inf],[-Inf;14.5],[-Inf;27.85],[-Inf; Inf],[-Inf;28.5],tested_negative
(6.5; Inf],(123.5;154.5],[-Inf; Inf],[-Inf; Inf],[-Inf;14.5],(27.85; Inf],[-Inf; Inf],(28.5; Inf],tested_positive
[-Inf;6.5],[-Inf;101.5],[-Inf; Inf],[-Inf; Inf],[-Inf;14.5],[-Inf;27.85],[-Inf; Inf],(28.5; Inf],tested_negative
[-Inf;6.5],(123.5;154.5],[-Inf; Inf],[-Inf; Inf],(87.5;143],[-Inf;27.85],[-Inf; Inf],[-Inf;28.5],tested_negative
(6.5; Inf],(101.5;123.5],[-Inf; Inf],[-Inf; Inf],[-Inf;14.5],(27.85; Inf],[-Inf; Inf],(28.5; Inf],tested_positive
[-Inf;6.5],[-Inf;101.5],[-Inf; Inf],[-Inf; Inf],[-Inf;14.5],(27.85; Inf],[-Inf; Inf],(28.5; Inf],tested_negative
[-Inf;6.5],(101.5;123.5],[-Inf; Inf],[-Inf; Inf],[-Inf;14.5],(27.85; Inf],[-Inf; Inf],(28.5; Inf],tested_positive
[-Inf;6.5],(101.5;123.5],[-Inf; Inf],[-Inf; Inf],[-Inf;14.5],(27.85; Inf],[-Inf; Inf],(28.5; Inf],tested_negative
[-Inf;6.5],[-Inf;101.5],[-Inf; Inf],[-Inf; Inf],(14.5;87.5],[-Inf;27.85],[-Inf; Inf],[-Inf;28.5],tested_negative
[-Inf;6.5],(123.5;154.5],[-Inf; Inf],[-Inf; Inf],(87.5;143],(27.85; Inf],[-Inf; Inf],[-Inf;28.5],tested_negative
[-Inf;6.5],(123.5;154.5],[-Inf; Inf],[-Inf; Inf],(87.5;143],(27.85; Inf],[-Inf; Inf],[-Inf;28.5],tested_negative
(6.5; Inf],(123.5;154.5],[-Inf; Inf],[-Inf; Inf],[-Inf;14.5],(27.85; Inf],[-Inf; Inf],(28.5; Inf],tested_positive
[-Inf;6.5],(123.5;154.5],[-Inf; Inf],[-Inf; Inf],(143; Inf],(27.85; Inf],[-Inf; Inf],[-Inf;28.5],tested_negative
[-Inf;6.5],[-Inf;101.5],[-Inf; Inf],[-Inf; Inf],[-Inf;14.5],(27.85; Inf],[-Inf; Inf],[-Inf;28.5],tested_negative
[-Inf;6.5],[-Inf;101.5],[-Inf; Inf],[-Inf; Inf],[-Inf;14.5],[-Inf;27.85],[-Inf; Inf],[-Inf;28.5],tested_negative
(6.5; Inf],[-Inf;101.5],[-Inf; Inf],[-Inf; Inf],[-Inf;14.5],(27.85; Inf],[-Inf; Inf],(28.5; Inf],tested_negative
[-Inf;6.5],[-Inf;101.5],[-Inf; Inf],[-Inf; Inf],[-Inf;14.5],(27.85; Inf],[-Inf; Inf],[-Inf;28.5],tested_negative
[-Inf;6.5],(123.5;154.5],[-Inf; Inf],[-Inf; Inf],[-Inf;14.5],(27.85; Inf],[-Inf; Inf],[-Inf;28.5],tested_positive
[-Inf;6.5],(101.5;123.5],[-Inf; Inf],[-Inf; Inf],[-Inf;14.5],[-Inf;27.85],[-Inf; Inf],[-Inf;28.5],tested_negative
[-Inf;6.5],(101.5;123.5],[-Inf; Inf],[-Inf; Inf],[-Inf;14.5],[-Inf;27.85],[-Inf; Inf],[-Inf;28.5],tested_negative
[-Inf;6.5],[-Inf;101.5],[-Inf; Inf],[-Inf; Inf],[-Inf;14.5],[-Inf;27.85],[-Inf; Inf],[-Inf;28.5],tested_negative
[-Inf;6.5],[-Inf;101.5],[-Inf; Inf],[-Inf; Inf],[-Inf;14.5],[-Inf;27.85],[-Inf; Inf],[-Inf;28.5],tested_negative
[-Inf;6.5],(123.5;154.5],[-Inf; Inf],[-Inf; Inf],[-Inf;14.5],(27.85; Inf],[-Inf; Inf],(28.5; Inf],tested_positive
[-Inf;6.5],(101.5;123.5],[-Inf; Inf],[-Inf; Inf],(87.5;143],(27.85; Inf],[-Inf; Inf],[-Inf;28.5],tested_negative
[-Inf;6.5],[-Inf;101.5],[-Inf; Inf],[-Inf; Inf],(14.5;87.5],(27.85; Inf],[-Inf; Inf],[-Inf;28.5],tested_negative
(6.5; Inf],(123.5;154.5],[-Inf; Inf],[-Inf; Inf],(87.5;143],(27.85; Inf],[-Inf; Inf],(28.5; Inf],tested_positive
[-Inf;6.5],(101.5;123.5],[-Inf; Inf],[-Inf; Inf],[-Inf;14.5],[-Inf;27.85],[-Inf; Inf],[-Inf;28.5],tested_negative
[-Inf;6.5],(101.5;123.5],[-Inf; Inf],[-Inf; Inf],(143; Inf],(27.85; Inf],[-Inf; Inf],(28.5; Inf],tested_negative
(6.5; Inf],[-Inf;101.5],[-Inf; Inf],[-Inf; Inf],(14.5;87.5],(27.85; Inf],[-Inf; Inf],(28.5; Inf],tested_negative
[-Inf;6.5],(123.5;154.5],[-Inf; Inf],[-Inf; Inf],[-Inf;14.5],[-Inf;27.85],[-Inf; Inf],(28.5; Inf],tested_positive
[-Inf;6.5],(123.5;154.5],[-Inf; Inf],[-Inf; Inf],(14.5;87.5],[-Inf;27.85],[-Inf; Inf],[-Inf;28.5],tested_negative
[-Inf;6.5],[-Inf;101.5],[-Inf; Inf],[-Inf; Inf],[-Inf;14.5],(27.85; Inf],[-Inf; Inf],[-Inf;28.5],tested_negative
[-Inf;6.5],[-Inf;101.5],[-Inf; Inf],[-Inf; Inf],(14.5;87.5],[-Inf;27.85],[-Inf; Inf],[-Inf;28.5],tested_negative
[-Inf;6.5],[-Inf;101.5],[-Inf; Inf],[-Inf; Inf],(14.5;87.5],(27.85; Inf],[-Inf; Inf],[-Inf;28.5],tested_negative
[-Inf;6.5],(101.5;123.5],[-Inf; Inf],[-Inf; Inf],(143; Inf],(27.85; Inf],[-Inf; Inf],(28.5; Inf],tested_positive
[-Inf;6.5],(154.5; Inf],[-Inf; Inf],[-Inf; Inf],[-Inf;14.5],(27.85; Inf],[-Inf; Inf],(28.5; Inf],tested_positive
[-Inf;6.5],(123.5;154.5],[-Inf; Inf],[-Inf; Inf],[-Inf;14.5],[-Inf;27.85],[-Inf; Inf],[-Inf;28.5],tested_negative
[-Inf;6.5],(123.5;154.5],[-Inf; Inf],[-Inf; Inf],[-Inf;14.5],[-Inf;27.85],[-Inf; Inf],[-Inf;28.5],tested_negative
[-Inf;6.5],[-Inf;101.5],[-Inf; Inf],[-Inf; Inf],(14.5;87.5],[-Inf;27.85],[-Inf; Inf],[-Inf;28.5],tested_negative
[-Inf;6.5],[-Inf;101.5],[-Inf; Inf],[-Inf; Inf],[-Inf;14.5],(27.85; Inf],[-Inf; Inf],[-Inf;28.5],tested_negative
[-Inf;6.5],(123.5;154.5],[-Inf; Inf],[-Inf; Inf],(143; Inf],(27.85; Inf],[-Inf; Inf],[-Inf;28.5],tested_negative
[-Inf;6.5],[-Inf;101.5],[-Inf; Inf],[-Inf; Inf],[-Inf;14.5],[-Inf;27.85],[-Inf; Inf],[-Inf;28.5],tested_negative
[-Inf;6.5],(123.5;154.5],[-Inf; Inf],[-Inf; Inf],(87.5;143],(27.85; Inf],[-Inf; Inf],(28.5; Inf],tested_negative
[-Inf;6.5],[-Inf;101.5],[-Inf; Inf],[-Inf; Inf],(14.5;87.5],(27.85; Inf],[-Inf; Inf],[-Inf;28.5],tested_negative
[-Inf;6.5],[-Inf;101.5],[-Inf; Inf],[-Inf; Inf],(14.5;87.5],(27.85; Inf],[-Inf; Inf],[-Inf;28.5],tested_positive
(6.5; Inf],(154.5; Inf],[-Inf; Inf],[-Inf; Inf],(143; Inf],(27.85; Inf],[-Inf; Inf],(28.5; Inf],tested_positive
[-Inf;6.5],[-Inf;101.5],[-Inf; Inf],[-Inf; Inf],[-Inf;14.5],(27.85; Inf],[-Inf; Inf],[-Inf;28.5],tested_negative
(6.5; Inf],(154.5; Inf],[-Inf; Inf],[-Inf; Inf],(143; Inf],(27.85; Inf],[-Inf; Inf],(28.5; Inf],tested_positive
[-Inf;6.5],(123.5;154.5],[-Inf; Inf],[-Inf; Inf],[-Inf;14.5],(27.85; Inf],[-Inf; Inf],(28.5; Inf],tested_positive
[-Inf;6.5],[-Inf;101.5],[-Inf; Inf],[-Inf; Inf],[-Inf;14.5],(27.85; Inf],[-Inf; Inf],[-Inf;28.5],tested_negative
[-Inf;6.5],[-Inf;101.5],[-Inf; Inf],[-Inf; Inf],(14.5;87.5],[-Inf;27.85],[-Inf; Inf],[-Inf;28.5],tested_negative
[-Inf;6.5],(154.5; Inf],[-Inf; Inf],[-Inf; Inf],(87.5;143],(27.85; Inf],[-Inf; Inf],[-Inf;28.5],tested_positive
[-Inf;6.5],(101.5;123.5],[-Inf; Inf],[-Inf; Inf],[-Inf;14.5],(27.85; Inf],[-Inf; Inf],[-Inf;28.5],tested_negative
[-Inf;6.5],(101.5;123.5],[-Inf; Inf],[-Inf; Inf],(87.5;143],(27.85; Inf],[-Inf; Inf],[-Inf;28.5],tested_negative
[-Inf;6.5],(123.5;154.5],[-Inf; Inf],[-Inf; Inf],[-Inf;14.5],[-Inf;27.85],[-Inf; Inf],(28.5; Inf],tested_negative
[-Inf;6.5],(101.5;123.5],[-Inf; Inf],[-Inf; Inf],[-Inf;14.5],(27.85; Inf],[-Inf; Inf],[-Inf;28.5],tested_positive
[-Inf;6.5],[-Inf;101.5],[-Inf; Inf],[-Inf; Inf],(87.5;143],(27.85; Inf],[-Inf; Inf],[-Inf;28.5],tested_positive
[-Inf;6.5],(101.5;123.5],[-Inf; Inf],[-Inf; Inf],(87.5;143],(27.85; Inf],[-Inf; Inf],(28.5; Inf],tested_negative
[-Inf;6.5],(101.5;123.5],[-Inf; Inf],[-Inf; Inf],(87.5;143],(27.85; Inf],[-Inf; Inf],[-Inf;28.5],tested_negative
[-Inf;6.5],(101.5;123.5],[-Inf; Inf],[-Inf; Inf],(143; Inf],(27.85; Inf],[-Inf; Inf],(28.5; Inf],tested_positive
[-Inf;6.5],(101.5;123.5],[-Inf; Inf],[-Inf; Inf],[-Inf;14.5],(27.85; Inf],[-Inf; Inf],(28.5; Inf],tested_positive
[-Inf;6.5],(154.5; Inf],[-Inf; Inf],[-Inf; Inf],(143; Inf],(27.85; Inf],[-Inf; Inf],(28.5; Inf],tested_positive
[-Inf;6.5],(154.5; Inf],[-Inf; Inf],[-Inf; Inf],(143; Inf],(27.85; Inf],[-Inf; Inf],(28.5; Inf],tested_positive
(6.5; Inf],[-Inf;101.5],[-Inf; Inf],[-Inf; Inf],[-Inf;14.5],(27.85; Inf],[-Inf; Inf],(28.5; Inf],tested_negative
[-Inf;6.5],[-Inf;101.5],[-Inf; Inf],[-Inf; Inf],(14.5;87.5],[-Inf;27.85],[-Inf; Inf],[-Inf;28.5],tested_negative
[-Inf;6.5],(123.5;154.5],[-Inf; Inf],[-Inf; Inf],(87.5;143],(27.85; Inf],[-Inf; Inf],(28.5; Inf],tested_negative
[-Inf;6.5],[-Inf;101.5],[-Inf; Inf],[-Inf; Inf],(14.5;87.5],(27.85; Inf],[-Inf; Inf],[-Inf;28.5],tested_negative
[-Inf;6.5],[-Inf;101.5],[-Inf; Inf],[-Inf; Inf],(87.5;143],(27.85; Inf],[-Inf; Inf],[-Inf;28.5],tested_negative
[-Inf;6.5],(123.5;154.5],[-Inf; Inf],[-Inf; Inf],[-Inf;14.5],(27.85; Inf],[-Inf; Inf],(28.5; Inf],tested_negative
[-Inf;6.5],(101.5;123.5],[-Inf; Inf],[-Inf; Inf],(143; Inf],(27.85; Inf],[-Inf; Inf],[-Inf;28.5],tested_negative
[-Inf;6.5],(123.5;154.5],[-Inf; Inf],[-Inf; Inf],[-Inf;14.5],[-Inf;27.85],[-Inf; Inf],(28.5; Inf],tested_negative
[-Inf;6.5],(101.5;123.5],[-Inf; Inf],[-Inf; Inf],[-Inf;14.5],(27.85; Inf],[-Inf; Inf],(28.5; Inf],tested_negative
[-Inf;6.5],(101.5;123.5],[-Inf; Inf],[-Inf; Inf],(14.5;87.5],(27.85; Inf],[-Inf; Inf],[-Inf;28.5],tested_negative
(6.5; Inf],(101.5;123.5],[-Inf; Inf],[-Inf; Inf],[-Inf;14.5],(27.85; Inf],[-Inf; Inf],(28.5; Inf],tested_positive
[-Inf;6.5],(123.5;154.5],[-Inf; Inf],[-Inf; Inf],(143; Inf],(27.85; Inf],[-Inf; Inf],[-Inf;28.5],tested_negative
[-Inf;6.5],(101.5;123.5],[-Inf; Inf],[-Inf; Inf],[-Inf;14.5],[-Inf;27.85],[-Inf; Inf],[-Inf;28.5],tested_negative
(6.5; Inf],[-Inf;101.5],[-Inf; Inf],[-Inf; Inf],[-Inf;14.5],(27.85; Inf],[-Inf; Inf],(28.5; Inf],tested_negative
[-Inf;6.5],(101.5;123.5],[-Inf; Inf],[-Inf; Inf],(87.5;143],(27.85; Inf],[-Inf; Inf],(28.5; Inf],tested_negative
[-Inf;6.5],(123.5;154.5],[-Inf; Inf],[-Inf; Inf],[-Inf;14.5],(27.85; Inf],[-Inf; Inf],(28.5; Inf],tested_negative
[-Inf;6.5],[-Inf;101.5],[-Inf; Inf],[-Inf; Inf],[-Inf;14.5],[-Inf;27.85],[-Inf; Inf],[-Inf;28.5],tested_negative
[-Inf;6.5],(123.5;154.5],[-Inf; Inf],[-Inf; Inf],(143; Inf],(27.85; Inf],[-Inf; Inf],[-Inf;28.5],tested_negative
[-Inf;6.5],(101.5;123.5],[-Inf; Inf],[-Inf; Inf],[-Inf;14.5],[-Inf;27.85],[-Inf; Inf],(28.5; Inf],tested_negative
(6.5; Inf],(154.5; Inf],[-Inf; Inf],[-Inf; Inf],(143; Inf],(27.85; Inf],[-Inf; Inf],(28.5; Inf],tested_positive
[-Inf;6.5],(123.5;154.5],[-Inf; Inf],[-Inf; Inf],(143; Inf],(27.85; Inf],[-Inf; Inf],[-Inf;28.5],tested_negative
(6.5; Inf],(154.5; Inf],[-Inf; Inf],[-Inf; Inf],[-Inf;14.5],(27.85; Inf],[-Inf; Inf],(28.5; Inf],tested_positive
(6.5; Inf],(123.5;154.5],[-Inf; Inf],[-Inf; Inf],[-Inf;14.5],(27.85; Inf],[-Inf; Inf],(28.5; Inf],tested_positive
[-Inf;6.5],[-Inf;101.5],[-Inf; Inf],[-Inf; Inf],(87.5;143],[-Inf;27.85],[-Inf; Inf],[-Inf;28.5],tested_negative
[-Inf;6.5],(101.5;123.5],[-Inf; Inf],[-Inf; Inf],(87.5;143],[-Inf;27.85],[-Inf; Inf],[-Inf;28.5],tested_negative
[-Inf;6.5],[-Inf;101.5],[-Inf; Inf],[-Inf; Inf],(14.5;87.5],(27.85; Inf],[-Inf; Inf],[-Inf;28.5],tested_negative
(6.5; Inf],(154.5; Inf],[-Inf; Inf],[-Inf; Inf],(87.5;143],(27.85; Inf],[-Inf; Inf],(28.5; Inf],tested_positive
[-Inf;6.5],(123.5;154.5],[-Inf; Inf],[-Inf; Inf],[-Inf;14.5],(27.85; Inf],[-Inf; Inf],(28.5; Inf],tested_negative
(6.5; Inf],(101.5;123.5],[-Inf; Inf],[-Inf; Inf],(87.5;143],(27.85; Inf],[-Inf; Inf],(28.5; Inf],tested_negative
[-Inf;6.5],(101.5;123.5],[-Inf; Inf],[-Inf; Inf],(143; Inf],(27.85; Inf],[-Inf; Inf],[-Inf;28.5],tested_negative
[-Inf;6.5],[-Inf;101.5],[-Inf; Inf],[-Inf; Inf],[-Inf;14.5],(27.85; Inf],[-Inf; Inf],[-Inf;28.5],tested_negative
[-Inf;6.5],(123.5;154.5],[-Inf; Inf],[-Inf; Inf],[-Inf;14.5],(27.85; Inf],[-Inf; Inf],(28.5; Inf],tested_positive
[-Inf;6.5],(101.5;123.5],[-Inf; Inf],[-Inf; Inf],(143; Inf],(27.85; Inf],[-Inf; Inf],(28.5; Inf],tested_positive
[-Inf;6.5],(101.5;123.5],[-Inf; Inf],[-Inf; Inf],[-Inf;14.5],(27.85; Inf],[-Inf; Inf],(28.5; Inf],tested_negative
[-Inf;6.5],(101.5;123.5],[-Inf; Inf],[-Inf; Inf],[-Inf;14.5],(27.85; Inf],[-Inf; Inf],(28.5; Inf],tested_negative
[-Inf;6.5],(101.5;123.5],[-Inf; Inf],[-Inf; Inf],(14.5;87.5],(27.85; Inf],[-Inf; Inf],(28.5; Inf],tested_negative
[-Inf;6.5],(101.5;123.5],[-Inf; Inf],[-Inf; Inf],[-Inf;14.5],(27.85; Inf],[-Inf; Inf],(28.5; Inf],tested_positive
[-Inf;6.5],(123.5;154.5],[-Inf; Inf],[-Inf; Inf],(87.5;143],(27.85; Inf],[-Inf; Inf],(28.5; Inf],tested_positive
[-Inf;6.5],[-Inf;101.5],[-Inf; Inf],[-Inf; Inf],[-Inf;14.5],(27.85; Inf],[-Inf; Inf],[-Inf;28.5],tested_negative
[-Inf;6.5],[-Inf;101.5],[-Inf; Inf],[-Inf; Inf],(14.5;87.5],(27.85; Inf],[-Inf; Inf],[-Inf;28.5],tested_negative
(6.5; Inf],(154.5; Inf],[-Inf; Inf],[-Inf; Inf],(87.5;143],(27.85; Inf],[-Inf; Inf],(28.5; Inf],tested_positive
[-Inf;6.5],[-Inf;101.5],[-Inf; Inf],[-Inf; Inf],[-Inf;14.5],(27.85; Inf],[-Inf; Inf],(28.5; Inf],tested_negative
[-Inf;6.5],(123.5;154.5],[-Inf; Inf],[-Inf; Inf],(87.5;143],(27.85; Inf],[-Inf; Inf],[-Inf;28.5],tested_positive
[-Inf;6.5],(123.5;154.5],[-Inf; Inf],[-Inf; Inf],[-Inf;14.5],(27.85; Inf],[-Inf; Inf],(28.5; Inf],tested_negative
[-Inf;6.5],[-Inf;101.5],[-Inf; Inf],[-Inf; Inf],[-Inf;14.5],[-Inf;27.85],[-Inf; Inf],(28.5; Inf],tested_negative
[-Inf;6.5],(101.5;123.5],[-Inf; Inf],[-Inf; Inf],(87.5;143],(27.85; Inf],[-Inf; Inf],[-Inf;28.5],tested_negative
[-Inf;6.5],[-Inf;101.5],[-Inf; Inf],[-Inf; Inf],(14.5;87.5],[-Inf;27.85],[-Inf; Inf],[-Inf;28.5],tested_negative
[-Inf;6.5],[-Inf;101.5],[-Inf; Inf],[-Inf; Inf],[-Inf;14.5],[-Inf;27.85],[-Inf; Inf],[-Inf;28.5],tested_negative
[-Inf;6.5],(123.5;154.5],[-Inf; Inf],[-Inf; Inf],[-Inf;14.5],[-Inf;27.85],[-Inf; Inf],(28.5; Inf],tested_negative
(6.5; Inf],(154.5; Inf],[-Inf; Inf],[-Inf; Inf],[-Inf;14.5],(27.85; Inf],[-Inf; Inf],(28.5; Inf],tested_positive
(6.5; Inf],(154.5; Inf],[-Inf; Inf],[-Inf; Inf],(143; Inf],(27.85; Inf],[-Inf; Inf],(28.5; Inf],tested_positive
[-Inf;6.5],(123.5;154.5],[-Inf; Inf],[-Inf; Inf],(14.5;87.5],(27.85; Inf],[-Inf; Inf],(28.5; Inf],tested_positive
(6.5; Inf],(101.5;123.5],[-Inf; Inf],[-Inf; Inf],(87.5;143],(27.85; Inf],[-Inf; Inf],(28.5; Inf],tested_positive
[-Inf;6.5],(101.5;123.5],[-Inf; Inf],[-Inf; Inf],[-Inf;14.5],[-Inf;27.85],[-Inf; Inf],[-Inf;28.5],tested_negative
(6.5; Inf],(101.5;123.5],[-Inf; Inf],[-Inf; Inf],(87.5;143],(27.85; Inf],[-Inf; Inf],(28.5; Inf],tested_negative
(6.5; Inf],(154.5; Inf],[-Inf; Inf],[-Inf; Inf],[-Inf;14.5],(27.85; Inf],[-Inf; Inf],(28.5; Inf],tested_positive
(6.5; Inf],(123.5;154.5],[-Inf; Inf],[-Inf; Inf],[-Inf;14.5],(27.85; Inf],[-Inf; Inf],(28.5; Inf],tested_positive
(6.5; Inf],[-Inf;101.5],[-Inf; Inf],[-Inf; Inf],[-Inf;14.5],[-Inf;27.85],[-Inf; Inf],(28.5; Inf],tested_negative
[-Inf;6.5],(154.5; Inf],[-Inf; Inf],[-Inf; Inf],(143; Inf],(27.85; Inf],[-Inf; Inf],(28.5; Inf],tested_positive
[-Inf;6.5],(101.5;123.5],[-Inf; Inf],[-Inf; Inf],[-Inf;14.5],[-Inf;27.85],[-Inf; Inf],[-Inf;28.5],tested_negative
[-Inf;6.5],(101.5;123.5],[-Inf; Inf],[-Inf; Inf],(14.5;87.5],[-Inf;27.85],[-Inf; Inf],[-Inf;28.5],tested_positive
[-Inf;6.5],(101.5;123.5],[-Inf; Inf],[-Inf; Inf],(87.5;143],(27.85; Inf],[-Inf; Inf],[-Inf;28.5],tested_positive
[-Inf;6.5],(123.5;154.5],[-Inf; Inf],[-Inf; Inf],(143; Inf],(27.85; Inf],[-Inf; Inf],(28.5; Inf],tested_positive
[-Inf;6.5],(101.5;123.5],[-Inf; Inf],[-Inf; Inf],[-Inf;14.5],(27.85; Inf],[-Inf; Inf],[-Inf;28.5],tested_negative
[-Inf;6.5],(123.5;154.5],[-Inf; Inf],[-Inf; Inf],[-Inf;14.5],(27.85; Inf],[-Inf; Inf],[-Inf;28.5],tested_negative
[-Inf;6.5],(101.5;123.5],[-Inf; Inf],[-Inf; Inf],[-Inf;14.5],[-Inf;27.85],[-Inf; Inf],(28.5; Inf],tested_negative
[-Inf;6.5],[-Inf;101.5],[-Inf; Inf],[-Inf; Inf],(14.5;87.5],[-Inf;27.85],[-Inf; Inf],[-Inf;28.5],tested_negative
[-Inf;6.5],(101.5;123.5],[-Inf; Inf],[-Inf; Inf],(143; Inf],(27.85; Inf],[-Inf; Inf],(28.5; Inf],tested_negative
[-Inf;6.5],(101.5;123.5],[-Inf; Inf],[-Inf; Inf],[-Inf;14.5],[-Inf;27.85],[-Inf; Inf],[-Inf;28.5],tested_negative
(6.5; Inf],(154.5; Inf],[-Inf; Inf],[-Inf; Inf],(143; Inf],(27.85; Inf],[-Inf; Inf],(28.5; Inf],tested_positive
[-Inf;6.5],(154.5; Inf],[-Inf; Inf],[-Inf; Inf],[-Inf;14.5],(27.85; Inf],[-Inf; Inf],(28.5; Inf],tested_positive
[-Inf;6.5],[-Inf;101.5],[-Inf; Inf],[-Inf; Inf],(14.5;87.5],(27.85; Inf],[-Inf; Inf],[-Inf;28.5],tested_negative
(6.5; Inf],(154.5; Inf],[-Inf; Inf],[-Inf; Inf],[-Inf;14.5],(27.85; Inf],[-Inf; Inf],(28.5; Inf],tested_positive
[-Inf;6.5],[-Inf;101.5],[-Inf; Inf],[-Inf; Inf],[-Inf;14.5],[-Inf;27.85],[-Inf; Inf],[-Inf;28.5],tested_negative
[-Inf;6.5],(123.5;154.5],[-Inf; Inf],[-Inf; Inf],[-Inf;14.5],(27.85; Inf],[-Inf; Inf],[-Inf;28.5],tested_negative
[-Inf;6.5],(123.5;154.5],[-Inf; Inf],[-Inf; Inf],(87.5;143],(27.85; Inf],[-Inf; Inf],[-Inf;28.5],tested_positive
(6.5; Inf],(123.5;154.5],[-Inf; Inf],[-Inf; Inf],(143; Inf],(27.85; Inf],[-Inf; Inf],(28.5; Inf],tested_positive
[-Inf;6.5],(101.5;123.5],[-Inf; Inf],[-Inf; Inf],(87.5;143],(27.85; Inf],[-Inf; Inf],[-Inf;28.5],tested_positive
[-Inf;6.5],(123.5;154.5],[-Inf; Inf],[-Inf; Inf],(87.5;143],(27.85; Inf],[-Inf; Inf],(28.5; Inf],tested_negative
[-Inf;6.5],[-Inf;101.5],[-Inf; Inf],[-Inf; Inf],[-Inf;14.5],(27.85; Inf],[-Inf; Inf],(28.5; Inf],tested_positive
[-Inf;6.5],(101.5;123.5],[-Inf; Inf],[-Inf; Inf],[-Inf;14.5],(27.85; Inf],[-Inf; Inf],(28.5; Inf],tested_positive
[-Inf;6.5],(154.5; Inf],[-Inf; Inf],[-Inf; Inf],(143; Inf],(27.85; Inf],[-Inf; Inf],[-Inf;28.5],tested_positive
[-Inf;6.5],(154.5; Inf],[-Inf; Inf],[-Inf; Inf],[-Inf;14.5],(27.85; Inf],[-Inf; Inf],(28.5; Inf],tested_positive
(6.5; Inf],(101.5;123.5],[-Inf; Inf],[-Inf; Inf],[-Inf;14.5],[-Inf;27.85],[-Inf; Inf],(28.5; Inf],tested_negative
[-Inf;6.5],[-Inf;101.5],[-Inf; Inf],[-Inf; Inf],(14.5;87.5],[-Inf;27.85],[-Inf; Inf],[-Inf;28.5],tested_negative
[-Inf;6.5],[-Inf;101.5],[-Inf; Inf],[-Inf; Inf],(14.5;87.5],(27.85; Inf],[-Inf; Inf],[-Inf;28.5],tested_negative
[-Inf;6.5],[-Inf;101.5],[-Inf; Inf],[-Inf; Inf],[-Inf;14.5],(27.85; Inf],[-Inf; Inf],[-Inf;28.5],tested_negative
[-Inf;6.5],(154.5; Inf],[-Inf; Inf],[-Inf; Inf],[-Inf;14.5],(27.85; Inf],[-Inf; Inf],[-Inf;28.5],tested_positive
[-Inf;6.5],(154.5; Inf],[-Inf; Inf],[-Inf; Inf],(143; Inf],(27.85; Inf],[-Inf; Inf],(28.5; Inf],tested_negative
[-Inf;6.5],(101.5;123.5],[-Inf; Inf],[-Inf; Inf],(14.5;87.5],(27.85; Inf],[-Inf; Inf],[-Inf;28.5],tested_negative
[-Inf;6.5],(123.5;154.5],[-Inf; Inf],[-Inf; Inf],[-Inf;14.5],(27.85; Inf],[-Inf; Inf],[-Inf;28.5],tested_positive
[-Inf;6.5],(123.5;154.5],[-Inf; Inf],[-Inf; Inf],(143; Inf],(27.85; Inf],[-Inf; Inf],(28.5; Inf],tested_positive
[-Inf;6.5],[-Inf;101.5],[-Inf; Inf],[-Inf; Inf],(14.5;87.5],[-Inf;27.85],[-Inf; Inf],[-Inf;28.5],tested_negative
[-Inf;6.5],(101.5;123.5],[-Inf; Inf],[-Inf; Inf],[-Inf;14.5],(27.85; Inf],[-Inf; Inf],(28.5; Inf],tested_negative
[-Inf;6.5],[-Inf;101.5],[-Inf; Inf],[-Inf; Inf],(14.5;87.5],(27.85; Inf],[-Inf; Inf],[-Inf;28.5],tested_negative
[-Inf;6.5],(154.5; Inf],[-Inf; Inf],[-Inf; Inf],[-Inf;14.5],(27.85; Inf],[-Inf; Inf],[-Inf;28.5],tested_positive
(6.5; Inf],(154.5; Inf],[-Inf; Inf],[-Inf; Inf],(143; Inf],(27.85; Inf],[-Inf; Inf],(28.5; Inf],tested_positive
[-Inf;6.5],(154.5; Inf],[-Inf; Inf],[-Inf; Inf],[-Inf;14.5],(27.85; Inf],[-Inf; Inf],[-Inf;28.5],tested_positive
(6.5; Inf],(154.5; Inf],[-Inf; Inf],[-Inf; Inf],[-Inf;14.5],(27.85; Inf],[-Inf; Inf],(28.5; Inf],tested_positive
[-Inf;6.5],(101.5;123.5],[-Inf; Inf],[-Inf; Inf],[-Inf;14.5],[-Inf;27.85],[-Inf; Inf],[-Inf;28.5],tested_negative
[-Inf;6.5],[-Inf;101.5],[-Inf; Inf],[-Inf; Inf],[-Inf;14.5],(27.85; Inf],[-Inf; Inf],[-Inf;28.5],tested_negative
[-Inf;6.5],[-Inf;101.5],[-Inf; Inf],[-Inf; Inf],(87.5;143],(27.85; Inf],[-Inf; Inf],[-Inf;28.5],tested_negative
[-Inf;6.5],(123.5;154.5],[-Inf; Inf],[-Inf; Inf],[-Inf;14.5],[-Inf;27.85],[-Inf; Inf],[-Inf;28.5],tested_positive
[-Inf;6.5],(101.5;123.5],[-Inf; Inf],[-Inf; Inf],(143; Inf],[-Inf;27.85],[-Inf; Inf],(28.5; Inf],tested_positive
[-Inf;6.5],(123.5;154.5],[-Inf; Inf],[-Inf; Inf],(143; Inf],(27.85; Inf],[-Inf; Inf],(28.5; Inf],tested_negative
(6.5; Inf],(154.5; Inf],[-Inf; Inf],[-Inf; Inf],[-Inf;14.5],(27.85; Inf],[-Inf; Inf],(28.5; Inf],tested_positive
(6.5; Inf],(101.5;123.5],[-Inf; Inf],[-Inf; Inf],[-Inf;14.5],(27.85; Inf],[-Inf; Inf],(28.5; Inf],tested_negative
[-Inf;6.5],(154.5; Inf],[-Inf; Inf],[-Inf; Inf],(143; Inf],(27.85; Inf],[-Inf; Inf],[-Inf;28.5],tested_negative
(6.5; Inf],(123.5;154.5],[-Inf; Inf],[-Inf; Inf],(143; Inf],(27.85; Inf],[-Inf; Inf],(28.5; Inf],tested_negative
[-Inf;6.5],(101.5;123.5],[-Inf; Inf],[-Inf; Inf],[-Inf;14.5],(27.85; Inf],[-Inf; Inf],[-Inf;28.5],tested_negative
(6.5; Inf],(101.5;123.5],[-Inf; Inf],[-Inf; Inf],[-Inf;14.5],(27.85; Inf],[-Inf; Inf],(28.5; Inf],tested_negative
[-Inf;6.5],[-Inf;101.5],[-Inf; Inf],[-Inf; Inf],(14.5;87.5],[-Inf;27.85],[-Inf; Inf],[-Inf;28.5],tested_negative
[-Inf;6.5],[-Inf;101.5],[-Inf; Inf],[-Inf; Inf],[-Inf;14.5],(27.85; Inf],[-Inf; Inf],[-Inf;28.5],tested_negative
(6.5; Inf],[-Inf;101.5],[-Inf; Inf],[-Inf; Inf],(143; Inf],[-Inf;27.85],[-Inf; Inf],(28.5; Inf],tested_positive
[-Inf;6.5],(101.5;123.5],[-Inf; Inf],[-Inf; Inf],[-Inf;14.5],(27.85; Inf],[-Inf; Inf],[-Inf;28.5],tested_positive
[-Inf;6.5],(101.5;123.5],[-Inf; Inf],[-Inf; Inf],[-Inf;14.5],(27.85; Inf],[-Inf; Inf],(28.5; Inf],tested_negative
[-Inf;6.5],(101.5;123.5],[-Inf; Inf],[-Inf; Inf],[-Inf;14.5],(27.85; Inf],[-Inf; Inf],[-Inf;28.5],tested_negative
[-Inf;6.5],(154.5; Inf],[-Inf; Inf],[-Inf; Inf],(143; Inf],[-Inf;27.85],[-Inf; Inf],[-Inf;28.5],tested_negative
(6.5; Inf],(154.5; Inf],[-Inf; Inf],[-Inf; Inf],(143; Inf],(27.85; Inf],[-Inf; Inf],(28.5; Inf],tested_positive
[-Inf;6.5],(154.5; Inf],[-Inf; Inf],[-Inf; Inf],(87.5;143],(27.85; Inf],[-Inf; Inf],(28.5; Inf],tested_negative
[-Inf;6.5],(123.5;154.5],[-Inf; Inf],[-Inf; Inf],[-Inf;14.5],(27.85; Inf],[-Inf; Inf],[-Inf;28.5],tested_positive
[-Inf;6.5],[-Inf;101.5],[-Inf; Inf],[-Inf; Inf],[-Inf;14.5],(27.85; Inf],[-Inf; Inf],[-Inf;28.5],tested_negative
[-Inf;6.5],(123.5;154.5],[-Inf; Inf],[-Inf; Inf],[-Inf;14.5],(27.85; Inf],[-Inf; Inf],(28.5; Inf],tested_negative
[-Inf;6.5],(101.5;123.5],[-Inf; Inf],[-Inf; Inf],[-Inf;14.5],(27.85; Inf],[-Inf; Inf],(28.5; Inf],tested_positive
[-Inf;6.5],[-Inf;101.5],[-Inf; Inf],[-Inf; Inf],(14.5;87.5],(27.85; Inf],[-Inf; Inf],(28.5; Inf],tested_negative
[-Inf;6.5],(123.5;154.5],[-Inf; Inf],[-Inf; Inf],[-Inf;14.5],(27.85; Inf],[-Inf; Inf],[-Inf;28.5],tested_positive
[-Inf;6.5],(123.5;154.5],[-Inf; Inf],[-Inf; Inf],[-Inf;14.5],(27.85; Inf],[-Inf; Inf],[-Inf;28.5],tested_negative
[-Inf;6.5],(101.5;123.5],[-Inf; Inf],[-Inf; Inf],[-Inf;14.5],[-Inf;27.85],[-Inf; Inf],[-Inf;28.5],tested_negative
[-Inf;6.5],(123.5;154.5],[-Inf; Inf],[-Inf; Inf],[-Inf;14.5],[-Inf;27.85],[-Inf; Inf],[-Inf;28.5],tested_positive
(6.5; Inf],[-Inf;101.5],[-Inf; Inf],[-Inf; Inf],[-Inf;14.5],(27.85; Inf],[-Inf; Inf],(28.5; Inf],tested_positive
[-Inf;6.5],(101.5;123.5],[-Inf; Inf],[-Inf; Inf],(14.5;87.5],[-Inf;27.85],[-Inf; Inf],[-Inf;28.5],tested_negative
[-Inf;6.5],(101.5;123.5],[-Inf; Inf],[-Inf; Inf],[-Inf;14.5],[-Inf;27.85],[-Inf; Inf],(28.5; Inf],tested_negative
[-Inf;6.5],[-Inf;101.5],[-Inf; Inf],[-Inf; Inf],(14.5;87.5],(27.85; Inf],[-Inf; Inf],[-Inf;28.5],tested_negative
(6.5; Inf],(101.5;123.5],[-Inf; Inf],[-Inf; Inf],[-Inf;14.5],(27.85; Inf],[-Inf; Inf],(28.5; Inf],tested_negative
[-Inf;6.5],[-Inf;101.5],[-Inf; Inf],[-Inf; Inf],(14.5;87.5],(27.85; Inf],[-Inf; Inf],[-Inf;28.5],tested_negative
(6.5; Inf],(101.5;123.5],[-Inf; Inf],[-Inf; Inf],[-Inf;14.5],[-Inf;27.85],[-Inf; Inf],(28.5; Inf],tested_positive
[-Inf;6.5],(101.5;123.5],[-Inf; Inf],[-Inf; Inf],(87.5;143],[-Inf;27.85],[-Inf; Inf],[-Inf;28.5],tested_negative
[-Inf;6.5],(101.5;123.5],[-Inf; Inf],[-Inf; Inf],[-Inf;14.5],[-Inf;27.85],[-Inf; Inf],(28.5; Inf],tested_negative
[-Inf;6.5],(101.5;123.5],[-Inf; Inf],[-Inf; Inf],(143; Inf],[-Inf;27.85],[-Inf; Inf],[-Inf;28.5],tested_negative
[-Inf;6.5],(123.5;154.5],[-Inf; Inf],[-Inf; Inf],[-Inf;14.5],(27.85; Inf],[-Inf; Inf],[-Inf;28.5],tested_positive
(6.5; Inf],(123.5;154.5],[-Inf; Inf],[-Inf; Inf],(87.5;143],(27.85; Inf],[-Inf; Inf],(28.5; Inf],tested_negative
(6.5; Inf],(123.5;154.5],[-Inf; Inf],[-Inf; Inf],(143; Inf],(27.85; Inf],[-Inf; Inf],(28.5; Inf],tested_negative
[-Inf;6.5],(101.5;123.5],[-Inf; Inf],[-Inf; Inf],[-Inf;14.5],[-Inf;27.85],[-Inf; Inf],(28.5; Inf],tested_positive
(6.5; Inf],(123.5;154.5],[-Inf; Inf],[-Inf; Inf],(87.5;143],[-Inf;27.85],[-Inf; Inf],(28.5; Inf],tested_negative
[-Inf;6.5],(154.5; Inf],[-Inf; Inf],[-Inf; Inf],(143; Inf],(27.85; Inf],[-Inf; Inf],(28.5; Inf],tested_negative
[-Inf;6.5],(101.5;123.5],[-Inf; Inf],[-Inf; Inf],(143; Inf],(27.85; Inf],[-Inf; Inf],(28.5; Inf],tested_positive
[-Inf;6.5],[-Inf;101.5],[-Inf; Inf],[-Inf; Inf],(14.5;87.5],[-Inf;27.85],[-Inf; Inf],[-Inf;28.5],tested_negative
[-Inf;6.5],(101.5;123.5],[-Inf; Inf],[-Inf; Inf],(14.5;87.5],(27.85; Inf],[-Inf; Inf],(28.5; Inf],tested_negative
[-Inf;6.5],[-Inf;101.5],[-Inf; Inf],[-Inf; Inf],(14.5;87.5],(27.85; Inf],[-Inf; Inf],[-Inf;28.5],tested_negative
[-Inf;6.5],(101.5;123.5],[-Inf; Inf],[-Inf; Inf],(14.5;87.5],(27.85; Inf],[-Inf; Inf],[-Inf;28.5],tested_positive
[-Inf;6.5],(123.5;154.5],[-Inf; Inf],[-Inf; Inf],(143; Inf],(27.85; Inf],[-Inf; Inf],(28.5; Inf],tested_positive
[-Inf;6.5],(154.5; Inf],[-Inf; Inf],[-Inf; Inf],[-Inf;14.5],[-Inf;27.85],[-Inf; Inf],(28.5; Inf],tested_negative
[-Inf;6.5],(123.5;154.5],[-Inf; Inf],[-Inf; Inf],(87.5;143],(27.85; Inf],[-Inf; Inf],[-Inf;28.5],tested_negative
[-Inf;6.5],(123.5;154.5],[-Inf; Inf],[-Inf; Inf],(143; Inf],(27.85; Inf],[-Inf; Inf],(28.5; Inf],tested_positive
[-Inf;6.5],(123.5;154.5],[-Inf; Inf],[-Inf; Inf],(143; Inf],(27.85; Inf],[-Inf; Inf],[-Inf;28.5],tested_negative
(6.5; Inf],[-Inf;101.5],[-Inf; Inf],[-Inf; Inf],(143; Inf],(27.85; Inf],[-Inf; Inf],(28.5; Inf],tested_positive
(6.5; Inf],(101.5;123.5],[-Inf; Inf],[-Inf; Inf],[-Inf;14.5],[-Inf;27.85],[-Inf; Inf],(28.5; Inf],tested_negative
[-Inf;6.5],(154.5; Inf],[-Inf; Inf],[-Inf; Inf],[-Inf;14.5],(27.85; Inf],[-Inf; Inf],(28.5; Inf],tested_positive
[-Inf;6.5],(123.5;154.5],[-Inf; Inf],[-Inf; Inf],(87.5;143],(27.85; Inf],[-Inf; Inf],[-Inf;28.5],tested_positive
[-Inf;6.5],(101.5;123.5],[-Inf; Inf],[-Inf; Inf],[-Inf;14.5],(27.85; Inf],[-Inf; Inf],[-Inf;28.5],tested_positive
[-Inf;6.5],(123.5;154.5],[-Inf; Inf],[-Inf; Inf],[-Inf;14.5],[-Inf;27.85],[-Inf; Inf],(28.5; Inf],tested_negative
(6.5; Inf],(154.5; Inf],[-Inf; Inf],[-Inf; Inf],(87.5;143],[-Inf;27.85],[-Inf; Inf],(28.5; Inf],tested_positive
[-Inf;6.5],(123.5;154.5],[-Inf; Inf],[-Inf; Inf],(143; Inf],[-Inf;27.85],[-Inf; Inf],[-Inf;28.5],tested_negative
[-Inf;6.5],(123.5;154.5],[-Inf; Inf],[-Inf; Inf],(143; Inf],(27.85; Inf],[-Inf; Inf],[-Inf;28.5],tested_positive
[-Inf;6.5],(123.5;154.5],[-Inf; Inf],[-Inf; Inf],(143; Inf],(27.85; Inf],[-Inf; Inf],(28.5; Inf],tested_positive
[-Inf;6.5],[-Inf;101.5],[-Inf; Inf],[-Inf; Inf],[-Inf;14.5],[-Inf;27.85],[-Inf; Inf],(28.5; Inf],tested_negative
[-Inf;6.5],(101.5;123.5],[-Inf; Inf],[-Inf; Inf],(143; Inf],(27.85; Inf],[-Inf; Inf],[-Inf;28.5],tested_negative
[-Inf;6.5],(154.5; Inf],[-Inf; Inf],[-Inf; Inf],(87.5;143],[-Inf;27.85],[-Inf; Inf],[-Inf;28.5],tested_positive
[-Inf;6.5],(101.5;123.5],[-Inf; Inf],[-Inf; Inf],(14.5;87.5],(27.85; Inf],[-Inf; Inf],[-Inf;28.5],tested_negative
[-Inf;6.5],(101.5;123.5],[-Inf; Inf],[-Inf; Inf],(87.5;143],(27.85; Inf],[-Inf; Inf],[-Inf;28.5],tested_negative
[-Inf;6.5],(154.5; Inf],[-Inf; Inf],[-Inf; Inf],[-Inf;14.5],(27.85; Inf],[-Inf; Inf],(28.5; Inf],tested_positive
[-Inf;6.5],(101.5;123.5],[-Inf; Inf],[-Inf; Inf],(87.5;143],(27.85; Inf],[-Inf; Inf],[-Inf;28.5],tested_negative
[-Inf;6.5],(154.5; Inf],[-Inf; Inf],[-Inf; Inf],[-Inf;14.5],[-Inf;27.85],[-Inf; Inf],(28.5; Inf],tested_positive
[-Inf;6.5],(123.5;154.5],[-Inf; Inf],[-Inf; Inf],(143; Inf],[-Inf;27.85],[-Inf; Inf],(28.5; Inf],tested_negative
[-Inf;6.5],(101.5;123.5],[-Inf; Inf],[-Inf; Inf],[-Inf;14.5],(27.85; Inf],[-Inf; Inf],[-Inf;28.5],tested_positive
[-Inf;6.5],(123.5;154.5],[-Inf; Inf],[-Inf; Inf],[-Inf;14.5],[-Inf;27.85],[-Inf; Inf],(28.5; Inf],tested_positive
(6.5; Inf],(123.5;154.5],[-Inf; Inf],[-Inf; Inf],(14.5;87.5],[-Inf;27.85],[-Inf; Inf],(28.5; Inf],tested_positive
[-Inf;6.5],(101.5;123.5],[-Inf; Inf],[-Inf; Inf],[-Inf;14.5],(27.85; Inf],[-Inf; Inf],[-Inf;28.5],tested_negative
[-Inf;6.5],(154.5; Inf],[-Inf; Inf],[-Inf; Inf],(143; Inf],[-Inf;27.85],[-Inf; Inf],[-Inf;28.5],tested_negative
[-Inf;6.5],(101.5;123.5],[-Inf; Inf],[-Inf; Inf],(143; Inf],(27.85; Inf],[-Inf; Inf],(28.5; Inf],tested_positive
(6.5; Inf],(154.5; Inf],[-Inf; Inf],[-Inf; Inf],[-Inf;14.5],(27.85; Inf],[-Inf; Inf],(28.5; Inf],tested_negative
[-Inf;6.5],(101.5;123.5],[-Inf; Inf],[-Inf; Inf],(87.5;143],(27.85; Inf],[-Inf; Inf],[-Inf;28.5],tested_positive
[-Inf;6.5],(101.5;123.5],[-Inf; Inf],[-Inf; Inf],(14.5;87.5],(27.85; Inf],[-Inf; Inf],(28.5; Inf],tested_negative
(6.5; Inf],(101.5;123.5],[-Inf; Inf],[-Inf; Inf],[-Inf;14.5],[-Inf;27.85],[-Inf; Inf],(28.5; Inf],tested_negative
[-Inf;6.5],[-Inf;101.5],[-Inf; Inf],[-Inf; Inf],(14.5;87.5],(27.85; Inf],[-Inf; Inf],[-Inf;28.5],tested_negative
[-Inf;6.5],(154.5; Inf],[-Inf; Inf],[-Inf; Inf],[-Inf;14.5],(27.85; Inf],[-Inf; Inf],(28.5; Inf],tested_positive
(6.5; Inf],(101.5;123.5],[-Inf; Inf],[-Inf; Inf],[-Inf;14.5],[-Inf;27.85],[-Inf; Inf],(28.5; Inf],tested_negative
[-Inf;6.5],[-Inf;101.5],[-Inf; Inf],[-Inf; Inf],(14.5;87.5],[-Inf;27.85],[-Inf; Inf],[-Inf;28.5],tested_negative
[-Inf;6.5],(154.5; Inf],[-Inf; Inf],[-Inf; Inf],(143; Inf],(27.85; Inf],[-Inf; Inf],[-Inf;28.5],tested_negative
[-Inf;6.5],(101.5;123.5],[-Inf; Inf],[-Inf; Inf],[-Inf;14.5],(27.85; Inf],[-Inf; Inf],(28.5; Inf],tested_negative
(6.5; Inf],(123.5;154.5],[-Inf; Inf],[-Inf; Inf],(143; Inf],(27.85; Inf],[-Inf; Inf],(28.5; Inf],tested_positive
(6.5; Inf],(154.5; Inf],[-Inf; Inf],[-Inf; Inf],[-Inf;14.5],(27.85; Inf],[-Inf; Inf],(28.5; Inf],tested_positive
[-Inf;6.5],(123.5;154.5],[-Inf; Inf],[-Inf; Inf],(87.5;143],[-Inf;27.85],[-Inf; Inf],[-Inf;28.5],tested_negative
[-Inf;6.5],[-Inf;101.5],[-Inf; Inf],[-Inf; Inf],(14.5;87.5],[-Inf;27.85],[-Inf; Inf],(28.5; Inf],tested_negative
[-Inf;6.5],[-Inf;101.5],[-Inf; Inf],[-Inf; Inf],[-Inf;14.5],(27.85; Inf],[-Inf; Inf],[-Inf;28.5],tested_negative
(6.5; Inf],[-Inf;101.5],[-Inf; Inf],[-Inf; Inf],[-Inf;14.5],(27.85; Inf],[-Inf; Inf],(28.5; Inf],tested_negative
(6.5; Inf],(123.5;154.5],[-Inf; Inf],[-Inf; Inf],(87.5;143],(27.85; Inf],[-Inf; Inf],(28.5; Inf],tested_negative
[-Inf;6.5],(123.5;154.5],[-Inf; Inf],[-Inf; Inf],(14.5;87.5],(27.85; Inf],[-Inf; Inf],[-Inf;28.5],tested_negative
[-Inf;6.5],(101.5;123.5],[-Inf; Inf],[-Inf; Inf],[-Inf;14.5],[-Inf;27.85],[-Inf; Inf],[-Inf;28.5],tested_negative
[-Inf;6.5],[-Inf;101.5],[-Inf; Inf],[-Inf; Inf],(14.5;87.5],[-Inf;27.85],[-Inf; Inf],[-Inf;28.5],tested_negative
[-Inf;6.5],[-Inf;101.5],[-Inf; Inf],[-Inf; Inf],[-Inf;14.5],(27.85; Inf],[-Inf; Inf],(28.5; Inf],tested_positive
[-Inf;6.5],[-Inf;101.5],[-Inf; Inf],[-Inf; Inf],[-Inf;14.5],(27.85; Inf],[-Inf; Inf],(28.5; Inf],tested_negative
[-Inf;6.5],(123.5;154.5],[-Inf; Inf],[-Inf; Inf],[-Inf;14.5],(27.85; Inf],[-Inf; Inf],(28.5; Inf],tested_negative
[-Inf;6.5],[-Inf;101.5],[-Inf; Inf],[-Inf; Inf],[-Inf;14.5],(27.85; Inf],[-Inf; Inf],(28.5; Inf],tested_negative
[-Inf;6.5],[-Inf;101.5],[-Inf; Inf],[-Inf; Inf],(14.5;87.5],[-Inf;27.85],[-Inf; Inf],[-Inf;28.5],tested_negative
[-Inf;6.5],[-Inf;101.5],[-Inf; Inf],[-Inf; Inf],[-Inf;14.5],(27.85; Inf],[-Inf; Inf],[-Inf;28.5],tested_negative
(6.5; Inf],(154.5; Inf],[-Inf; Inf],[-Inf; Inf],[-Inf;14.5],(27.85; Inf],[-Inf; Inf],(28.5; Inf],tested_positive
[-Inf;6.5],(123.5;154.5],[-Inf; Inf],[-Inf; Inf],(143; Inf],(27.85; Inf],[-Inf; Inf],[-Inf;28.5],tested_positive
(6.5; Inf],(123.5;154.5],[-Inf; Inf],[-Inf; Inf],[-Inf;14.5],(27.85; Inf],[-Inf; Inf],(28.5; Inf],tested_positive
(6.5; Inf],[-Inf;101.5],[-Inf; Inf],[-Inf; Inf],(14.5;87.5],(27.85; Inf],[-Inf; Inf],(28.5; Inf],tested_negative
[-Inf;6.5],(154.5; Inf],[-Inf; Inf],[-Inf; Inf],(143; Inf],(27.85; Inf],[-Inf; Inf],(28.5; Inf],tested_positive
[-Inf;6.5],(154.5; Inf],[-Inf; Inf],[-Inf; Inf],(143; Inf],(27.85; Inf],[-Inf; Inf],(28.5; Inf],tested_positive
[-Inf;6.5],(154.5; Inf],[-Inf; Inf],[-Inf; Inf],[-Inf;14.5],(27.85; Inf],[-Inf; Inf],(28.5; Inf],tested_negative
[-Inf;6.5],(101.5;123.5],[-Inf; Inf],[-Inf; Inf],[-Inf;14.5],(27.85; Inf],[-Inf; Inf],(28.5; Inf],tested_negative
[-Inf;6.5],(123.5;154.5],[-Inf; Inf],[-Inf; Inf],[-Inf;14.5],(27.85; Inf],[-Inf; Inf],(28.5; Inf],tested_positive
[-Inf;6.5],(123.5;154.5],[-Inf; Inf],[-Inf; Inf],(143; Inf],(27.85; Inf],[-Inf; Inf],(28.5; Inf],tested_negative
[-Inf;6.5],[-Inf;101.5],[-Inf; Inf],[-Inf; Inf],(14.5;87.5],(27.85; Inf],[-Inf; Inf],(28.5; Inf],tested_negative
[-Inf;6.5],(123.5;154.5],[-Inf; Inf],[-Inf; Inf],[-Inf;14.5],[-Inf;27.85],[-Inf; Inf],(28.5; Inf],tested_positive
[-Inf;6.5],[-Inf;101.5],[-Inf; Inf],[-Inf; Inf],[-Inf;14.5],[-Inf;27.85],[-Inf; Inf],[-Inf;28.5],tested_negative
[-Inf;6.5],[-Inf;101.5],[-Inf; Inf],[-Inf; Inf],(14.5;87.5],[-Inf;27.85],[-Inf; Inf],[-Inf;28.5],tested_negative
[-Inf;6.5],(123.5;154.5],[-Inf; Inf],[-Inf; Inf],(87.5;143],(27.85; Inf],[-Inf; Inf],(28.5; Inf],tested_positive
[-Inf;6.5],(154.5; Inf],[-Inf; Inf],[-Inf; Inf],(143; Inf],(27.85; Inf],[-Inf; Inf],[-Inf;28.5],tested_positive
[-Inf;6.5],(101.5;123.5],[-Inf; Inf],[-Inf; Inf],(87.5;143],[-Inf;27.85],[-Inf; Inf],[-Inf;28.5],tested_negative
[-Inf;6.5],(101.5;123.5],[-Inf; Inf],[-Inf; Inf],(87.5;143],(27.85; Inf],[-Inf; Inf],[-Inf;28.5],tested_negative
[-Inf;6.5],(101.5;123.5],[-Inf; Inf],[-Inf; Inf],(143; Inf],(27.85; Inf],[-Inf; Inf],[-Inf;28.5],tested_negative
(6.5; Inf],(123.5;154.5],[-Inf; Inf],[-Inf; Inf],(143; Inf],(27.85; Inf],[-Inf; Inf],(28.5; Inf],tested_positive
[-Inf;6.5],[-Inf;101.5],[-Inf; Inf],[-Inf; Inf],(14.5;87.5],[-Inf;27.85],[-Inf; Inf],[-Inf;28.5],tested_negative
[-Inf;6.5],[-Inf;101.5],[-Inf; Inf],[-Inf; Inf],(14.5;87.5],(27.85; Inf],[-Inf; Inf],[-Inf;28.5],tested_negative
[-Inf;6.5],(154.5; Inf],[-Inf; Inf],[-Inf; Inf],[-Inf;14.5],(27.85; Inf],[-Inf; Inf],(28.5; Inf],tested_positive
[-Inf;6.5],[-Inf;101.5],[-Inf; Inf],[-Inf; Inf],(14.5;87.5],(27.85; Inf],[-Inf; Inf],(28.5; Inf],tested_negative
[-Inf;6.5],(101.5;123.5],[-Inf; Inf],[-Inf; Inf],(14.5;87.5],(27.85; Inf],[-Inf; Inf],[-Inf;28.5],tested_negative
[-Inf;6.5],(101.5;123.5],[-Inf; Inf],[-Inf; Inf],(143; Inf],[-Inf;27.85],[-Inf; Inf],[-Inf;28.5],tested_negative
[-Inf;6.5],[-Inf;101.5],[-Inf; Inf],[-Inf; Inf],(14.5;87.5],[-Inf;27.85],[-Inf; Inf],[-Inf;28.5],tested_negative
[-Inf;6.5],(101.5;123.5],[-Inf; Inf],[-Inf; Inf],(14.5;87.5],[-Inf;27.85],[-Inf; Inf],[-Inf;28.5],tested_negative
[-Inf;6.5],(101.5;123.5],[-Inf; Inf],[-Inf; Inf],[-Inf;14.5],(27.85; Inf],[-Inf; Inf],(28.5; Inf],tested_positive
(6.5; Inf],(101.5;123.5],[-Inf; Inf],[-Inf; Inf],[-Inf;14.5],(27.85; Inf],[-Inf; Inf],(28.5; Inf],tested_positive
[-Inf;6.5],(123.5;154.5],[-Inf; Inf],[-Inf; Inf],(143; Inf],(27.85; Inf],[-Inf; Inf],(28.5; Inf],tested_positive
[-Inf;6.5],[-Inf;101.5],[-Inf; Inf],[-Inf; Inf],(14.5;87.5],(27.85; Inf],[-Inf; Inf],[-Inf;28.5],tested_negative
[-Inf;6.5],[-Inf;101.5],[-Inf; Inf],[-Inf; Inf],(143; Inf],(27.85; Inf],[-Inf; Inf],(28.5; Inf],tested_negative
[-Inf;6.5],(154.5; Inf],[-Inf; Inf],[-Inf; Inf],[-Inf;14.5],(27.85; Inf],[-Inf; Inf],[-Inf;28.5],tested_positive
[-Inf;6.5],(123.5;154.5],[-Inf; Inf],[-Inf; Inf],(143; Inf],[-Inf;27.85],[-Inf; Inf],[-Inf;28.5],tested_negative
[-Inf;6.5],(101.5;123.5],[-Inf; Inf],[-Inf; Inf],(14.5;87.5],[-Inf;27.85],[-Inf; Inf],(28.5; Inf],tested_negative
[-Inf;6.5],(154.5; Inf],[-Inf; Inf],[-Inf; Inf],[-Inf;14.5],(27.85; Inf],[-Inf; Inf],(28.5; Inf],tested_positive
[-Inf;6.5],[-Inf;101.5],[-Inf; Inf],[-Inf; Inf],(87.5;143],[-Inf;27.85],[-Inf; Inf],(28.5; Inf],tested_negative
[-Inf;6.5],(123.5;154.5],[-Inf; Inf],[-Inf; Inf],[-Inf;14.5],(27.85; Inf],[-Inf; Inf],[-Inf;28.5],tested_positive
[-Inf;6.5],[-Inf;101.5],[-Inf; Inf],[-Inf; Inf],[-Inf;14.5],[-Inf;27.85],[-Inf; Inf],[-Inf;28.5],tested_negative
[-Inf;6.5],(154.5; Inf],[-Inf; Inf],[-Inf; Inf],[-Inf;14.5],(27.85; Inf],[-Inf; Inf],[-Inf;28.5],tested_positive
[-Inf;6.5],[-Inf;101.5],[-Inf; Inf],[-Inf; Inf],[-Inf;14.5],(27.85; Inf],[-Inf; Inf],(28.5; Inf],tested_positive
[-Inf;6.5],(123.5;154.5],[-Inf; Inf],[-Inf; Inf],[-Inf;14.5],[-Inf;27.85],[-Inf; Inf],(28.5; Inf],tested_negative
[-Inf;6.5],(123.5;154.5],[-Inf; Inf],[-Inf; Inf],(87.5;143],(27.85; Inf],[-Inf; Inf],(28.5; Inf],tested_positive
(6.5; Inf],[-Inf;101.5],[-Inf; Inf],[-Inf; Inf],[-Inf;14.5],(27.85; Inf],[-Inf; Inf],(28.5; Inf],tested_negative
[-Inf;6.5],(154.5; Inf],[-Inf; Inf],[-Inf; Inf],[-Inf;14.5],(27.85; Inf],[-Inf; Inf],(28.5; Inf],tested_positive
[-Inf;6.5],(101.5;123.5],[-Inf; Inf],[-Inf; Inf],(143; Inf],(27.85; Inf],[-Inf; Inf],[-Inf;28.5],tested_negative
[-Inf;6.5],(101.5;123.5],[-Inf; Inf],[-Inf; Inf],[-Inf;14.5],(27.85; Inf],[-Inf; Inf],(28.5; Inf],tested_positive
[-Inf;6.5],[-Inf;101.5],[-Inf; Inf],[-Inf; Inf],[-Inf;14.5],[-Inf;27.85],[-Inf; Inf],[-Inf;28.5],tested_negative
(6.5; Inf],(154.5; Inf],[-Inf; Inf],[-Inf; Inf],[-Inf;14.5],[-Inf;27.85],[-Inf; Inf],(28.5; Inf],tested_positive
[-Inf;6.5],(154.5; Inf],[-Inf; Inf],[-Inf; Inf],(143; Inf],(27.85; Inf],[-Inf; Inf],[-Inf;28.5],tested_positive
[-Inf;6.5],(101.5;123.5],[-Inf; Inf],[-Inf; Inf],[-Inf;14.5],(27.85; Inf],[-Inf; Inf],[-Inf;28.5],tested_negative
[-Inf;6.5],(101.5;123.5],[-Inf; Inf],[-Inf; Inf],(143; Inf],(27.85; Inf],[-Inf; Inf],[-Inf;28.5],tested_negative
[-Inf;6.5],(123.5;154.5],[-Inf; Inf],[-Inf; Inf],(143; Inf],(27.85; Inf],[-Inf; Inf],[-Inf;28.5],tested_negative
[-Inf;6.5],(123.5;154.5],[-Inf; Inf],[-Inf; Inf],(14.5;87.5],[-Inf;27.85],[-Inf; Inf],[-Inf;28.5],tested_negative
[-Inf;6.5],(123.5;154.5],[-Inf; Inf],[-Inf; Inf],(143; Inf],(27.85; Inf],[-Inf; Inf],[-Inf;28.5],tested_positive
[-Inf;6.5],(154.5; Inf],[-Inf; Inf],[-Inf; Inf],(143; Inf],(27.85; Inf],[-Inf; Inf],[-Inf;28.5],tested_positive
[-Inf;6.5],[-Inf;101.5],[-Inf; Inf],[-Inf; Inf],[-Inf;14.5],[-Inf;27.85],[-Inf; Inf],[-Inf;28.5],tested_negative
[-Inf;6.5],[-Inf;101.5],[-Inf; Inf],[-Inf; Inf],[-Inf;14.5],[-Inf;27.85],[-Inf; Inf],[-Inf;28.5],tested_negative
[-Inf;6.5],(123.5;154.5],[-Inf; Inf],[-Inf; Inf],(87.5;143],[-Inf;27.85],[-Inf; Inf],[-Inf;28.5],tested_positive
[-Inf;6.5],(101.5;123.5],[-Inf; Inf],[-Inf; Inf],(143; Inf],(27.85; Inf],[-Inf; Inf],[-Inf;28.5],tested_negative
[-Inf;6.5],[-Inf;101.5],[-Inf; Inf],[-Inf; Inf],(14.5;87.5],[-Inf;27.85],[-Inf; Inf],[-Inf;28.5],tested_negative
[-Inf;6.5],(101.5;123.5],[-Inf; Inf],[-Inf; Inf],(14.5;87.5],(27.85; Inf],[-Inf; Inf],[-Inf;28.5],tested_negative
[-Inf;6.5],(101.5;123.5],[-Inf; Inf],[-Inf; Inf],[-Inf;14.5],(27.85; Inf],[-Inf; Inf],[-Inf;28.5],tested_negative
(6.5; Inf],(123.5;154.5],[-Inf; Inf],[-Inf; Inf],(143; Inf],(27.85; Inf],[-Inf; Inf],(28.5; Inf],tested_positive
[-Inf;6.5],(154.5; Inf],[-Inf; Inf],[-Inf; Inf],(143; Inf],(27.85; Inf],[-Inf; Inf],(28.5; Inf],tested_positive
[-Inf;6.5],[-Inf;101.5],[-Inf; Inf],[-Inf; Inf],[-Inf;14.5],[-Inf;27.85],[-Inf; Inf],[-Inf;28.5],tested_negative
[-Inf;6.5],(154.5; Inf],[-Inf; Inf],[-Inf; Inf],(143; Inf],(27.85; Inf],[-Inf; Inf],(28.5; Inf],tested_positive
[-Inf;6.5],(123.5;154.5],[-Inf; Inf],[-Inf; Inf],(143; Inf],(27.85; Inf],[-Inf; Inf],[-Inf;28.5],tested_negative
[-Inf;6.5],[-Inf;101.5],[-Inf; Inf],[-Inf; Inf],(143; Inf],(27.85; Inf],[-Inf; Inf],(28.5; Inf],tested_positive
[-Inf;6.5],[-Inf;101.5],[-Inf; Inf],[-Inf; Inf],[-Inf;14.5],[-Inf;27.85],[-Inf; Inf],[-Inf;28.5],tested_negative
[-Inf;6.5],[-Inf;101.5],[-Inf; Inf],[-Inf; Inf],(14.5;87.5],(27.85; Inf],[-Inf; Inf],(28.5; Inf],tested_negative
[-Inf;6.5],[-Inf;101.5],[-Inf; Inf],[-Inf; Inf],(14.5;87.5],(27.85; Inf],[-Inf; Inf],[-Inf;28.5],tested_negative
[-Inf;6.5],(123.5;154.5],[-Inf; Inf],[-Inf; Inf],[-Inf;14.5],[-Inf;27.85],[-Inf; Inf],(28.5; Inf],tested_negative
[-Inf;6.5],[-Inf;101.5],[-Inf; Inf],[-Inf; Inf],[-Inf;14.5],[-Inf;27.85],[-Inf; Inf],(28.5; Inf],tested_negative
[-Inf;6.5],(123.5;154.5],[-Inf; Inf],[-Inf; Inf],[-Inf;14.5],(27.85; Inf],[-Inf; Inf],(28.5; Inf],tested_positive
(6.5; Inf],(123.5;154.5],[-Inf; Inf],[-Inf; Inf],[-Inf;14.5],(27.85; Inf],[-Inf; Inf],(28.5; Inf],tested_negative
[-Inf;6.5],(123.5;154.5],[-Inf; Inf],[-Inf; Inf],[-Inf;14.5],(27.85; Inf],[-Inf; Inf],[-Inf;28.5],tested_negative
[-Inf;6.5],[-Inf;101.5],[-Inf; Inf],[-Inf; Inf],[-Inf;14.5],[-Inf;27.85],[-Inf; Inf],[-Inf;28.5],tested_negative
[-Inf;6.5],(154.5; Inf],[-Inf; Inf],[-Inf; Inf],[-Inf;14.5],(27.85; Inf],[-Inf; Inf],(28.5; Inf],tested_positive
[-Inf;6.5],[-Inf;101.5],[-Inf; Inf],[-Inf; Inf],(14.5;87.5],(27.85; Inf],[-Inf; Inf],[-Inf;28.5],tested_negative
[-Inf;6.5],(101.5;123.5],[-Inf; Inf],[-Inf; Inf],(87.5;143],(27.85; Inf],[-Inf; Inf],[-Inf;28.5],tested_negative
[-Inf;6.5],(101.5;123.5],[-Inf; Inf],[-Inf; Inf],[-Inf;14.5],(27.85; Inf],[-Inf; Inf],(28.5; Inf],tested_positive
[-Inf;6.5],(154.5; Inf],[-Inf; Inf],[-Inf; Inf],[-Inf;14.5],(27.85; Inf],[-Inf; Inf],[-Inf;28.5],tested_positive
[-Inf;6.5],[-Inf;101.5],[-Inf; Inf],[-Inf; Inf],(14.5;87.5],[-Inf;27.85],[-Inf; Inf],[-Inf;28.5],tested_negative
[-Inf;6.5],[-Inf;101.5],[-Inf; Inf],[-Inf; Inf],(87.5;143],(27.85; Inf],[-Inf; Inf],[-Inf;28.5],tested_negative
[-Inf;6.5],(101.5;123.5],[-Inf; Inf],[-Inf; Inf],(14.5;87.5],(27.85; Inf],[-Inf; Inf],[-Inf;28.5],tested_positive
[-Inf;6.5],(101.5;123.5],[-Inf; Inf],[-Inf; Inf],(14.5;87.5],(27.85; Inf],[-Inf; Inf],[-Inf;28.5],tested_negative
[-Inf;6.5],[-Inf;101.5],[-Inf; Inf],[-Inf; Inf],(87.5;143],[-Inf;27.85],[-Inf; Inf],[-Inf;28.5],tested_negative
[-Inf;6.5],(123.5;154.5],[-Inf; Inf],[-Inf; Inf],[-Inf;14.5],(27.85; Inf],[-Inf; Inf],[-Inf;28.5],tested_positive
[-Inf;6.5],[-Inf;101.5],[-Inf; Inf],[-Inf; Inf],(143; Inf],(27.85; Inf],[-Inf; Inf],[-Inf;28.5],tested_negative
[-Inf;6.5],(101.5;123.5],[-Inf; Inf],[-Inf; Inf],[-Inf;14.5],[-Inf;27.85],[-Inf; Inf],(28.5; Inf],tested_negative
[-Inf;6.5],[-Inf;101.5],[-Inf; Inf],[-Inf; Inf],(87.5;143],(27.85; Inf],[-Inf; Inf],[-Inf;28.5],tested_negative
(6.5; Inf],(154.5; Inf],[-Inf; Inf],[-Inf; Inf],[-Inf;14.5],(27.85; Inf],[-Inf; Inf],(28.5; Inf],tested_positive
[-Inf;6.5],(123.5;154.5],[-Inf; Inf],[-Inf; Inf],[-Inf;14.5],[-Inf;27.85],[-Inf; Inf],(28.5; Inf],tested_negative
[-Inf;6.5],[-Inf;101.5],[-Inf; Inf],[-Inf; Inf],(14.5;87.5],(27.85; Inf],[-Inf; Inf],[-Inf;28.5],tested_negative
(6.5; Inf],(123.5;154.5],[-Inf; Inf],[-Inf; Inf],(143; Inf],(27.85; Inf],[-Inf; Inf],(28.5; Inf],tested_positive
(6.5; Inf],(101.5;123.5],[-Inf; Inf],[-Inf; Inf],(14.5;87.5],[-Inf;27.85],[-Inf; Inf],(28.5; Inf],tested_negative
[-Inf;6.5],[-Inf;101.5],[-Inf; Inf],[-Inf; Inf],[-Inf;14.5],[-Inf;27.85],[-Inf; Inf],[-Inf;28.5],tested_negative
(6.5; Inf],[-Inf;101.5],[-Inf; Inf],[-Inf; Inf],(14.5;87.5],(27.85; Inf],[-Inf; Inf],(28.5; Inf],tested_negative
[-Inf;6.5],[-Inf;101.5],[-Inf; Inf],[-Inf; Inf],[-Inf;14.5],[-Inf;27.85],[-Inf; Inf],(28.5; Inf],tested_negative
(6.5; Inf],(101.5;123.5],[-Inf; Inf],[-Inf; Inf],[-Inf;14.5],[-Inf;27.85],[-Inf; Inf],(28.5; Inf],tested_negative
[-Inf;6.5],(123.5;154.5],[-Inf; Inf],[-Inf; Inf],(87.5;143],[-Inf;27.85],[-Inf; Inf],[-Inf;28.5],tested_negative
[-Inf;6.5],[-Inf;101.5],[-Inf; Inf],[-Inf; Inf],(14.5;87.5],[-Inf;27.85],[-Inf; Inf],[-Inf;28.5],tested_negative
[-Inf;6.5],[-Inf;101.5],[-Inf; Inf],[-Inf; Inf],(87.5;143],(27.85; Inf],[-Inf; Inf],[-Inf;28.5],tested_negative
(6.5; Inf],(101.5;123.5],[-Inf; Inf],[-Inf; Inf],[-Inf;14.5],(27.85; Inf],[-Inf; Inf],(28.5; Inf],tested_positive
[-Inf;6.5],(123.5;154.5],[-Inf; Inf],[-Inf; Inf],[-Inf;14.5],(27.85; Inf],[-Inf; Inf],[-Inf;28.5],tested_negative
[-Inf;6.5],(123.5;154.5],[-Inf; Inf],[-Inf; Inf],[-Inf;14.5],(27.85; Inf],[-Inf; Inf],[-Inf;28.5],tested_negative
[-Inf;6.5],(101.5;123.5],[-Inf; Inf],[-Inf; Inf],[-Inf;14.5],(27.85; Inf],[-Inf; Inf],[-Inf;28.5],tested_negative
[-Inf;6.5],(101.5;123.5],[-Inf; Inf],[-Inf; Inf],[-Inf;14.5],(27.85; Inf],[-Inf; Inf],[-Inf;28.5],tested_negative
[-Inf;6.5],(101.5;123.5],[-Inf; Inf],[-Inf; Inf],(143; Inf],(27.85; Inf],[-Inf; Inf],(28.5; Inf],tested_positive
(6.5; Inf],(101.5;123.5],[-Inf; Inf],[-Inf; Inf],(87.5;143],[-Inf;27.85],[-Inf; Inf],(28.5; Inf],tested_negative
(6.5; Inf],(123.5;154.5],[-Inf; Inf],[-Inf; Inf],(14.5;87.5],[-Inf;27.85],[-Inf; Inf],(28.5; Inf],tested_negative
[-Inf;6.5],(123.5;154.5],[-Inf; Inf],[-Inf; Inf],[-Inf;14.5],(27.85; Inf],[-Inf; Inf],(28.5; Inf],tested_negative
[-Inf;6.5],(154.5; Inf],[-Inf; Inf],[-Inf; Inf],(143; Inf],(27.85; Inf],[-Inf; Inf],(28.5; Inf],tested_positive
[-Inf;6.5],(101.5;123.5],[-Inf; Inf],[-Inf; Inf],[-Inf;14.5],(27.85; Inf],[-Inf; Inf],(28.5; Inf],tested_negative
[-Inf;6.5],[-Inf;101.5],[-Inf; Inf],[-Inf; Inf],(14.5;87.5],[-Inf;27.85],[-Inf; Inf],[-Inf;28.5],tested_negative
[-Inf;6.5],[-Inf;101.5],[-Inf; Inf],[-Inf; Inf],(87.5;143],(27.85; Inf],[-Inf; Inf],[-Inf;28.5],tested_negative
[-Inf;6.5],(123.5;154.5],[-Inf; Inf],[-Inf; Inf],[-Inf;14.5],(27.85; Inf],[-Inf; Inf],(28.5; Inf],tested_positive
[-Inf;6.5],(123.5;154.5],[-Inf; Inf],[-Inf; Inf],(143; Inf],(27.85; Inf],[-Inf; Inf],[-Inf;28.5],tested_positive
[-Inf;6.5],(123.5;154.5],[-Inf; Inf],[-Inf; Inf],(143; Inf],(27.85; Inf],[-Inf; Inf],[-Inf;28.5],tested_negative
[-Inf;6.5],(154.5; Inf],[-Inf; Inf],[-Inf; Inf],(143; Inf],(27.85; Inf],[-Inf; Inf],(28.5; Inf],tested_negative
[-Inf;6.5],[-Inf;101.5],[-Inf; Inf],[-Inf; Inf],[-Inf;14.5],[-Inf;27.85],[-Inf; Inf],[-Inf;28.5],tested_negative
(6.5; Inf],(154.5; Inf],[-Inf; Inf],[-Inf; Inf],[-Inf;14.5],[-Inf;27.85],[-Inf; Inf],(28.5; Inf],tested_negative
[-Inf;6.5],[-Inf;101.5],[-Inf; Inf],[-Inf; Inf],(14.5;87.5],(27.85; Inf],[-Inf; Inf],[-Inf;28.5],tested_negative
[-Inf;6.5],[-Inf;101.5],[-Inf; Inf],[-Inf; Inf],[-Inf;14.5],(27.85; Inf],[-Inf; Inf],(28.5; Inf],tested_negative
[-Inf;6.5],[-Inf;101.5],[-Inf; Inf],[-Inf; Inf],[-Inf;14.5],(27.85; Inf],[-Inf; Inf],(28.5; Inf],tested_negative
[-Inf;6.5],(123.5;154.5],[-Inf; Inf],[-Inf; Inf],(87.5;143],(27.85; Inf],[-Inf; Inf],(28.5; Inf],tested_positive
[-Inf;6.5],[-Inf;101.5],[-Inf; Inf],[-Inf; Inf],[-Inf;14.5],[-Inf;27.85],[-Inf; Inf],[-Inf;28.5],tested_negative
[-Inf;6.5],(154.5; Inf],[-Inf; Inf],[-Inf; Inf],[-Inf;14.5],[-Inf;27.85],[-Inf; Inf],(28.5; Inf],tested_negative
[-Inf;6.5],(101.5;123.5],[-Inf; Inf],[-Inf; Inf],[-Inf;14.5],[-Inf;27.85],[-Inf; Inf],(28.5; Inf],tested_negative
[-Inf;6.5],[-Inf;101.5],[-Inf; Inf],[-Inf; Inf],(14.5;87.5],(27.85; Inf],[-Inf; Inf],[-Inf;28.5],tested_negative
(6.5; Inf],(154.5; Inf],[-Inf; Inf],[-Inf; Inf],(143; Inf],[-Inf;27.85],[-Inf; Inf],(28.5; Inf],tested_positive
[-Inf;6.5],(123.5;154.5],[-Inf; Inf],[-Inf; Inf],(143; Inf],(27.85; Inf],[-Inf; Inf],(28.5; Inf],tested_negative
[-Inf;6.5],[-Inf;101.5],[-Inf; Inf],[-Inf; Inf],[-Inf;14.5],(27.85; Inf],[-Inf; Inf],[-Inf;28.5],tested_negative
(6.5; Inf],[-Inf;101.5],[-Inf; Inf],[-Inf; Inf],(14.5;87.5],(27.85; Inf],[-Inf; Inf],(28.5; Inf],tested_negative
[-Inf;6.5],[-Inf;101.5],[-Inf; Inf],[-Inf; Inf],[-Inf;14.5],(27.85; Inf],[-Inf; Inf],(28.5; Inf],tested_negative
(6.5; Inf],[-Inf;101.5],[-Inf; Inf],[-Inf; Inf],[-Inf;14.5],(27.85; Inf],[-Inf; Inf],(28.5; Inf],tested_negative
[-Inf;6.5],(154.5; Inf],[-Inf; Inf],[-Inf; Inf],(87.5;143],(27.85; Inf],[-Inf; Inf],(28.5; Inf],tested_positive
[-Inf;6.5],(123.5;154.5],[-Inf; Inf],[-Inf; Inf],(143; Inf],(27.85; Inf],[-Inf; Inf],[-Inf;28.5],tested_negative
[-Inf;6.5],[-Inf;101.5],[-Inf; Inf],[-Inf; Inf],(14.5;87.5],(27.85; Inf],[-Inf; Inf],[-Inf;28.5],tested_negative
(6.5; Inf],(101.5;123.5],[-Inf; Inf],[-Inf; Inf],[-Inf;14.5],[-Inf;27.85],[-Inf; Inf],(28.5; Inf],tested_negative
(6.5; Inf],[-Inf;101.5],[-Inf; Inf],[-Inf; Inf],[-Inf;14.5],(27.85; Inf],[-Inf; Inf],(28.5; Inf],tested_positive
[-Inf;6.5],(123.5;154.5],[-Inf; Inf],[-Inf; Inf],(143; Inf],[-Inf;27.85],[-Inf; Inf],[-Inf;28.5],tested_negative
(6.5; Inf],[-Inf;101.5],[-Inf; Inf],[-Inf; Inf],[-Inf;14.5],[-Inf;27.85],[-Inf; Inf],(28.5; Inf],tested_negative
[-Inf;6.5],[-Inf;101.5],[-Inf; Inf],[-Inf; Inf],[-Inf;14.5],[-Inf;27.85],[-Inf; Inf],[-Inf;28.5],tested_negative
[-Inf;6.5],[-Inf;101.5],[-Inf; Inf],[-Inf; Inf],(14.5;87.5],[-Inf;27.85],[-Inf; Inf],[-Inf;28.5],tested_negative
[-Inf;6.5],(154.5; Inf],[-Inf; Inf],[-Inf; Inf],(87.5;143],(27.85; Inf],[-Inf; Inf],[-Inf;28.5],tested_positive
(6.5; Inf],(123.5;154.5],[-Inf; Inf],[-Inf; Inf],(143; Inf],(27.85; Inf],[-Inf; Inf],(28.5; Inf],tested_positive
(6.5; Inf],(123.5;154.5],[-Inf; Inf],[-Inf; Inf],[-Inf;14.5],(27.85; Inf],[-Inf; Inf],(28.5; Inf],tested_negative
[-Inf;6.5],(123.5;154.5],[-Inf; Inf],[-Inf; Inf],(143; Inf],[-Inf;27.85],[-Inf; Inf],(28.5; Inf],tested_negative
[-Inf;6.5],[-Inf;101.5],[-Inf; Inf],[-Inf; Inf],(14.5;87.5],[-Inf;27.85],[-Inf; Inf],[-Inf;28.5],tested_negative
[-Inf;6.5],(123.5;154.5],[-Inf; Inf],[-Inf; Inf],(87.5;143],(27.85; Inf],[-Inf; Inf],[-Inf;28.5],tested_negative
[-Inf;6.5],(101.5;123.5],[-Inf; Inf],[-Inf; Inf],[-Inf;14.5],[-Inf;27.85],[-Inf; Inf],[-Inf;28.5],tested_negative
(6.5; Inf],(123.5;154.5],[-Inf; Inf],[-Inf; Inf],[-Inf;14.5],(27.85; Inf],[-Inf; Inf],(28.5; Inf],tested_positive
[-Inf;6.5],[-Inf;101.5],[-Inf; Inf],[-Inf; Inf],[-Inf;14.5],[-Inf;27.85],[-Inf; Inf],[-Inf;28.5],tested_negative
[-Inf;6.5],[-Inf;101.5],[-Inf; Inf],[-Inf; Inf],(14.5;87.5],[-Inf;27.85],[-Inf; Inf],[-Inf;28.5],tested_negative
[-Inf;6.5],(101.5;123.5],[-Inf; Inf],[-Inf; Inf],(87.5;143],[-Inf;27.85],[-Inf; Inf],[-Inf;28.5],tested_negative
[-Inf;6.5],(101.5;123.5],[-Inf; Inf],[-Inf; Inf],(143; Inf],(27.85; Inf],[-Inf; Inf],[-Inf;28.5],tested_negative
[-Inf;6.5],(101.5;123.5],[-Inf; Inf],[-Inf; Inf],[-Inf;14.5],[-Inf;27.85],[-Inf; Inf],(28.5; Inf],tested_negative
[-Inf;6.5],(101.5;123.5],[-Inf; Inf],[-Inf; Inf],(87.5;143],(27.85; Inf],[-Inf; Inf],[-Inf;28.5],tested_negative
[-Inf;6.5],(101.5;123.5],[-Inf; Inf],[-Inf; Inf],[-Inf;14.5],(27.85; Inf],[-Inf; Inf],[-Inf;28.5],tested_negative
[-Inf;6.5],[-Inf;101.5],[-Inf; Inf],[-Inf; Inf],(14.5;87.5],(27.85; Inf],[-Inf; Inf],(28.5; Inf],tested_negative
[-Inf;6.5],[-Inf;101.5],[-Inf; Inf],[-Inf; Inf],[-Inf;14.5],(27.85; Inf],[-Inf; Inf],(28.5; Inf],tested_negative
[-Inf;6.5],[-Inf;101.5],[-Inf; Inf],[-Inf; Inf],(14.5;87.5],(27.85; Inf],[-Inf; Inf],[-Inf;28.5],tested_negative
[-Inf;6.5],(123.5;154.5],[-Inf; Inf],[-Inf; Inf],[-Inf;14.5],(27.85; Inf],[-Inf; Inf],[-Inf;28.5],tested_positive
[-Inf;6.5],(101.5;123.5],[-Inf; Inf],[-Inf; Inf],[-Inf;14.5],(27.85; Inf],[-Inf; Inf],(28.5; Inf],tested_negative
[-Inf;6.5],[-Inf;101.5],[-Inf; Inf],[-Inf; Inf],[-Inf;14.5],[-Inf;27.85],[-Inf; Inf],(28.5; Inf],tested_negative
[-Inf;6.5],(123.5;154.5],[-Inf; Inf],[-Inf; Inf],(143; Inf],(27.85; Inf],[-Inf; Inf],[-Inf;28.5],tested_negative
(6.5; Inf],[-Inf;101.5],[-Inf; Inf],[-Inf; Inf],(143; Inf],(27.85; Inf],[-Inf; Inf],(28.5; Inf],tested_positive
[-Inf;6.5],(123.5;154.5],[-Inf; Inf],[-Inf; Inf],(143; Inf],(27.85; Inf],[-Inf; Inf],[-Inf;28.5],tested_positive
(6.5; Inf],[-Inf;101.5],[-Inf; Inf],[-Inf; Inf],[-Inf;14.5],(27.85; Inf],[-Inf; Inf],(28.5; Inf],tested_positive
[-Inf;6.5],[-Inf;101.5],[-Inf; Inf],[-Inf; Inf],(14.5;87.5],(27.85; Inf],[-Inf; Inf],[-Inf;28.5],tested_negative
[-Inf;6.5],[-Inf;101.5],[-Inf; Inf],[-Inf; Inf],(14.5;87.5],(27.85; Inf],[-Inf; Inf],(28.5; Inf],tested_negative
(6.5; Inf],(154.5; Inf],[-Inf; Inf],[-Inf; Inf],(143; Inf],(27.85; Inf],[-Inf; Inf],(28.5; Inf],tested_positive
[-Inf;6.5],(154.5; Inf],[-Inf; Inf],[-Inf; Inf],(143; Inf],(27.85; Inf],[-Inf; Inf],(28.5; Inf],tested_positive
[-Inf;6.5],(123.5;154.5],[-Inf; Inf],[-Inf; Inf],(143; Inf],(27.85; Inf],[-Inf; Inf],[-Inf;28.5],tested_negative
[-Inf;6.5],(154.5; Inf],[-Inf; Inf],[-Inf; Inf],(14.5;87.5],(27.85; Inf],[-Inf; Inf],(28.5; Inf],tested_negative
[-Inf;6.5],(154.5; Inf],[-Inf; Inf],[-Inf; Inf],[-Inf;14.5],(27.85; Inf],[-Inf; Inf],(28.5; Inf],tested_negative
[-Inf;6.5],(101.5;123.5],[-Inf; Inf],[-Inf; Inf],[-Inf;14.5],[-Inf;27.85],[-Inf; Inf],[-Inf;28.5],tested_negative
[-Inf;6.5],[-Inf;101.5],[-Inf; Inf],[-Inf; Inf],(87.5;143],(27.85; Inf],[-Inf; Inf],[-Inf;28.5],tested_negative
[-Inf;6.5],(101.5;123.5],[-Inf; Inf],[-Inf; Inf],[-Inf;14.5],[-Inf;27.85],[-Inf; Inf],(28.5; Inf],tested_negative
[-Inf;6.5],[-Inf;101.5],[-Inf; Inf],[-Inf; Inf],(14.5;87.5],(27.85; Inf],[-Inf; Inf],[-Inf;28.5],tested_negative
[-Inf;6.5],[-Inf;101.5],[-Inf; Inf],[-Inf; Inf],(87.5;143],(27.85; Inf],[-Inf; Inf],[-Inf;28.5],tested_negative
(6.5; Inf],(123.5;154.5],[-Inf; Inf],[-Inf; Inf],(143; Inf],[-Inf;27.85],[-Inf; Inf],(28.5; Inf],tested_negative
[-Inf;6.5],[-Inf;101.5],[-Inf; Inf],[-Inf; Inf],[-Inf;14.5],(27.85; Inf],[-Inf; Inf],(28.5; Inf],tested_negative
(6.5; Inf],(101.5;123.5],[-Inf; Inf],[-Inf; Inf],[-Inf;14.5],[-Inf;27.85],[-Inf; Inf],(28.5; Inf],tested_negative
(6.5; Inf],(101.5;123.5],[-Inf; Inf],[-Inf; Inf],[-Inf;14.5],(27.85; Inf],[-Inf; Inf],(28.5; Inf],tested_negative
(6.5; Inf],[-Inf;101.5],[-Inf; Inf],[-Inf; Inf],[-Inf;14.5],(27.85; Inf],[-Inf; Inf],(28.5; Inf],tested_negative
[-Inf;6.5],(123.5;154.5],[-Inf; Inf],[-Inf; Inf],[-Inf;14.5],(27.85; Inf],[-Inf; Inf],(28.5; Inf],tested_positive
[-Inf;6.5],(154.5; Inf],[-Inf; Inf],[-Inf; Inf],(143; Inf],(27.85; Inf],[-Inf; Inf],[-Inf;28.5],tested_positive
[-Inf;6.5],[-Inf;101.5],[-Inf; Inf],[-Inf; Inf],(14.5;87.5],[-Inf;27.85],[-Inf; Inf],(28.5; Inf],tested_negative
[-Inf;6.5],[-Inf;101.5],[-Inf; Inf],[-Inf; Inf],[-Inf;14.5],(27.85; Inf],[-Inf; Inf],[-Inf;28.5],tested_negative
[-Inf;6.5],[-Inf;101.5],[-Inf; Inf],[-Inf; Inf],(87.5;143],[-Inf;27.85],[-Inf; Inf],[-Inf;28.5],tested_negative
[-Inf;6.5],[-Inf;101.5],[-Inf; Inf],[-Inf; Inf],(14.5;87.5],(27.85; Inf],[-Inf; Inf],[-Inf;28.5],tested_negative
[-Inf;6.5],[-Inf;101.5],[-Inf; Inf],[-Inf; Inf],(87.5;143],(27.85; Inf],[-Inf; Inf],(28.5; Inf],tested_negative
[-Inf;6.5],(123.5;154.5],[-Inf; Inf],[-Inf; Inf],(87.5;143],(27.85; Inf],[-Inf; Inf],(28.5; Inf],tested_negative
[-Inf;6.5],(101.5;123.5],[-Inf; Inf],[-Inf; Inf],(143; Inf],(27.85; Inf],[-Inf; Inf],(28.5; Inf],tested_positive
[-Inf;6.5],[-Inf;101.5],[-Inf; Inf],[-Inf; Inf],[-Inf;14.5],(27.85; Inf],[-Inf; Inf],(28.5; Inf],tested_negative
[-Inf;6.5],(123.5;154.5],[-Inf; Inf],[-Inf; Inf],[-Inf;14.5],[-Inf;27.85],[-Inf; Inf],[-Inf;28.5],tested_negative
[-Inf;6.5],(101.5;123.5],[-Inf; Inf],[-Inf; Inf],(14.5;87.5],(27.85; Inf],[-Inf; Inf],[-Inf;28.5],tested_negative
[-Inf;6.5],(123.5;154.5],[-Inf; Inf],[-Inf; Inf],(143; Inf],(27.85; Inf],[-Inf; Inf],[-Inf;28.5],tested_negative
[-Inf;6.5],(101.5;123.5],[-Inf; Inf],[-Inf; Inf],(14.5;87.5],(27.85; Inf],[-Inf; Inf],[-Inf;28.5],tested_negative
[-Inf;6.5],(101.5;123.5],[-Inf; Inf],[-Inf; Inf],(87.5;143],[-Inf;27.85],[-Inf; Inf],(28.5; Inf],tested_negative
[-Inf;6.5],(101.5;123.5],[-Inf; Inf],[-Inf; Inf],[-Inf;14.5],(27.85; Inf],[-Inf; Inf],[-Inf;28.5],tested_positive
(6.5; Inf],(123.5;154.5],[-Inf; Inf],[-Inf; Inf],[-Inf;14.5],[-Inf;27.85],[-Inf; Inf],(28.5; Inf],tested_negative
[-Inf;6.5],(154.5; Inf],[-Inf; Inf],[-Inf; Inf],[-Inf;14.5],(27.85; Inf],[-Inf; Inf],(28.5; Inf],tested_positive
[-Inf;6.5],(123.5;154.5],[-Inf; Inf],[-Inf; Inf],[-Inf;14.5],(27.85; Inf],[-Inf; Inf],[-Inf;28.5],tested_positive
[-Inf;6.5],(101.5;123.5],[-Inf; Inf],[-Inf; Inf],[-Inf;14.5],[-Inf;27.85],[-Inf; Inf],[-Inf;28.5],tested_negative
(6.5; Inf],(101.5;123.5],[-Inf; Inf],[-Inf; Inf],[-Inf;14.5],[-Inf;27.85],[-Inf; Inf],(28.5; Inf],tested_negative
(6.5; Inf],[-Inf;101.5],[-Inf; Inf],[-Inf; Inf],[-Inf;14.5],(27.85; Inf],[-Inf; Inf],(28.5; Inf],tested_negative
(6.5; Inf],(123.5;154.5],[-Inf; Inf],[-Inf; Inf],(143; Inf],(27.85; Inf],[-Inf; Inf],(28.5; Inf],tested_positive
[-Inf;6.5],[-Inf;101.5],[-Inf; Inf],[-Inf; Inf],[-Inf;14.5],[-Inf;27.85],[-Inf; Inf],[-Inf;28.5],tested_negative
(6.5; Inf],(123.5;154.5],[-Inf; Inf],[-Inf; Inf],[-Inf;14.5],(27.85; Inf],[-Inf; Inf],(28.5; Inf],tested_positive
[-Inf;6.5],(101.5;123.5],[-Inf; Inf],[-Inf; Inf],[-Inf;14.5],[-Inf;27.85],[-Inf; Inf],(28.5; Inf],tested_negative
[-Inf;6.5],(154.5; Inf],[-Inf; Inf],[-Inf; Inf],(143; Inf],(27.85; Inf],[-Inf; Inf],(28.5; Inf],tested_positive
[-Inf;6.5],[-Inf;101.5],[-Inf; Inf],[-Inf; Inf],[-Inf;14.5],[-Inf;27.85],[-Inf; Inf],[-Inf;28.5],tested_negative
(6.5; Inf],(101.5;123.5],[-Inf; Inf],[-Inf; Inf],[-Inf;14.5],(27.85; Inf],[-Inf; Inf],(28.5; Inf],tested_positive
[-Inf;6.5],(101.5;123.5],[-Inf; Inf],[-Inf; Inf],(87.5;143],(27.85; Inf],[-Inf; Inf],[-Inf;28.5],tested_negative
[-Inf;6.5],(123.5;154.5],[-Inf; Inf],[-Inf; Inf],[-Inf;14.5],(27.85; Inf],[-Inf; Inf],(28.5; Inf],tested_positive
[-Inf;6.5],[-Inf;101.5],[-Inf; Inf],[-Inf; Inf],(87.5;143],(27.85; Inf],[-Inf; Inf],[-Inf;28.5],tested_negative
[-Inf;6.5],(101.5;123.5],[-Inf; Inf],[-Inf; Inf],(143; Inf],(27.85; Inf],[-Inf; Inf],(28.5; Inf],tested_negative
[-Inf;6.5],(154.5; Inf],[-Inf; Inf],[-Inf; Inf],(143; Inf],(27.85; Inf],[-Inf; Inf],[-Inf;28.5],tested_positive
[-Inf;6.5],[-Inf;101.5],[-Inf; Inf],[-Inf; Inf],[-Inf;14.5],(27.85; Inf],[-Inf; Inf],(28.5; Inf],tested_negative
[-Inf;6.5],[-Inf;101.5],[-Inf; Inf],[-Inf; Inf],(14.5;87.5],[-Inf;27.85],[-Inf; Inf],[-Inf;28.5],tested_negative
[-Inf;6.5],(154.5; Inf],[-Inf; Inf],[-Inf; Inf],[-Inf;14.5],(27.85; Inf],[-Inf; Inf],(28.5; Inf],tested_positive
[-Inf;6.5],(101.5;123.5],[-Inf; Inf],[-Inf; Inf],[-Inf;14.5],[-Inf;27.85],[-Inf; Inf],[-Inf;28.5],tested_negative
[-Inf;6.5],[-Inf;101.5],[-Inf; Inf],[-Inf; Inf],[-Inf;14.5],[-Inf;27.85],[-Inf; Inf],[-Inf;28.5],tested_negative
[-Inf;6.5],(123.5;154.5],[-Inf; Inf],[-Inf; Inf],[-Inf;14.5],[-Inf;27.85],[-Inf; Inf],(28.5; Inf],tested_negative
(6.5; Inf],(123.5;154.5],[-Inf; Inf],[-Inf; Inf],(87.5;143],(27.85; Inf],[-Inf; Inf],(28.5; Inf],tested_positive
[-Inf;6.5],(154.5; Inf],[-Inf; Inf],[-Inf; Inf],[-Inf;14.5],(27.85; Inf],[-Inf; Inf],(28.5; Inf],tested_positive
[-Inf;6.5],(123.5;154.5],[-Inf; Inf],[-Inf; Inf],[-Inf;14.5],(27.85; Inf],[-Inf; Inf],[-Inf;28.5],tested_negative
[-Inf;6.5],(154.5; Inf],[-Inf; Inf],[-Inf; Inf],(143; Inf],(27.85; Inf],[-Inf; Inf],[-Inf;28.5],tested_positive
[-Inf;6.5],[-Inf;101.5],[-Inf; Inf],[-Inf; Inf],(14.5;87.5],[-Inf;27.85],[-Inf; Inf],[-Inf;28.5],tested_negative
[-Inf;6.5],(123.5;154.5],[-Inf; Inf],[-Inf; Inf],(143; Inf],(27.85; Inf],[-Inf; Inf],[-Inf;28.5],tested_negative
[-Inf;6.5],(101.5;123.5],[-Inf; Inf],[-Inf; Inf],(143; Inf],[-Inf;27.85],[-Inf; Inf],[-Inf;28.5],tested_negative
[-Inf;6.5],(101.5;123.5],[-Inf; Inf],[-Inf; Inf],(143; Inf],(27.85; Inf],[-Inf; Inf],[-Inf;28.5],tested_negative
[-Inf;6.5],(154.5; Inf],[-Inf; Inf],[-Inf; Inf],(143; Inf],(27.85; Inf],[-Inf; Inf],(28.5; Inf],tested_positive
[-Inf;6.5],(101.5;123.5],[-Inf; Inf],[-Inf; Inf],[-Inf;14.5],(27.85; Inf],[-Inf; Inf],[-Inf;28.5],tested_negative
(6.5; Inf],(123.5;154.5],[-Inf; Inf],[-Inf; Inf],(143; Inf],(27.85; Inf],[-Inf; Inf],(28.5; Inf],tested_positive
[-Inf;6.5],(101.5;123.5],[-Inf; Inf],[-Inf; Inf],[-Inf;14.5],[-Inf;27.85],[-Inf; Inf],[-Inf;28.5],tested_negative
[-Inf;6.5],(101.5;123.5],[-Inf; Inf],[-Inf; Inf],[-Inf;14.5],(27.85; Inf],[-Inf; Inf],(28.5; Inf],tested_negative
[-Inf;6.5],[-Inf;101.5],[-Inf; Inf],[-Inf; Inf],(14.5;87.5],[-Inf;27.85],[-Inf; Inf],[-Inf;28.5],tested_negative
(6.5; Inf],(101.5;123.5],[-Inf; Inf],[-Inf; Inf],[-Inf;14.5],(27.85; Inf],[-Inf; Inf],(28.5; Inf],tested_positive
[-Inf;6.5],(101.5;123.5],[-Inf; Inf],[-Inf; Inf],[-Inf;14.5],(27.85; Inf],[-Inf; Inf],[-Inf;28.5],tested_positive
[-Inf;6.5],(101.5;123.5],[-Inf; Inf],[-Inf; Inf],(143; Inf],(27.85; Inf],[-Inf; Inf],[-Inf;28.5],tested_negative
[-Inf;6.5],[-Inf;101.5],[-Inf; Inf],[-Inf; Inf],[-Inf;14.5],[-Inf;27.85],[-Inf; Inf],[-Inf;28.5],tested_negative
[-Inf;6.5],[-Inf;101.5],[-Inf; Inf],[-Inf; Inf],(87.5;143],(27.85; Inf],[-Inf; Inf],[-Inf;28.5],tested_negative
[-Inf;6.5],(101.5;123.5],[-Inf; Inf],[-Inf; Inf],[-Inf;14.5],(27.85; Inf],[-Inf; Inf],[-Inf;28.5],tested_negative
[-Inf;6.5],[-Inf;101.5],[-Inf; Inf],[-Inf; Inf],(14.5;87.5],(27.85; Inf],[-Inf; Inf],(28.5; Inf],tested_negative
[-Inf;6.5],(123.5;154.5],[-Inf; Inf],[-Inf; Inf],[-Inf;14.5],[-Inf;27.85],[-Inf; Inf],[-Inf;28.5],tested_negative
[-Inf;6.5],(101.5;123.5],[-Inf; Inf],[-Inf; Inf],(87.5;143],(27.85; Inf],[-Inf; Inf],[-Inf;28.5],tested_negative
[-Inf;6.5],(101.5;123.5],[-Inf; Inf],[-Inf; Inf],[-Inf;14.5],[-Inf;27.85],[-Inf; Inf],[-Inf;28.5],tested_negative
[-Inf;6.5],(123.5;154.5],[-Inf; Inf],[-Inf; Inf],(143; Inf],[-Inf;27.85],[-Inf; Inf],[-Inf;28.5],tested_negative
(6.5; Inf],[-Inf;101.5],[-Inf; Inf],[-Inf; Inf],[-Inf;14.5],[-Inf;27.85],[-Inf; Inf],(28.5; Inf],tested_negative
(6.5; Inf],(101.5;123.5],[-Inf; Inf],[-Inf; Inf],[-Inf;14.5],(27.85; Inf],[-Inf; Inf],(28.5; Inf],tested_positive
[-Inf;6.5],(101.5;123.5],[-Inf; Inf],[-Inf; Inf],[-Inf;14.5],(27.85; Inf],[-Inf; Inf],(28.5; Inf],tested_negative
[-Inf;6.5],[-Inf;101.5],[-Inf; Inf],[-Inf; Inf],(14.5;87.5],(27.85; Inf],[-Inf; Inf],[-Inf;28.5],tested_negative
(6.5; Inf],[-Inf;101.5],[-Inf; Inf],[-Inf; Inf],(87.5;143],(27.85; Inf],[-Inf; Inf],(28.5; Inf],tested_positive
[-Inf;6.5],[-Inf;101.5],[-Inf; Inf],[-Inf; Inf],(14.5;87.5],[-Inf;27.85],[-Inf; Inf],[-Inf;28.5],tested_negative
[-Inf;6.5],(101.5;123.5],[-Inf; Inf],[-Inf; Inf],(87.5;143],(27.85; Inf],[-Inf; Inf],[-Inf;28.5],tested_negative
[-Inf;6.5],(123.5;154.5],[-Inf; Inf],[-Inf; Inf],[-Inf;14.5],(27.85; Inf],[-Inf; Inf],[-Inf;28.5],tested_negative
[-Inf;6.5],(123.5;154.5],[-Inf; Inf],[-Inf; Inf],[-Inf;14.5],(27.85; Inf],[-Inf; Inf],(28.5; Inf],tested_positive
[-Inf;6.5],[-Inf;101.5],[-Inf; Inf],[-Inf; Inf],[-Inf;14.5],(27.85; Inf],[-Inf; Inf],(28.5; Inf],tested_negative
[-Inf;6.5],(101.5;123.5],[-Inf; Inf],[-Inf; Inf],(143; Inf],[-Inf;27.85],[-Inf; Inf],[-Inf;28.5],tested_negative
[-Inf;6.5],(154.5; Inf],[-Inf; Inf],[-Inf; Inf],(143; Inf],(27.85; Inf],[-Inf; Inf],(28.5; Inf],tested_negative
[-Inf;6.5],(154.5; Inf],[-Inf; Inf],[-Inf; Inf],(143; Inf],[-Inf;27.85],[-Inf; Inf],(28.5; Inf],tested_positive
[-Inf;6.5],(154.5; Inf],[-Inf; Inf],[-Inf; Inf],(143; Inf],(27.85; Inf],[-Inf; Inf],[-Inf;28.5],tested_positive
(6.5; Inf],(123.5;154.5],[-Inf; Inf],[-Inf; Inf],(87.5;143],(27.85; Inf],[-Inf; Inf],(28.5; Inf],tested_positive
[-Inf;6.5],(101.5;123.5],[-Inf; Inf],[-Inf; Inf],[-Inf;14.5],[-Inf;27.85],[-Inf; Inf],[-Inf;28.5],tested_negative
[-Inf;6.5],[-Inf;101.5],[-Inf; Inf],[-Inf; Inf],(87.5;143],[-Inf;27.85],[-Inf; Inf],[-Inf;28.5],tested_negative
[-Inf;6.5],(101.5;123.5],[-Inf; Inf],[-Inf; Inf],(87.5;143],(27.85; Inf],[-Inf; Inf],[-Inf;28.5],tested_negative
[-Inf;6.5],(101.5;123.5],[-Inf; Inf],[-Inf; Inf],(14.5;87.5],(27.85; Inf],[-Inf; Inf],[-Inf;28.5],tested_negative
[-Inf;6.5],(101.5;123.5],[-Inf; Inf],[-Inf; Inf],(87.5;143],(27.85; Inf],[-Inf; Inf],[-Inf;28.5],tested_negative
[-Inf;6.5],(154.5; Inf],[-Inf; Inf],[-Inf; Inf],(143; Inf],(27.85; Inf],[-Inf; Inf],[-Inf;28.5],tested_positive
[-Inf;6.5],(101.5;123.5],[-Inf; Inf],[-Inf; Inf],(143; Inf],(27.85; Inf],[-Inf; Inf],(28.5; Inf],tested_negative
(6.5; Inf],(123.5;154.5],[-Inf; Inf],[-Inf; Inf],[-Inf;14.5],(27.85; Inf],[-Inf; Inf],(28.5; Inf],tested_negative
[-Inf;6.5],[-Inf;101.5],[-Inf; Inf],[-Inf; Inf],(14.5;87.5],(27.85; Inf],[-Inf; Inf],[-Inf;28.5],tested_positive
(6.5; Inf],(154.5; Inf],[-Inf; Inf],[-Inf; Inf],[-Inf;14.5],[-Inf;27.85],[-Inf; Inf],(28.5; Inf],tested_negative
(6.5; Inf],(154.5; Inf],[-Inf; Inf],[-Inf; Inf],(143; Inf],(27.85; Inf],[-Inf; Inf],(28.5; Inf],tested_positive
(6.5; Inf],(123.5;154.5],[-Inf; Inf],[-Inf; Inf],(87.5;143],(27.85; Inf],[-Inf; Inf],(28.5; Inf],tested_positive
[-Inf;6.5],(101.5;123.5],[-Inf; Inf],[-Inf; Inf],[-Inf;14.5],(27.85; Inf],[-Inf; Inf],(28.5; Inf],tested_positive
[-Inf;6.5],(101.5;123.5],[-Inf; Inf],[-Inf; Inf],(87.5;143],(27.85; Inf],[-Inf; Inf],[-Inf;28.5],tested_negative
(6.5; Inf],(101.5;123.5],[-Inf; Inf],[-Inf; Inf],[-Inf;14.5],[-Inf;27.85],[-Inf; Inf],(28.5; Inf],tested_positive
[-Inf;6.5],[-Inf;101.5],[-Inf; Inf],[-Inf; Inf],(143; Inf],(27.85; Inf],[-Inf; Inf],(28.5; Inf],tested_negative
(6.5; Inf],(123.5;154.5],[-Inf; Inf],[-Inf; Inf],(87.5;143],(27.85; Inf],[-Inf; Inf],(28.5; Inf],tested_negative
[-Inf;6.5],(154.5; Inf],[-Inf; Inf],[-Inf; Inf],(143; Inf],(27.85; Inf],[-Inf; Inf],(28.5; Inf],tested_negative
[-Inf;6.5],[-Inf;101.5],[-Inf; Inf],[-Inf; Inf],[-Inf;14.5],[-Inf;27.85],[-Inf; Inf],[-Inf;28.5],tested_negative
(6.5; Inf],[-Inf;101.5],[-Inf; Inf],[-Inf; Inf],(14.5;87.5],(27.85; Inf],[-Inf; Inf],(28.5; Inf],tested_negative
[-Inf;6.5],(101.5;123.5],[-Inf; Inf],[-Inf; Inf],(143; Inf],(27.85; Inf],[-Inf; Inf],[-Inf;28.5],tested_negative
(6.5; Inf],[-Inf;101.5],[-Inf; Inf],[-Inf; Inf],[-Inf;14.5],(27.85; Inf],[-Inf; Inf],(28.5; Inf],tested_negative
(6.5; Inf],(154.5; Inf],[-Inf; Inf],[-Inf; Inf],[-Inf;14.5],[-Inf;27.85],[-Inf; Inf],(28.5; Inf],tested_positive
[-Inf;6.5],[-Inf;101.5],[-Inf; Inf],[-Inf; Inf],[-Inf;14.5],(27.85; Inf],[-Inf; Inf],[-Inf;28.5],tested_negative
[-Inf;6.5],(101.5;123.5],[-Inf; Inf],[-Inf; Inf],[-Inf;14.5],(27.85; Inf],[-Inf; Inf],[-Inf;28.5],tested_positive
[-Inf;6.5],[-Inf;101.5],[-Inf; Inf],[-Inf; Inf],(143; Inf],[-Inf;27.85],[-Inf; Inf],[-Inf;28.5],tested_negative
[-Inf;6.5],[-Inf;101.5],[-Inf; Inf],[-Inf; Inf],(14.5;87.5],[-Inf;27.85],[-Inf; Inf],[-Inf;28.5],tested_negative
[-Inf;6.5],(154.5; Inf],[-Inf; Inf],[-Inf; Inf],[-Inf;14.5],(27.85; Inf],[-Inf; Inf],[-Inf;28.5],tested_positive
[-Inf;6.5],[-Inf;101.5],[-Inf; Inf],[-Inf; Inf],(87.5;143],(27.85; Inf],[-Inf; Inf],[-Inf;28.5],tested_negative
[-Inf;6.5],(123.5;154.5],[-Inf; Inf],[-Inf; Inf],[-Inf;14.5],(27.85; Inf],[-Inf; Inf],[-Inf;28.5],tested_positive
[-Inf;6.5],(123.5;154.5],[-Inf; Inf],[-Inf; Inf],[-Inf;14.5],[-Inf;27.85],[-Inf; Inf],(28.5; Inf],tested_negative
[-Inf;6.5],(123.5;154.5],[-Inf; Inf],[-Inf; Inf],(143; Inf],(27.85; Inf],[-Inf; Inf],[-Inf;28.5],tested_negative
[-Inf;6.5],(123.5;154.5],[-Inf; Inf],[-Inf; Inf],[-Inf;14.5],[-Inf;27.85],[-Inf; Inf],[-Inf;28.5],tested_negative
[-Inf;6.5],(101.5;123.5],[-Inf; Inf],[-Inf; Inf],[-Inf;14.5],(27.85; Inf],[-Inf; Inf],(28.5; Inf],tested_negative
[-Inf;6.5],(123.5;154.5],[-Inf; Inf],[-Inf; Inf],(143; Inf],[-Inf;27.85],[-Inf; Inf],[-Inf;28.5],tested_negative
[-Inf;6.5],(123.5;154.5],[-Inf; Inf],[-Inf; Inf],(143; Inf],(27.85; Inf],[-Inf; Inf],(28.5; Inf],tested_positive
(6.5; Inf],(154.5; Inf],[-Inf; Inf],[-Inf; Inf],[-Inf;14.5],(27.85; Inf],[-Inf; Inf],(28.5; Inf],tested_positive
[-Inf;6.5],(101.5;123.5],[-Inf; Inf],[-Inf; Inf],(87.5;143],(27.85; Inf],[-Inf; Inf],[-Inf;28.5],tested_negative
(6.5; Inf],(123.5;154.5],[-Inf; Inf],[-Inf; Inf],(87.5;143],(27.85; Inf],[-Inf; Inf],(28.5; Inf],tested_positive
[-Inf;6.5],[-Inf;101.5],[-Inf; Inf],[-Inf; Inf],[-Inf;14.5],[-Inf;27.85],[-Inf; Inf],[-Inf;28.5],tested_negative
(6.5; Inf],(123.5;154.5],[-Inf; Inf],[-Inf; Inf],(143; Inf],(27.85; Inf],[-Inf; Inf],(28.5; Inf],tested_positive
[-Inf;6.5],[-Inf;101.5],[-Inf; Inf],[-Inf; Inf],[-Inf;14.5],[-Inf;27.85],[-Inf; Inf],[-Inf;28.5],tested_negative
[-Inf;6.5],(101.5;123.5],[-Inf; Inf],[-Inf; Inf],(143; Inf],(27.85; Inf],[-Inf; Inf],[-Inf;28.5],tested_negative
[-Inf;6.5],(123.5;154.5],[-Inf; Inf],[-Inf; Inf],[-Inf;14.5],[-Inf;27.85],[-Inf; Inf],(28.5; Inf],tested_positive
[-Inf;6.5],(123.5;154.5],[-Inf; Inf],[-Inf; Inf],[-Inf;14.5],(27.85; Inf],[-Inf; Inf],(28.5; Inf],tested_negative
[-Inf;6.5],(101.5;123.5],[-Inf; Inf],[-Inf; Inf],(87.5;143],(27.85; Inf],[-Inf; Inf],[-Inf;28.5],tested_negative
[-Inf;6.5],[-Inf;101.5],[-Inf; Inf],[-Inf; Inf],[-Inf;14.5],(27.85; Inf],[-Inf; Inf],[-Inf;28.5],tested_negative
(6.5; Inf],(101.5;123.5],[-Inf; Inf],[-Inf; Inf],[-Inf;14.5],[-Inf;27.85],[-Inf; Inf],(28.5; Inf],tested_positive
(6.5; Inf],(154.5; Inf],[-Inf; Inf],[-Inf; Inf],[-Inf;14.5],(27.85; Inf],[-Inf; Inf],(28.5; Inf],tested_positive
[-Inf;6.5],[-Inf;101.5],[-Inf; Inf],[-Inf; Inf],(143; Inf],(27.85; Inf],[-Inf; Inf],[-Inf;28.5],tested_positive
[-Inf;6.5],(154.5; Inf],[-Inf; Inf],[-Inf; Inf],(143; Inf],(27.85; Inf],[-Inf; Inf],[-Inf;28.5],tested_negative
[-Inf;6.5],(123.5;154.5],[-Inf; Inf],[-Inf; Inf],(14.5;87.5],(27.85; Inf],[-Inf; Inf],(28.5; Inf],tested_negative
(6.5; Inf],(123.5;154.5],[-Inf; Inf],[-Inf; Inf],[-Inf;14.5],(27.85; Inf],[-Inf; Inf],(28.5; Inf],tested_positive
[-Inf;6.5],(123.5;154.5],[-Inf; Inf],[-Inf; Inf],(143; Inf],[-Inf;27.85],[-Inf; Inf],[-Inf;28.5],tested_negative
[-Inf;6.5],(101.5;123.5],[-Inf; Inf],[-Inf; Inf],[-Inf;14.5],(27.85; Inf],[-Inf; Inf],(28.5; Inf],tested_negative
(6.5; Inf],(154.5; Inf],[-Inf; Inf],[-Inf; Inf],(143; Inf],(27.85; Inf],[-Inf; Inf],(28.5; Inf],tested_positive
[-Inf;6.5],(154.5; Inf],[-Inf; Inf],[-Inf; Inf],(143; Inf],(27.85; Inf],[-Inf; Inf],(28.5; Inf],tested_positive
(6.5; Inf],[-Inf;101.5],[-Inf; Inf],[-Inf; Inf],[-Inf;14.5],[-Inf;27.85],[-Inf; Inf],(28.5; Inf],tested_negative
[-Inf;6.5],(101.5;123.5],[-Inf; Inf],[-Inf; Inf],(143; Inf],(27.85; Inf],[-Inf; Inf],[-Inf;28.5],tested_negative
[-Inf;6.5],[-Inf;101.5],[-Inf; Inf],[-Inf; Inf],[-Inf;14.5],(27.85; Inf],[-Inf; Inf],(28.5; Inf],tested_positive
[-Inf;6.5],[-Inf;101.5],[-Inf; Inf],[-Inf; Inf],[-Inf;14.5],(27.85; Inf],[-Inf; Inf],(28.5; Inf],tested_negative
[-Inf;6.5],(101.5;123.5],[-Inf; Inf],[-Inf; Inf],(143; Inf],(27.85; Inf],[-Inf; Inf],[-Inf;28.5],tested_negative
[-Inf;6.5],(101.5;123.5],[-Inf; Inf],[-Inf; Inf],(87.5;143],(27.85; Inf],[-Inf; Inf],(28.5; Inf],tested_negative
[-Inf;6.5],(101.5;123.5],[-Inf; Inf],[-Inf; Inf],[-Inf;14.5],(27.85; Inf],[-Inf; Inf],(28.5; Inf],tested_negative
[-Inf;6.5],(101.5;123.5],[-Inf; Inf],[-Inf; Inf],(143; Inf],(27.85; Inf],[-Inf; Inf],[-Inf;28.5],tested_negative
[-Inf;6.5],(123.5;154.5],[-Inf; Inf],[-Inf; Inf],[-Inf;14.5],(27.85; Inf],[-Inf; Inf],[-Inf;28.5],tested_negative
[-Inf;6.5],(154.5; Inf],[-Inf; Inf],[-Inf; Inf],[-Inf;14.5],[-Inf;27.85],[-Inf; Inf],[-Inf;28.5],tested_negative
[-Inf;6.5],[-Inf;101.5],[-Inf; Inf],[-Inf; Inf],[-Inf;14.5],(27.85; Inf],[-Inf; Inf],[-Inf;28.5],tested_negative
[-Inf;6.5],(123.5;154.5],[-Inf; Inf],[-Inf; Inf],(14.5;87.5],(27.85; Inf],[-Inf; Inf],(28.5; Inf],tested_positive
(6.5; Inf],(101.5;123.5],[-Inf; Inf],[-Inf; Inf],[-Inf;14.5],(27.85; Inf],[-Inf; Inf],[-Inf;28.5],tested_positive
[-Inf;6.5],(154.5; Inf],[-Inf; Inf],[-Inf; Inf],(87.5;143],(27.85; Inf],[-Inf; Inf],[-Inf;28.5],tested_positive
[-Inf;6.5],(101.5;123.5],[-Inf; Inf],[-Inf; Inf],(143; Inf],(27.85; Inf],[-Inf; Inf],[-Inf;28.5],tested_negative
[-Inf;6.5],(101.5;123.5],[-Inf; Inf],[-Inf; Inf],[-Inf;14.5],[-Inf;27.85],[-Inf; Inf],(28.5; Inf],tested_negative
[-Inf;6.5],[-Inf;101.5],[-Inf; Inf],[-Inf; Inf],[-Inf;14.5],(27.85; Inf],[-Inf; Inf],[-Inf;28.5],tested_negative
[-Inf;6.5],(123.5;154.5],[-Inf; Inf],[-Inf; Inf],(87.5;143],[-Inf;27.85],[-Inf; Inf],[-Inf;28.5],tested_negative
(6.5; Inf],[-Inf;101.5],[-Inf; Inf],[-Inf; Inf],[-Inf;14.5],(27.85; Inf],[-Inf; Inf],(28.5; Inf],tested_negative
[-Inf;6.5],[-Inf;101.5],[-Inf; Inf],[-Inf; Inf],(143; Inf],(27.85; Inf],[-Inf; Inf],[-Inf;28.5],tested_negative
[-Inf;6.5],(101.5;123.5],[-Inf; Inf],[-Inf; Inf],[-Inf;14.5],(27.85; Inf],[-Inf; Inf],(28.5; Inf],tested_positive
(6.5; Inf],(101.5;123.5],[-Inf; Inf],[-Inf; Inf],(143; Inf],(27.85; Inf],[-Inf; Inf],(28.5; Inf],tested_positive
[-Inf;6.5],(101.5;123.5],[-Inf; Inf],[-Inf; Inf],(87.5;143],(27.85; Inf],[-Inf; Inf],[-Inf;28.5],tested_negative
(6.5; Inf],(123.5;154.5],[-Inf; Inf],[-Inf; Inf],[-Inf;14.5],(27.85; Inf],[-Inf; Inf],(28.5; Inf],tested_positive
(6.5; Inf],(123.5;154.5],[-Inf; Inf],[-Inf; Inf],(87.5;143],(27.85; Inf],[-Inf; Inf],(28.5; Inf],tested_negative
[-Inf;6.5],(123.5;154.5],[-Inf; Inf],[-Inf; Inf],[-Inf;14.5],(27.85; Inf],[-Inf; Inf],[-Inf;28.5],tested_positive
[-Inf;6.5],[-Inf;101.5],[-Inf; Inf],[-Inf; Inf],(14.5;87.5],(27.85; Inf],[-Inf; Inf],(28.5; Inf],tested_negative
[-Inf;6.5],(154.5; Inf],[-Inf; Inf],[-Inf; Inf],(143; Inf],(27.85; Inf],[-Inf; Inf],(28.5; Inf],tested_positive
[-Inf;6.5],(154.5; Inf],[-Inf; Inf],[-Inf; Inf],[-Inf;14.5],[-Inf;27.85],[-Inf; Inf],(28.5; Inf],tested_positive
[-Inf;6.5],(123.5;154.5],[-Inf; Inf],[-Inf; Inf],[-Inf;14.5],(27.85; Inf],[-Inf; Inf],[-Inf;28.5],tested_positive
[-Inf;6.5],(101.5;123.5],[-Inf; Inf],[-Inf; Inf],[-Inf;14.5],[-Inf;27.85],[-Inf; Inf],[-Inf;28.5],tested_negative
[-Inf;6.5],(154.5; Inf],[-Inf; Inf],[-Inf; Inf],(143; Inf],(27.85; Inf],[-Inf; Inf],[-Inf;28.5],tested_positive
(6.5; Inf],(123.5;154.5],[-Inf; Inf],[-Inf; Inf],[-Inf;14.5],(27.85; Inf],[-Inf; Inf],(28.5; Inf],tested_positive
[-Inf;6.5],(123.5;154.5],[-Inf; Inf],[-Inf; Inf],(87.5;143],(27.85; Inf],[-Inf; Inf],(28.5; Inf],tested_positive
(6.5; Inf],(123.5;154.5],[-Inf; Inf],[-Inf; Inf],[-Inf;14.5],(27.85; Inf],[-Inf; Inf],(28.5; Inf],tested_negative
[-Inf;6.5],(101.5;123.5],[-Inf; Inf],[-Inf; Inf],[-Inf;14.5],(27.85; Inf],[-Inf; Inf],(28.5; Inf],tested_positive
[-Inf;6.5],(101.5;123.5],[-Inf; Inf],[-Inf; Inf],[-Inf;14.5],(27.85; Inf],[-Inf; Inf],[-Inf;28.5],tested_negative
[-Inf;6.5],(154.5; Inf],[-Inf; Inf],[-Inf; Inf],[-Inf;14.5],(27.85; Inf],[-Inf; Inf],(28.5; Inf],tested_positive
[-Inf;6.5],[-Inf;101.5],[-Inf; Inf],[-Inf; Inf],(14.5;87.5],(27.85; Inf],[-Inf; Inf],[-Inf;28.5],tested_negative
(6.5; Inf],(154.5; Inf],[-Inf; Inf],[-Inf; Inf],[-Inf;14.5],(27.85; Inf],[-Inf; Inf],(28.5; Inf],tested_positive
(6.5; Inf],[-Inf;101.5],[-Inf; Inf],[-Inf; Inf],[-Inf;14.5],[-Inf;27.85],[-Inf; Inf],(28.5; Inf],tested_negative
(6.5; Inf],[-Inf;101.5],[-Inf; Inf],[-Inf; Inf],(143; Inf],(27.85; Inf],[-Inf; Inf],(28.5; Inf],tested_negative
[-Inf;6.5],(101.5;123.5],[-Inf; Inf],[-Inf; Inf],[-Inf;14.5],(27.85; Inf],[-Inf; Inf],[-Inf;28.5],tested_negative
[-Inf;6.5],(101.5;123.5],[-Inf; Inf],[-Inf; Inf],(87.5;143],[-Inf;27.85],[-Inf; Inf],(28.5; Inf],tested_negative
[-Inf;6.5],(123.5;154.5],[-Inf; Inf],[-Inf; Inf],[-Inf;14.5],(27.85; Inf],[-Inf; Inf],(28.5; Inf],tested_positive
[-Inf;6.5],[-Inf;101.5],[-Inf; Inf],[-Inf; Inf],[-Inf;14.5],(27.85; Inf],[-Inf; Inf],[-Inf;28.5],tested_negative
