preg,plas,pres,skin,insu,mass,pedi,age,class
[-Inf;6.5],(127.5;159.5],[-Inf; Inf],[-Inf; Inf],[-Inf; Inf],(27.85; Inf],(0.5275; Inf],(28.5; Inf],tested_positive
[-Inf;6.5],[-Inf;99.5],[-Inf; Inf],[-Inf; Inf],[-Inf; Inf],[-Inf;27.85],[-Inf;0.5275],(28.5; Inf],tested_negative
(6.5; Inf],(159.5; Inf],[-Inf; Inf],[-Inf; Inf],[-Inf; Inf],[-Inf;27.85],(0.5275; Inf],(28.5; Inf],tested_positive
[-Inf;6.5],[-Inf;99.5],[-Inf; Inf],[-Inf; Inf],[-Inf; Inf],(27.85; Inf],[-Inf;0.5275],[-Inf;28.5],tested_negative
[-Inf;6.5],(127.5;159.5],[-Inf; Inf],[-Inf; Inf],[-Inf; Inf],(27.85; Inf],(0.5275; Inf],(28.5; Inf],tested_positive
[-Inf;6.5],[-Inf;99.5],[-Inf; Inf],[-Inf; Inf],[-Inf; Inf],(27.85; Inf],[-Inf;0.5275],[-Inf;28.5],tested_positive
(6.5; Inf],(99.5;127.5],[-Inf; Inf],[-Inf; Inf],[-Inf; Inf],(27.85; Inf],[-Inf;0.5275],(28.5; Inf],tested_negative
[-Inf;6.5],(159.5; Inf],[-Inf; Inf],[-Inf; Inf],[-Inf; Inf],(27.85; Inf],[-Inf;0.5275],(28.5; Inf],tested_positive
(6.5; Inf],(99.5;127.5],[-Inf; Inf],[-Inf; Inf],[-Inf; Inf],[-Inf;27.85],[-Inf;0.5275],(28.5; Inf],tested_positive
[-Inf;6.5],(99.5;127.5],[-Inf; Inf],[-Inf; Inf],[-Inf; Inf],(27.85; Inf],[-Inf;0.5275],(28.5; Inf],tested_negative
(6.5; Inf],(159.5; Inf],[-Inf; Inf],[-Inf; Inf],[-Inf; Inf],(27.85; Inf],(0.5275; Inf],(28.5; Inf],tested_positive
(6.5; Inf],(127.5;159.5],[-Inf; Inf],[-Inf; Inf],[-Inf; Inf],[-Inf;27.85],(0.5275; Inf],(28.5; Inf],tested_negative
[-Inf;6.5],(159.5; Inf],[-Inf; Inf],[-Inf; Inf],[-Inf; Inf],[-Inf;27.85],(0.5275; Inf],(28.5; Inf],tested_positive
(6.5; Inf],(99.5;127.5],[-Inf; Inf],[-Inf; Inf],[-Inf; Inf],(27.85; Inf],[-Inf;0.5275],(28.5; Inf],tested_positive
[-Inf;6.5],(99.5;127.5],[-Inf; Inf],[-Inf; Inf],[-Inf; Inf],(27.85; Inf],(0.5275; Inf],(28.5; Inf],tested_positive
(6.5; Inf],(99.5;127.5],[-Inf; Inf],[-Inf; Inf],[-Inf; Inf],(27.85; Inf],[-Inf;0.5275],(28.5; Inf],tested_positive
[-Inf;6.5],(99.5;127.5],[-Inf; Inf],[-Inf; Inf],[-Inf; Inf],(27.85; Inf],[-Inf;0.5275],(28.5; Inf],tested_negative
[-Inf;6.5],(99.5;127.5],[-Inf; Inf],[-Inf; Inf],[-Inf; Inf],(27.85; Inf],(0.5275; Inf],(28.5; Inf],tested_positive
[-Inf;6.5],(99.5;127.5],[-Inf; Inf],[-Inf; Inf],[-Inf; Inf],(27.85; Inf],(0.5275; Inf],[-Inf;28.5],tested_negative
(6.5; Inf],[-Inf;99.5],[-Inf; Inf],[-Inf; Inf],[-Inf; Inf],(27.85; Inf],[-Inf;0.5275],(28.5; Inf],tested_negative
(6.5; Inf],(159.5; Inf],[-Inf; Inf],[-Inf; Inf],[-Inf; Inf],(27.85; Inf],[-Inf;0.5275],(28.5; Inf],tested_positive
(6.5; Inf],(99.5;127.5],[-Inf; Inf],[-Inf; Inf],[-Inf; Inf],(27.85; Inf],[-Inf;0.5275],(28.5; Inf],tested_positive
(6.5; Inf],(127.5;159.5],[-Inf; Inf],[-Inf; Inf],[-Inf; Inf],(27.85; Inf],[-Inf;0.5275],(28.5; Inf],tested_positive
(6.5; Inf],(99.5;127.5],[-Inf; Inf],[-Inf; Inf],[-Inf; Inf],(27.85; Inf],[-Inf;0.5275],(28.5; Inf],tested_positive
[-Inf;6.5],[-Inf;99.5],[-Inf; Inf],[-Inf; Inf],[-Inf; Inf],[-Inf;27.85],[-Inf;0.5275],[-Inf;28.5],tested_negative
(6.5; Inf],(127.5;159.5],[-Inf; Inf],[-Inf; Inf],[-Inf; Inf],[-Inf;27.85],[-Inf;0.5275],(28.5; Inf],tested_negative
[-Inf;6.5],(99.5;127.5],[-Inf; Inf],[-Inf; Inf],[-Inf; Inf],(27.85; Inf],[-Inf;0.5275],(28.5; Inf],tested_negative
[-Inf;6.5],(99.5;127.5],[-Inf; Inf],[-Inf; Inf],[-Inf; Inf],(27.85; Inf],(0.5275; Inf],(28.5; Inf],tested_negative
[-Inf;6.5],[-Inf;99.5],[-Inf; Inf],[-Inf; Inf],[-Inf; Inf],[-Inf;27.85],[-Inf;0.5275],[-Inf;28.5],tested_negative
[-Inf;6.5],[-Inf;99.5],[-Inf; Inf],[-Inf; Inf],[-Inf; Inf],[-Inf;27.85],[-Inf;0.5275],[-Inf;28.5],tested_negative
(6.5; Inf],(99.5;127.5],[-Inf; Inf],[-Inf; Inf],[-Inf; Inf],[-Inf;27.85],[-Inf;0.5275],(28.5; Inf],tested_negative
[-Inf;6.5],(99.5;127.5],[-Inf; Inf],[-Inf; Inf],[-Inf; Inf],[-Inf;27.85],(0.5275; Inf],(28.5; Inf],tested_negative
(6.5; Inf],(99.5;127.5],[-Inf; Inf],[-Inf; Inf],[-Inf; Inf],(27.85; Inf],(0.5275; Inf],(28.5; Inf],tested_positive
[-Inf;6.5],[-Inf;99.5],[-Inf; Inf],[-Inf; Inf],[-Inf; Inf],(27.85; Inf],[-Inf;0.5275],[-Inf;28.5],tested_positive
[-Inf;6.5],(99.5;127.5],[-Inf; Inf],[-Inf; Inf],[-Inf; Inf],(27.85; Inf],(0.5275; Inf],(28.5; Inf],tested_positive
[-Inf;6.5],(159.5; Inf],[-Inf; Inf],[-Inf; Inf],[-Inf; Inf],(27.85; Inf],[-Inf;0.5275],[-Inf;28.5],tested_negative
(6.5; Inf],(127.5;159.5],[-Inf; Inf],[-Inf; Inf],[-Inf; Inf],(27.85; Inf],(0.5275; Inf],(28.5; Inf],tested_negative
(6.5; Inf],(99.5;127.5],[-Inf; Inf],[-Inf; Inf],[-Inf; Inf],[-Inf;27.85],[-Inf;0.5275],(28.5; Inf],tested_negative
(6.5; Inf],(159.5; Inf],[-Inf; Inf],[-Inf; Inf],[-Inf; Inf],(27.85; Inf],(0.5275; Inf],(28.5; Inf],tested_positive
(6.5; Inf],(127.5;159.5],[-Inf; Inf],[-Inf; Inf],[-Inf; Inf],[-Inf;27.85],[-Inf;0.5275],(28.5; Inf],tested_negative
[-Inf;6.5],(159.5; Inf],[-Inf; Inf],[-Inf; Inf],[-Inf; Inf],(27.85; Inf],(0.5275; Inf],[-Inf;28.5],tested_positive
[-Inf;6.5],(127.5;159.5],[-Inf; Inf],[-Inf; Inf],[-Inf; Inf],(27.85; Inf],(0.5275; Inf],(28.5; Inf],tested_negative
[-Inf;6.5],[-Inf;99.5],[-Inf; Inf],[-Inf; Inf],[-Inf; Inf],(27.85; Inf],(0.5275; Inf],[-Inf;28.5],tested_negative
(6.5; Inf],(99.5;127.5],[-Inf; Inf],[-Inf; Inf],[-Inf; Inf],[-Inf;27.85],[-Inf;0.5275],[-Inf;28.5],tested_negative
[-Inf;6.5],(99.5;127.5],[-Inf; Inf],[-Inf; Inf],[-Inf; Inf],[-Inf;27.85],[-Inf;0.5275],[-Inf;28.5],tested_negative
[-Inf;6.5],(99.5;127.5],[-Inf; Inf],[-Inf; Inf],[-Inf; Inf],[-Inf;27.85],[-Inf;0.5275],[-Inf;28.5],tested_negative
[-Inf;6.5],[-Inf;99.5],[-Inf; Inf],[-Inf; Inf],[-Inf; Inf],[-Inf;27.85],[-Inf;0.5275],(28.5; Inf],tested_negative
(6.5; Inf],(159.5; Inf],[-Inf; Inf],[-Inf; Inf],[-Inf; Inf],(27.85; Inf],[-Inf;0.5275],(28.5; Inf],tested_positive
(6.5; Inf],(127.5;159.5],[-Inf; Inf],[-Inf; Inf],[-Inf; Inf],(27.85; Inf],(0.5275; Inf],(28.5; Inf],tested_negative
[-Inf;6.5],[-Inf;99.5],[-Inf; Inf],[-Inf; Inf],[-Inf; Inf],[-Inf;27.85],[-Inf;0.5275],[-Inf;28.5],tested_negative
(6.5; Inf],(159.5; Inf],[-Inf; Inf],[-Inf; Inf],[-Inf; Inf],(27.85; Inf],[-Inf;0.5275],(28.5; Inf],tested_positive
[-Inf;6.5],(127.5;159.5],[-Inf; Inf],[-Inf; Inf],[-Inf; Inf],(27.85; Inf],(0.5275; Inf],(28.5; Inf],tested_negative
[-Inf;6.5],(99.5;127.5],[-Inf; Inf],[-Inf; Inf],[-Inf; Inf],(27.85; Inf],[-Inf;0.5275],[-Inf;28.5],tested_negative
(6.5; Inf],(127.5;159.5],[-Inf; Inf],[-Inf; Inf],[-Inf; Inf],(27.85; Inf],[-Inf;0.5275],(28.5; Inf],tested_positive
[-Inf;6.5],[-Inf;99.5],[-Inf; Inf],[-Inf; Inf],[-Inf; Inf],[-Inf;27.85],(0.5275; Inf],(28.5; Inf],tested_negative
[-Inf;6.5],(127.5;159.5],[-Inf; Inf],[-Inf; Inf],[-Inf; Inf],[-Inf;27.85],(0.5275; Inf],[-Inf;28.5],tested_negative
(6.5; Inf],(99.5;127.5],[-Inf; Inf],[-Inf; Inf],[-Inf; Inf],(27.85; Inf],[-Inf;0.5275],(28.5; Inf],tested_positive
[-Inf;6.5],[-Inf;99.5],[-Inf; Inf],[-Inf; Inf],[-Inf; Inf],(27.85; Inf],[-Inf;0.5275],(28.5; Inf],tested_negative
[-Inf;6.5],(99.5;127.5],[-Inf; Inf],[-Inf; Inf],[-Inf; Inf],(27.85; Inf],(0.5275; Inf],(28.5; Inf],tested_negative
[-Inf;6.5],[-Inf;99.5],[-Inf; Inf],[-Inf; Inf],[-Inf; Inf],[-Inf;27.85],[-Inf;0.5275],[-Inf;28.5],tested_negative
[-Inf;6.5],(127.5;159.5],[-Inf; Inf],[-Inf; Inf],[-Inf; Inf],(27.85; Inf],[-Inf;0.5275],[-Inf;28.5],tested_negative
[-Inf;6.5],(99.5;127.5],[-Inf; Inf],[-Inf; Inf],[-Inf; Inf],(27.85; Inf],(0.5275; Inf],[-Inf;28.5],tested_positive
[-Inf;6.5],(127.5;159.5],[-Inf; Inf],[-Inf; Inf],[-Inf; Inf],(27.85; Inf],[-Inf;0.5275],[-Inf;28.5],tested_negative
(6.5; Inf],(99.5;127.5],[-Inf; Inf],[-Inf; Inf],[-Inf; Inf],(27.85; Inf],(0.5275; Inf],(28.5; Inf],tested_positive
[-Inf;6.5],(127.5;159.5],[-Inf; Inf],[-Inf; Inf],[-Inf; Inf],(27.85; Inf],[-Inf;0.5275],[-Inf;28.5],tested_negative
[-Inf;6.5],[-Inf;99.5],[-Inf; Inf],[-Inf; Inf],[-Inf; Inf],(27.85; Inf],[-Inf;0.5275],[-Inf;28.5],tested_negative
[-Inf;6.5],[-Inf;99.5],[-Inf; Inf],[-Inf; Inf],[-Inf; Inf],[-Inf;27.85],[-Inf;0.5275],[-Inf;28.5],tested_negative
(6.5; Inf],[-Inf;99.5],[-Inf; Inf],[-Inf; Inf],[-Inf; Inf],(27.85; Inf],[-Inf;0.5275],(28.5; Inf],tested_negative
[-Inf;6.5],[-Inf;99.5],[-Inf; Inf],[-Inf; Inf],[-Inf; Inf],(27.85; Inf],[-Inf;0.5275],[-Inf;28.5],tested_negative
[-Inf;6.5],(127.5;159.5],[-Inf; Inf],[-Inf; Inf],[-Inf; Inf],(27.85; Inf],[-Inf;0.5275],[-Inf;28.5],tested_positive
[-Inf;6.5],(99.5;127.5],[-Inf; Inf],[-Inf; Inf],[-Inf; Inf],[-Inf;27.85],[-Inf;0.5275],[-Inf;28.5],tested_negative
[-Inf;6.5],(99.5;127.5],[-Inf; Inf],[-Inf; Inf],[-Inf; Inf],[-Inf;27.85],[-Inf;0.5275],[-Inf;28.5],tested_negative
[-Inf;6.5],[-Inf;99.5],[-Inf; Inf],[-Inf; Inf],[-Inf; Inf],[-Inf;27.85],[-Inf;0.5275],[-Inf;28.5],tested_negative
(6.5; Inf],[-Inf;99.5],[-Inf; Inf],[-Inf; Inf],[-Inf; Inf],(27.85; Inf],(0.5275; Inf],(28.5; Inf],tested_negative
[-Inf;6.5],(99.5;127.5],[-Inf; Inf],[-Inf; Inf],[-Inf; Inf],[-Inf;27.85],[-Inf;0.5275],[-Inf;28.5],tested_negative
[-Inf;6.5],(99.5;127.5],[-Inf; Inf],[-Inf; Inf],[-Inf; Inf],(27.85; Inf],(0.5275; Inf],[-Inf;28.5],tested_negative
(6.5; Inf],(99.5;127.5],[-Inf; Inf],[-Inf; Inf],[-Inf; Inf],(27.85; Inf],[-Inf;0.5275],(28.5; Inf],tested_negative
[-Inf;6.5],(99.5;127.5],[-Inf; Inf],[-Inf; Inf],[-Inf; Inf],(27.85; Inf],[-Inf;0.5275],[-Inf;28.5],tested_negative
(6.5; Inf],(127.5;159.5],[-Inf; Inf],[-Inf; Inf],[-Inf; Inf],(27.85; Inf],[-Inf;0.5275],(28.5; Inf],tested_positive
[-Inf;6.5],(99.5;127.5],[-Inf; Inf],[-Inf; Inf],[-Inf; Inf],[-Inf;27.85],[-Inf;0.5275],[-Inf;28.5],tested_negative
[-Inf;6.5],[-Inf;99.5],[-Inf; Inf],[-Inf; Inf],[-Inf; Inf],[-Inf;27.85],[-Inf;0.5275],[-Inf;28.5],tested_negative
[-Inf;6.5],(99.5;127.5],[-Inf; Inf],[-Inf; Inf],[-Inf; Inf],(27.85; Inf],[-Inf;0.5275],(28.5; Inf],tested_negative
(6.5; Inf],[-Inf;99.5],[-Inf; Inf],[-Inf; Inf],[-Inf; Inf],(27.85; Inf],[-Inf;0.5275],(28.5; Inf],tested_negative
[-Inf;6.5],(127.5;159.5],[-Inf; Inf],[-Inf; Inf],[-Inf; Inf],[-Inf;27.85],[-Inf;0.5275],(28.5; Inf],tested_positive
[-Inf;6.5],(127.5;159.5],[-Inf; Inf],[-Inf; Inf],[-Inf; Inf],[-Inf;27.85],(0.5275; Inf],[-Inf;28.5],tested_negative
[-Inf;6.5],(127.5;159.5],[-Inf; Inf],[-Inf; Inf],[-Inf; Inf],(27.85; Inf],[-Inf;0.5275],(28.5; Inf],tested_negative
[-Inf;6.5],[-Inf;99.5],[-Inf; Inf],[-Inf; Inf],[-Inf; Inf],(27.85; Inf],[-Inf;0.5275],[-Inf;28.5],tested_negative
[-Inf;6.5],[-Inf;99.5],[-Inf; Inf],[-Inf; Inf],[-Inf; Inf],[-Inf;27.85],[-Inf;0.5275],[-Inf;28.5],tested_negative
[-Inf;6.5],[-Inf;99.5],[-Inf; Inf],[-Inf; Inf],[-Inf; Inf],(27.85; Inf],[-Inf;0.5275],[-Inf;28.5],tested_negative
[-Inf;6.5],(99.5;127.5],[-Inf; Inf],[-Inf; Inf],[-Inf; Inf],(27.85; Inf],[-Inf;0.5275],(28.5; Inf],tested_positive
[-Inf;6.5],(159.5; Inf],[-Inf; Inf],[-Inf; Inf],[-Inf; Inf],(27.85; Inf],(0.5275; Inf],(28.5; Inf],tested_positive
[-Inf;6.5],(127.5;159.5],[-Inf; Inf],[-Inf; Inf],[-Inf; Inf],[-Inf;27.85],[-Inf;0.5275],[-Inf;28.5],tested_negative
[-Inf;6.5],(99.5;127.5],[-Inf; Inf],[-Inf; Inf],[-Inf; Inf],[-Inf;27.85],[-Inf;0.5275],[-Inf;28.5],tested_negative
[-Inf;6.5],[-Inf;99.5],[-Inf; Inf],[-Inf; Inf],[-Inf; Inf],[-Inf;27.85],[-Inf;0.5275],[-Inf;28.5],tested_negative
[-Inf;6.5],(99.5;127.5],[-Inf; Inf],[-Inf; Inf],[-Inf; Inf],(27.85; Inf],(0.5275; Inf],[-Inf;28.5],tested_negative
[-Inf;6.5],[-Inf;99.5],[-Inf; Inf],[-Inf; Inf],[-Inf; Inf],[-Inf;27.85],[-Inf;0.5275],[-Inf;28.5],tested_negative
[-Inf;6.5],(127.5;159.5],[-Inf; Inf],[-Inf; Inf],[-Inf; Inf],(27.85; Inf],[-Inf;0.5275],(28.5; Inf],tested_negative
[-Inf;6.5],[-Inf;99.5],[-Inf; Inf],[-Inf; Inf],[-Inf; Inf],(27.85; Inf],[-Inf;0.5275],[-Inf;28.5],tested_negative
[-Inf;6.5],[-Inf;99.5],[-Inf; Inf],[-Inf; Inf],[-Inf; Inf],(27.85; Inf],[-Inf;0.5275],[-Inf;28.5],tested_positive
[-Inf;6.5],(159.5; Inf],[-Inf; Inf],[-Inf; Inf],[-Inf; Inf],(27.85; Inf],[-Inf;0.5275],[-Inf;28.5],tested_positive
(6.5; Inf],(127.5;159.5],[-Inf; Inf],[-Inf; Inf],[-Inf; Inf],(27.85; Inf],(0.5275; Inf],(28.5; Inf],tested_positive
[-Inf;6.5],[-Inf;99.5],[-Inf; Inf],[-Inf; Inf],[-Inf; Inf],(27.85; Inf],[-Inf;0.5275],[-Inf;28.5],tested_negative
[-Inf;6.5],[-Inf;99.5],[-Inf; Inf],[-Inf; Inf],[-Inf; Inf],(27.85; Inf],[-Inf;0.5275],[-Inf;28.5],tested_negative
(6.5; Inf],(159.5; Inf],[-Inf; Inf],[-Inf; Inf],[-Inf; Inf],(27.85; Inf],(0.5275; Inf],(28.5; Inf],tested_positive
[-Inf;6.5],(127.5;159.5],[-Inf; Inf],[-Inf; Inf],[-Inf; Inf],(27.85; Inf],(0.5275; Inf],(28.5; Inf],tested_positive
[-Inf;6.5],(99.5;127.5],[-Inf; Inf],[-Inf; Inf],[-Inf; Inf],(27.85; Inf],[-Inf;0.5275],(28.5; Inf],tested_positive
[-Inf;6.5],[-Inf;99.5],[-Inf; Inf],[-Inf; Inf],[-Inf; Inf],(27.85; Inf],(0.5275; Inf],[-Inf;28.5],tested_negative
[-Inf;6.5],[-Inf;99.5],[-Inf; Inf],[-Inf; Inf],[-Inf; Inf],(27.85; Inf],[-Inf;0.5275],[-Inf;28.5],tested_negative
[-Inf;6.5],[-Inf;99.5],[-Inf; Inf],[-Inf; Inf],[-Inf; Inf],[-Inf;27.85],[-Inf;0.5275],[-Inf;28.5],tested_negative
[-Inf;6.5],(159.5; Inf],[-Inf; Inf],[-Inf; Inf],[-Inf; Inf],(27.85; Inf],(0.5275; Inf],[-Inf;28.5],tested_positive
[-Inf;6.5],(99.5;127.5],[-Inf; Inf],[-Inf; Inf],[-Inf; Inf],(27.85; Inf],[-Inf;0.5275],[-Inf;28.5],tested_negative
[-Inf;6.5],(99.5;127.5],[-Inf; Inf],[-Inf; Inf],[-Inf; Inf],(27.85; Inf],[-Inf;0.5275],[-Inf;28.5],tested_negative
[-Inf;6.5],(127.5;159.5],[-Inf; Inf],[-Inf; Inf],[-Inf; Inf],[-Inf;27.85],[-Inf;0.5275],(28.5; Inf],tested_negative
[-Inf;6.5],(99.5;127.5],[-Inf; Inf],[-Inf; Inf],[-Inf; Inf],(27.85; Inf],[-Inf;0.5275],[-Inf;28.5],tested_positive
[-Inf;6.5],[-Inf;99.5],[-Inf; Inf],[-Inf; Inf],[-Inf; Inf],(27.85; Inf],[-Inf;0.5275],[-Inf;28.5],tested_positive
[-Inf;6.5],(99.5;127.5],[-Inf; Inf],[-Inf; Inf],[-Inf; Inf],(27.85; Inf],[-Inf;0.5275],(28.5; Inf],tested_negative
[-Inf;6.5],(99.5;127.5],[-Inf; Inf],[-Inf; Inf],[-Inf; Inf],(27.85; Inf],[-Inf;0.5275],[-Inf;28.5],tested_negative
[-Inf;6.5],(99.5;127.5],[-Inf; Inf],[-Inf; Inf],[-Inf; Inf],(27.85; Inf],[-Inf;0.5275],(28.5; Inf],tested_positive
[-Inf;6.5],(99.5;127.5],[-Inf; Inf],[-Inf; Inf],[-Inf; Inf],(27.85; Inf],(0.5275; Inf],(28.5; Inf],tested_positive
(6.5; Inf],(99.5;127.5],[-Inf; Inf],[-Inf; Inf],[-Inf; Inf],(27.85; Inf],(0.5275; Inf],(28.5; Inf],tested_positive
[-Inf;6.5],(159.5; Inf],[-Inf; Inf],[-Inf; Inf],[-Inf; Inf],(27.85; Inf],[-Inf;0.5275],(28.5; Inf],tested_positive
(6.5; Inf],[-Inf;99.5],[-Inf; Inf],[-Inf; Inf],[-Inf; Inf],(27.85; Inf],[-Inf;0.5275],(28.5; Inf],tested_negative
[-Inf;6.5],[-Inf;99.5],[-Inf; Inf],[-Inf; Inf],[-Inf; Inf],[-Inf;27.85],(0.5275; Inf],[-Inf;28.5],tested_negative
[-Inf;6.5],(99.5;127.5],[-Inf; Inf],[-Inf; Inf],[-Inf; Inf],(27.85; Inf],[-Inf;0.5275],(28.5; Inf],tested_negative
[-Inf;6.5],(99.5;127.5],[-Inf; Inf],[-Inf; Inf],[-Inf; Inf],(27.85; Inf],(0.5275; Inf],[-Inf;28.5],tested_negative
[-Inf;6.5],[-Inf;99.5],[-Inf; Inf],[-Inf; Inf],[-Inf; Inf],(27.85; Inf],(0.5275; Inf],[-Inf;28.5],tested_negative
[-Inf;6.5],(127.5;159.5],[-Inf; Inf],[-Inf; Inf],[-Inf; Inf],(27.85; Inf],(0.5275; Inf],(28.5; Inf],tested_negative
[-Inf;6.5],(99.5;127.5],[-Inf; Inf],[-Inf; Inf],[-Inf; Inf],(27.85; Inf],[-Inf;0.5275],[-Inf;28.5],tested_negative
[-Inf;6.5],(127.5;159.5],[-Inf; Inf],[-Inf; Inf],[-Inf; Inf],[-Inf;27.85],[-Inf;0.5275],(28.5; Inf],tested_negative
[-Inf;6.5],(99.5;127.5],[-Inf; Inf],[-Inf; Inf],[-Inf; Inf],(27.85; Inf],[-Inf;0.5275],(28.5; Inf],tested_negative
[-Inf;6.5],(99.5;127.5],[-Inf; Inf],[-Inf; Inf],[-Inf; Inf],(27.85; Inf],[-Inf;0.5275],[-Inf;28.5],tested_negative
(6.5; Inf],(99.5;127.5],[-Inf; Inf],[-Inf; Inf],[-Inf; Inf],(27.85; Inf],[-Inf;0.5275],(28.5; Inf],tested_positive
[-Inf;6.5],(127.5;159.5],[-Inf; Inf],[-Inf; Inf],[-Inf; Inf],(27.85; Inf],[-Inf;0.5275],[-Inf;28.5],tested_negative
[-Inf;6.5],(99.5;127.5],[-Inf; Inf],[-Inf; Inf],[-Inf; Inf],[-Inf;27.85],(0.5275; Inf],[-Inf;28.5],tested_negative
(6.5; Inf],[-Inf;99.5],[-Inf; Inf],[-Inf; Inf],[-Inf; Inf],(27.85; Inf],[-Inf;0.5275],(28.5; Inf],tested_negative
[-Inf;6.5],(99.5;127.5],[-Inf; Inf],[-Inf; Inf],[-Inf; Inf],(27.85; Inf],(0.5275; Inf],(28.5; Inf],tested_negative
[-Inf;6.5],(127.5;159.5],[-Inf; Inf],[-Inf; Inf],[-Inf; Inf],(27.85; Inf],[-Inf;0.5275],(28.5; Inf],tested_negative
[-Inf;6.5],[-Inf;99.5],[-Inf; Inf],[-Inf; Inf],[-Inf; Inf],[-Inf;27.85],[-Inf;0.5275],[-Inf;28.5],tested_negative
[-Inf;6.5],(127.5;159.5],[-Inf; Inf],[-Inf; Inf],[-Inf; Inf],(27.85; Inf],[-Inf;0.5275],[-Inf;28.5],tested_negative
[-Inf;6.5],(99.5;127.5],[-Inf; Inf],[-Inf; Inf],[-Inf; Inf],[-Inf;27.85],[-Inf;0.5275],(28.5; Inf],tested_negative
(6.5; Inf],(127.5;159.5],[-Inf; Inf],[-Inf; Inf],[-Inf; Inf],(27.85; Inf],(0.5275; Inf],(28.5; Inf],tested_positive
[-Inf;6.5],(127.5;159.5],[-Inf; Inf],[-Inf; Inf],[-Inf; Inf],(27.85; Inf],(0.5275; Inf],[-Inf;28.5],tested_negative
(6.5; Inf],(159.5; Inf],[-Inf; Inf],[-Inf; Inf],[-Inf; Inf],(27.85; Inf],[-Inf;0.5275],(28.5; Inf],tested_positive
[-Inf;6.5],[-Inf;99.5],[-Inf; Inf],[-Inf; Inf],[-Inf; Inf],[-Inf;27.85],(0.5275; Inf],[-Inf;28.5],tested_negative
[-Inf;6.5],[-Inf;99.5],[-Inf; Inf],[-Inf; Inf],[-Inf; Inf],(27.85; Inf],[-Inf;0.5275],[-Inf;28.5],tested_negative
(6.5; Inf],(159.5; Inf],[-Inf; Inf],[-Inf; Inf],[-Inf; Inf],(27.85; Inf],(0.5275; Inf],(28.5; Inf],tested_positive
(6.5; Inf],(99.5;127.5],[-Inf; Inf],[-Inf; Inf],[-Inf; Inf],(27.85; Inf],[-Inf;0.5275],(28.5; Inf],tested_negative
[-Inf;6.5],(99.5;127.5],[-Inf; Inf],[-Inf; Inf],[-Inf; Inf],(27.85; Inf],[-Inf;0.5275],[-Inf;28.5],tested_negative
[-Inf;6.5],(99.5;127.5],[-Inf; Inf],[-Inf; Inf],[-Inf; Inf],(27.85; Inf],[-Inf;0.5275],[-Inf;28.5],tested_negative
[-Inf;6.5],(127.5;159.5],[-Inf; Inf],[-Inf; Inf],[-Inf; Inf],(27.85; Inf],(0.5275; Inf],(28.5; Inf],tested_positive
[-Inf;6.5],(127.5;159.5],[-Inf; Inf],[-Inf; Inf],[-Inf; Inf],(27.85; Inf],[-Inf;0.5275],[-Inf;28.5],tested_negative
[-Inf;6.5],(99.5;127.5],[-Inf; Inf],[-Inf; Inf],[-Inf; Inf],(27.85; Inf],(0.5275; Inf],(28.5; Inf],tested_negative
[-Inf;6.5],(99.5;127.5],[-Inf; Inf],[-Inf; Inf],[-Inf; Inf],(27.85; Inf],[-Inf;0.5275],(28.5; Inf],tested_negative
[-Inf;6.5],(99.5;127.5],[-Inf; Inf],[-Inf; Inf],[-Inf; Inf],(27.85; Inf],[-Inf;0.5275],(28.5; Inf],tested_negative
[-Inf;6.5],(99.5;127.5],[-Inf; Inf],[-Inf; Inf],[-Inf; Inf],(27.85; Inf],[-Inf;0.5275],(28.5; Inf],tested_positive
[-Inf;6.5],(127.5;159.5],[-Inf; Inf],[-Inf; Inf],[-Inf; Inf],(27.85; Inf],(0.5275; Inf],(28.5; Inf],tested_positive
[-Inf;6.5],[-Inf;99.5],[-Inf; Inf],[-Inf; Inf],[-Inf; Inf],(27.85; Inf],(0.5275; Inf],[-Inf;28.5],tested_negative
[-Inf;6.5],[-Inf;99.5],[-Inf; Inf],[-Inf; Inf],[-Inf; Inf],(27.85; Inf],[-Inf;0.5275],(28.5; Inf],tested_negative
(6.5; Inf],(159.5; Inf],[-Inf; Inf],[-Inf; Inf],[-Inf; Inf],(27.85; Inf],(0.5275; Inf],(28.5; Inf],tested_positive
[-Inf;6.5],(127.5;159.5],[-Inf; Inf],[-Inf; Inf],[-Inf; Inf],(27.85; Inf],[-Inf;0.5275],[-Inf;28.5],tested_positive
[-Inf;6.5],(127.5;159.5],[-Inf; Inf],[-Inf; Inf],[-Inf; Inf],(27.85; Inf],[-Inf;0.5275],(28.5; Inf],tested_negative
[-Inf;6.5],(127.5;159.5],[-Inf; Inf],[-Inf; Inf],[-Inf; Inf],(27.85; Inf],(0.5275; Inf],(28.5; Inf],tested_positive
[-Inf;6.5],(99.5;127.5],[-Inf; Inf],[-Inf; Inf],[-Inf; Inf],(27.85; Inf],(0.5275; Inf],[-Inf;28.5],tested_negative
[-Inf;6.5],[-Inf;99.5],[-Inf; Inf],[-Inf; Inf],[-Inf; Inf],[-Inf;27.85],[-Inf;0.5275],[-Inf;28.5],tested_negative
[-Inf;6.5],[-Inf;99.5],[-Inf; Inf],[-Inf; Inf],[-Inf; Inf],[-Inf;27.85],[-Inf;0.5275],[-Inf;28.5],tested_negative
(6.5; Inf],(159.5; Inf],[-Inf; Inf],[-Inf; Inf],[-Inf; Inf],(27.85; Inf],(0.5275; Inf],(28.5; Inf],tested_positive
(6.5; Inf],(159.5; Inf],[-Inf; Inf],[-Inf; Inf],[-Inf; Inf],(27.85; Inf],(0.5275; Inf],(28.5; Inf],tested_positive
[-Inf;6.5],(127.5;159.5],[-Inf; Inf],[-Inf; Inf],[-Inf; Inf],(27.85; Inf],(0.5275; Inf],(28.5; Inf],tested_positive
(6.5; Inf],(99.5;127.5],[-Inf; Inf],[-Inf; Inf],[-Inf; Inf],(27.85; Inf],(0.5275; Inf],(28.5; Inf],tested_positive
[-Inf;6.5],(127.5;159.5],[-Inf; Inf],[-Inf; Inf],[-Inf; Inf],(27.85; Inf],[-Inf;0.5275],[-Inf;28.5],tested_positive
[-Inf;6.5],(99.5;127.5],[-Inf; Inf],[-Inf; Inf],[-Inf; Inf],[-Inf;27.85],[-Inf;0.5275],[-Inf;28.5],tested_negative
(6.5; Inf],(99.5;127.5],[-Inf; Inf],[-Inf; Inf],[-Inf; Inf],(27.85; Inf],[-Inf;0.5275],(28.5; Inf],tested_negative
(6.5; Inf],(127.5;159.5],[-Inf; Inf],[-Inf; Inf],[-Inf; Inf],(27.85; Inf],(0.5275; Inf],(28.5; Inf],tested_positive
(6.5; Inf],[-Inf;99.5],[-Inf; Inf],[-Inf; Inf],[-Inf; Inf],[-Inf;27.85],[-Inf;0.5275],(28.5; Inf],tested_negative
[-Inf;6.5],(127.5;159.5],[-Inf; Inf],[-Inf; Inf],[-Inf; Inf],(27.85; Inf],[-Inf;0.5275],(28.5; Inf],tested_positive
[-Inf;6.5],(99.5;127.5],[-Inf; Inf],[-Inf; Inf],[-Inf; Inf],[-Inf;27.85],[-Inf;0.5275],[-Inf;28.5],tested_negative
[-Inf;6.5],(99.5;127.5],[-Inf; Inf],[-Inf; Inf],[-Inf; Inf],[-Inf;27.85],(0.5275; Inf],[-Inf;28.5],tested_positive
[-Inf;6.5],(99.5;127.5],[-Inf; Inf],[-Inf; Inf],[-Inf; Inf],(27.85; Inf],(0.5275; Inf],[-Inf;28.5],tested_positive
[-Inf;6.5],(127.5;159.5],[-Inf; Inf],[-Inf; Inf],[-Inf; Inf],(27.85; Inf],[-Inf;0.5275],(28.5; Inf],tested_positive
[-Inf;6.5],(99.5;127.5],[-Inf; Inf],[-Inf; Inf],[-Inf; Inf],(27.85; Inf],(0.5275; Inf],[-Inf;28.5],tested_negative
[-Inf;6.5],(99.5;127.5],[-Inf; Inf],[-Inf; Inf],[-Inf; Inf],[-Inf;27.85],(0.5275; Inf],(28.5; Inf],tested_negative
[-Inf;6.5],[-Inf;99.5],[-Inf; Inf],[-Inf; Inf],[-Inf; Inf],[-Inf;27.85],[-Inf;0.5275],[-Inf;28.5],tested_negative
[-Inf;6.5],(99.5;127.5],[-Inf; Inf],[-Inf; Inf],[-Inf; Inf],(27.85; Inf],[-Inf;0.5275],(28.5; Inf],tested_negative
[-Inf;6.5],(99.5;127.5],[-Inf; Inf],[-Inf; Inf],[-Inf; Inf],[-Inf;27.85],[-Inf;0.5275],[-Inf;28.5],tested_negative
(6.5; Inf],(159.5; Inf],[-Inf; Inf],[-Inf; Inf],[-Inf; Inf],(27.85; Inf],(0.5275; Inf],(28.5; Inf],tested_positive
[-Inf;6.5],(159.5; Inf],[-Inf; Inf],[-Inf; Inf],[-Inf; Inf],(27.85; Inf],[-Inf;0.5275],(28.5; Inf],tested_positive
[-Inf;6.5],[-Inf;99.5],[-Inf; Inf],[-Inf; Inf],[-Inf; Inf],(27.85; Inf],[-Inf;0.5275],[-Inf;28.5],tested_negative
(6.5; Inf],(159.5; Inf],[-Inf; Inf],[-Inf; Inf],[-Inf; Inf],(27.85; Inf],[-Inf;0.5275],(28.5; Inf],tested_positive
[-Inf;6.5],[-Inf;99.5],[-Inf; Inf],[-Inf; Inf],[-Inf; Inf],[-Inf;27.85],[-Inf;0.5275],[-Inf;28.5],tested_negative
(6.5; Inf],(159.5; Inf],[-Inf; Inf],[-Inf; Inf],[-Inf; Inf],(27.85; Inf],[-Inf;0.5275],(28.5; Inf],tested_negative
[-Inf;6.5],(127.5;159.5],[-Inf; Inf],[-Inf; Inf],[-Inf; Inf],(27.85; Inf],[-Inf;0.5275],[-Inf;28.5],tested_positive
(6.5; Inf],(99.5;127.5],[-Inf; Inf],[-Inf; Inf],[-Inf; Inf],(27.85; Inf],[-Inf;0.5275],(28.5; Inf],tested_positive
(6.5; Inf],(127.5;159.5],[-Inf; Inf],[-Inf; Inf],[-Inf; Inf],(27.85; Inf],(0.5275; Inf],(28.5; Inf],tested_positive
[-Inf;6.5],(99.5;127.5],[-Inf; Inf],[-Inf; Inf],[-Inf; Inf],(27.85; Inf],[-Inf;0.5275],[-Inf;28.5],tested_positive
[-Inf;6.5],(99.5;127.5],[-Inf; Inf],[-Inf; Inf],[-Inf; Inf],(27.85; Inf],[-Inf;0.5275],(28.5; Inf],tested_negative
[-Inf;6.5],[-Inf;99.5],[-Inf; Inf],[-Inf; Inf],[-Inf; Inf],(27.85; Inf],(0.5275; Inf],(28.5; Inf],tested_positive
[-Inf;6.5],(99.5;127.5],[-Inf; Inf],[-Inf; Inf],[-Inf; Inf],(27.85; Inf],[-Inf;0.5275],(28.5; Inf],tested_positive
[-Inf;6.5],(159.5; Inf],[-Inf; Inf],[-Inf; Inf],[-Inf; Inf],(27.85; Inf],(0.5275; Inf],[-Inf;28.5],tested_positive
[-Inf;6.5],(127.5;159.5],[-Inf; Inf],[-Inf; Inf],[-Inf; Inf],(27.85; Inf],(0.5275; Inf],(28.5; Inf],tested_positive
(6.5; Inf],(127.5;159.5],[-Inf; Inf],[-Inf; Inf],[-Inf; Inf],(27.85; Inf],(0.5275; Inf],(28.5; Inf],tested_negative
[-Inf;6.5],(99.5;127.5],[-Inf; Inf],[-Inf; Inf],[-Inf; Inf],[-Inf;27.85],(0.5275; Inf],[-Inf;28.5],tested_negative
[-Inf;6.5],[-Inf;99.5],[-Inf; Inf],[-Inf; Inf],[-Inf; Inf],(27.85; Inf],[-Inf;0.5275],[-Inf;28.5],tested_negative
[-Inf;6.5],(159.5; Inf],[-Inf; Inf],[-Inf; Inf],[-Inf; Inf],(27.85; Inf],(0.5275; Inf],[-Inf;28.5],tested_positive
[-Inf;6.5],(159.5; Inf],[-Inf; Inf],[-Inf; Inf],[-Inf; Inf],(27.85; Inf],(0.5275; Inf],(28.5; Inf],tested_negative
[-Inf;6.5],(99.5;127.5],[-Inf; Inf],[-Inf; Inf],[-Inf; Inf],(27.85; Inf],[-Inf;0.5275],[-Inf;28.5],tested_negative
[-Inf;6.5],(127.5;159.5],[-Inf; Inf],[-Inf; Inf],[-Inf; Inf],(27.85; Inf],(0.5275; Inf],[-Inf;28.5],tested_positive
[-Inf;6.5],(127.5;159.5],[-Inf; Inf],[-Inf; Inf],[-Inf; Inf],(27.85; Inf],[-Inf;0.5275],(28.5; Inf],tested_positive
[-Inf;6.5],[-Inf;99.5],[-Inf; Inf],[-Inf; Inf],[-Inf; Inf],[-Inf;27.85],(0.5275; Inf],[-Inf;28.5],tested_negative
[-Inf;6.5],(99.5;127.5],[-Inf; Inf],[-Inf; Inf],[-Inf; Inf],(27.85; Inf],[-Inf;0.5275],(28.5; Inf],tested_negative
[-Inf;6.5],(159.5; Inf],[-Inf; Inf],[-Inf; Inf],[-Inf; Inf],(27.85; Inf],[-Inf;0.5275],[-Inf;28.5],tested_positive
(6.5; Inf],(159.5; Inf],[-Inf; Inf],[-Inf; Inf],[-Inf; Inf],(27.85; Inf],(0.5275; Inf],(28.5; Inf],tested_positive
[-Inf;6.5],(159.5; Inf],[-Inf; Inf],[-Inf; Inf],[-Inf; Inf],(27.85; Inf],(0.5275; Inf],[-Inf;28.5],tested_positive
(6.5; Inf],(159.5; Inf],[-Inf; Inf],[-Inf; Inf],[-Inf; Inf],(27.85; Inf],(0.5275; Inf],(28.5; Inf],tested_positive
[-Inf;6.5],[-Inf;99.5],[-Inf; Inf],[-Inf; Inf],[-Inf; Inf],(27.85; Inf],[-Inf;0.5275],[-Inf;28.5],tested_negative
[-Inf;6.5],[-Inf;99.5],[-Inf; Inf],[-Inf; Inf],[-Inf; Inf],(27.85; Inf],[-Inf;0.5275],[-Inf;28.5],tested_negative
[-Inf;6.5],(127.5;159.5],[-Inf; Inf],[-Inf; Inf],[-Inf; Inf],[-Inf;27.85],[-Inf;0.5275],[-Inf;28.5],tested_positive
[-Inf;6.5],(99.5;127.5],[-Inf; Inf],[-Inf; Inf],[-Inf; Inf],[-Inf;27.85],(0.5275; Inf],(28.5; Inf],tested_positive
[-Inf;6.5],(127.5;159.5],[-Inf; Inf],[-Inf; Inf],[-Inf; Inf],(27.85; Inf],[-Inf;0.5275],(28.5; Inf],tested_negative
(6.5; Inf],(159.5; Inf],[-Inf; Inf],[-Inf; Inf],[-Inf; Inf],(27.85; Inf],(0.5275; Inf],(28.5; Inf],tested_positive
[-Inf;6.5],(159.5; Inf],[-Inf; Inf],[-Inf; Inf],[-Inf; Inf],(27.85; Inf],[-Inf;0.5275],[-Inf;28.5],tested_negative
(6.5; Inf],(99.5;127.5],[-Inf; Inf],[-Inf; Inf],[-Inf; Inf],(27.85; Inf],[-Inf;0.5275],(28.5; Inf],tested_negative
[-Inf;6.5],(99.5;127.5],[-Inf; Inf],[-Inf; Inf],[-Inf; Inf],(27.85; Inf],[-Inf;0.5275],[-Inf;28.5],tested_negative
(6.5; Inf],(99.5;127.5],[-Inf; Inf],[-Inf; Inf],[-Inf; Inf],(27.85; Inf],[-Inf;0.5275],(28.5; Inf],tested_negative
[-Inf;6.5],(127.5;159.5],[-Inf; Inf],[-Inf; Inf],[-Inf; Inf],(27.85; Inf],[-Inf;0.5275],[-Inf;28.5],tested_negative
[-Inf;6.5],[-Inf;99.5],[-Inf; Inf],[-Inf; Inf],[-Inf; Inf],[-Inf;27.85],[-Inf;0.5275],[-Inf;28.5],tested_negative
[-Inf;6.5],[-Inf;99.5],[-Inf; Inf],[-Inf; Inf],[-Inf; Inf],(27.85; Inf],[-Inf;0.5275],[-Inf;28.5],tested_negative
(6.5; Inf],[-Inf;99.5],[-Inf; Inf],[-Inf; Inf],[-Inf; Inf],[-Inf;27.85],(0.5275; Inf],(28.5; Inf],tested_positive
[-Inf;6.5],(99.5;127.5],[-Inf; Inf],[-Inf; Inf],[-Inf; Inf],(27.85; Inf],[-Inf;0.5275],[-Inf;28.5],tested_negative
[-Inf;6.5],(159.5; Inf],[-Inf; Inf],[-Inf; Inf],[-Inf; Inf],[-Inf;27.85],(0.5275; Inf],[-Inf;28.5],tested_negative
(6.5; Inf],(127.5;159.5],[-Inf; Inf],[-Inf; Inf],[-Inf; Inf],(27.85; Inf],(0.5275; Inf],(28.5; Inf],tested_positive
[-Inf;6.5],(159.5; Inf],[-Inf; Inf],[-Inf; Inf],[-Inf; Inf],(27.85; Inf],[-Inf;0.5275],(28.5; Inf],tested_negative
[-Inf;6.5],(127.5;159.5],[-Inf; Inf],[-Inf; Inf],[-Inf; Inf],(27.85; Inf],(0.5275; Inf],[-Inf;28.5],tested_positive
[-Inf;6.5],[-Inf;99.5],[-Inf; Inf],[-Inf; Inf],[-Inf; Inf],(27.85; Inf],(0.5275; Inf],[-Inf;28.5],tested_negative
[-Inf;6.5],(127.5;159.5],[-Inf; Inf],[-Inf; Inf],[-Inf; Inf],(27.85; Inf],[-Inf;0.5275],(28.5; Inf],tested_negative
[-Inf;6.5],(99.5;127.5],[-Inf; Inf],[-Inf; Inf],[-Inf; Inf],(27.85; Inf],[-Inf;0.5275],(28.5; Inf],tested_positive
[-Inf;6.5],[-Inf;99.5],[-Inf; Inf],[-Inf; Inf],[-Inf; Inf],(27.85; Inf],(0.5275; Inf],(28.5; Inf],tested_negative
[-Inf;6.5],(127.5;159.5],[-Inf; Inf],[-Inf; Inf],[-Inf; Inf],(27.85; Inf],(0.5275; Inf],[-Inf;28.5],tested_positive
[-Inf;6.5],(127.5;159.5],[-Inf; Inf],[-Inf; Inf],[-Inf; Inf],(27.85; Inf],(0.5275; Inf],[-Inf;28.5],tested_negative
[-Inf;6.5],(99.5;127.5],[-Inf; Inf],[-Inf; Inf],[-Inf; Inf],[-Inf;27.85],[-Inf;0.5275],[-Inf;28.5],tested_negative
[-Inf;6.5],(127.5;159.5],[-Inf; Inf],[-Inf; Inf],[-Inf; Inf],[-Inf;27.85],[-Inf;0.5275],[-Inf;28.5],tested_positive
(6.5; Inf],(99.5;127.5],[-Inf; Inf],[-Inf; Inf],[-Inf; Inf],(27.85; Inf],(0.5275; Inf],(28.5; Inf],tested_positive
[-Inf;6.5],[-Inf;99.5],[-Inf; Inf],[-Inf; Inf],[-Inf; Inf],(27.85; Inf],[-Inf;0.5275],[-Inf;28.5],tested_negative
(6.5; Inf],(99.5;127.5],[-Inf; Inf],[-Inf; Inf],[-Inf; Inf],(27.85; Inf],[-Inf;0.5275],(28.5; Inf],tested_negative
[-Inf;6.5],(99.5;127.5],[-Inf; Inf],[-Inf; Inf],[-Inf; Inf],(27.85; Inf],(0.5275; Inf],[-Inf;28.5],tested_negative
(6.5; Inf],(99.5;127.5],[-Inf; Inf],[-Inf; Inf],[-Inf; Inf],[-Inf;27.85],[-Inf;0.5275],(28.5; Inf],tested_positive
[-Inf;6.5],(99.5;127.5],[-Inf; Inf],[-Inf; Inf],[-Inf; Inf],[-Inf;27.85],[-Inf;0.5275],[-Inf;28.5],tested_negative
[-Inf;6.5],(99.5;127.5],[-Inf; Inf],[-Inf; Inf],[-Inf; Inf],[-Inf;27.85],(0.5275; Inf],(28.5; Inf],tested_negative
[-Inf;6.5],(99.5;127.5],[-Inf; Inf],[-Inf; Inf],[-Inf; Inf],[-Inf;27.85],(0.5275; Inf],[-Inf;28.5],tested_negative
[-Inf;6.5],(127.5;159.5],[-Inf; Inf],[-Inf; Inf],[-Inf; Inf],(27.85; Inf],[-Inf;0.5275],[-Inf;28.5],tested_positive
(6.5; Inf],(127.5;159.5],[-Inf; Inf],[-Inf; Inf],[-Inf; Inf],(27.85; Inf],[-Inf;0.5275],(28.5; Inf],tested_negative
(6.5; Inf],(159.5; Inf],[-Inf; Inf],[-Inf; Inf],[-Inf; Inf],(27.85; Inf],[-Inf;0.5275],(28.5; Inf],tested_positive
(6.5; Inf],(127.5;159.5],[-Inf; Inf],[-Inf; Inf],[-Inf; Inf],[-Inf;27.85],(0.5275; Inf],(28.5; Inf],tested_negative
[-Inf;6.5],(127.5;159.5],[-Inf; Inf],[-Inf; Inf],[-Inf; Inf],(27.85; Inf],(0.5275; Inf],(28.5; Inf],tested_negative
[-Inf;6.5],(99.5;127.5],[-Inf; Inf],[-Inf; Inf],[-Inf; Inf],(27.85; Inf],(0.5275; Inf],(28.5; Inf],tested_positive
[-Inf;6.5],[-Inf;99.5],[-Inf; Inf],[-Inf; Inf],[-Inf; Inf],[-Inf;27.85],[-Inf;0.5275],[-Inf;28.5],tested_negative
[-Inf;6.5],(99.5;127.5],[-Inf; Inf],[-Inf; Inf],[-Inf; Inf],(27.85; Inf],[-Inf;0.5275],(28.5; Inf],tested_negative
[-Inf;6.5],(99.5;127.5],[-Inf; Inf],[-Inf; Inf],[-Inf; Inf],(27.85; Inf],(0.5275; Inf],[-Inf;28.5],tested_positive
[-Inf;6.5],(127.5;159.5],[-Inf; Inf],[-Inf; Inf],[-Inf; Inf],(27.85; Inf],(0.5275; Inf],(28.5; Inf],tested_positive
[-Inf;6.5],(127.5;159.5],[-Inf; Inf],[-Inf; Inf],[-Inf; Inf],(27.85; Inf],(0.5275; Inf],[-Inf;28.5],tested_positive
[-Inf;6.5],(159.5; Inf],[-Inf; Inf],[-Inf; Inf],[-Inf; Inf],[-Inf;27.85],[-Inf;0.5275],(28.5; Inf],tested_negative
[-Inf;6.5],(127.5;159.5],[-Inf; Inf],[-Inf; Inf],[-Inf; Inf],(27.85; Inf],(0.5275; Inf],[-Inf;28.5],tested_negative
[-Inf;6.5],(127.5;159.5],[-Inf; Inf],[-Inf; Inf],[-Inf; Inf],(27.85; Inf],[-Inf;0.5275],(28.5; Inf],tested_positive
[-Inf;6.5],(99.5;127.5],[-Inf; Inf],[-Inf; Inf],[-Inf; Inf],(27.85; Inf],[-Inf;0.5275],[-Inf;28.5],tested_negative
(6.5; Inf],(99.5;127.5],[-Inf; Inf],[-Inf; Inf],[-Inf; Inf],[-Inf;27.85],(0.5275; Inf],(28.5; Inf],tested_negative
[-Inf;6.5],(159.5; Inf],[-Inf; Inf],[-Inf; Inf],[-Inf; Inf],(27.85; Inf],(0.5275; Inf],(28.5; Inf],tested_positive
[-Inf;6.5],(127.5;159.5],[-Inf; Inf],[-Inf; Inf],[-Inf; Inf],(27.85; Inf],[-Inf;0.5275],[-Inf;28.5],tested_positive
[-Inf;6.5],[-Inf;99.5],[-Inf; Inf],[-Inf; Inf],[-Inf; Inf],(27.85; Inf],[-Inf;0.5275],(28.5; Inf],tested_negative
[-Inf;6.5],(127.5;159.5],[-Inf; Inf],[-Inf; Inf],[-Inf; Inf],[-Inf;27.85],[-Inf;0.5275],(28.5; Inf],tested_negative
[-Inf;6.5],(99.5;127.5],[-Inf; Inf],[-Inf; Inf],[-Inf; Inf],(27.85; Inf],[-Inf;0.5275],(28.5; Inf],tested_negative
(6.5; Inf],(159.5; Inf],[-Inf; Inf],[-Inf; Inf],[-Inf; Inf],[-Inf;27.85],[-Inf;0.5275],(28.5; Inf],tested_positive
[-Inf;6.5],(127.5;159.5],[-Inf; Inf],[-Inf; Inf],[-Inf; Inf],[-Inf;27.85],[-Inf;0.5275],[-Inf;28.5],tested_negative
[-Inf;6.5],(127.5;159.5],[-Inf; Inf],[-Inf; Inf],[-Inf; Inf],(27.85; Inf],(0.5275; Inf],[-Inf;28.5],tested_positive
[-Inf;6.5],(99.5;127.5],[-Inf; Inf],[-Inf; Inf],[-Inf; Inf],(27.85; Inf],(0.5275; Inf],(28.5; Inf],tested_positive
[-Inf;6.5],(99.5;127.5],[-Inf; Inf],[-Inf; Inf],[-Inf; Inf],(27.85; Inf],(0.5275; Inf],[-Inf;28.5],tested_negative
[-Inf;6.5],(127.5;159.5],[-Inf; Inf],[-Inf; Inf],[-Inf; Inf],[-Inf;27.85],[-Inf;0.5275],[-Inf;28.5],tested_positive
[-Inf;6.5],(99.5;127.5],[-Inf; Inf],[-Inf; Inf],[-Inf; Inf],(27.85; Inf],(0.5275; Inf],[-Inf;28.5],tested_negative
(6.5; Inf],(99.5;127.5],[-Inf; Inf],[-Inf; Inf],[-Inf; Inf],(27.85; Inf],(0.5275; Inf],(28.5; Inf],tested_positive
[-Inf;6.5],(99.5;127.5],[-Inf; Inf],[-Inf; Inf],[-Inf; Inf],(27.85; Inf],[-Inf;0.5275],[-Inf;28.5],tested_negative
[-Inf;6.5],[-Inf;99.5],[-Inf; Inf],[-Inf; Inf],[-Inf; Inf],[-Inf;27.85],[-Inf;0.5275],(28.5; Inf],tested_negative
[-Inf;6.5],(159.5; Inf],[-Inf; Inf],[-Inf; Inf],[-Inf; Inf],(27.85; Inf],[-Inf;0.5275],(28.5; Inf],tested_positive
[-Inf;6.5],(99.5;127.5],[-Inf; Inf],[-Inf; Inf],[-Inf; Inf],(27.85; Inf],[-Inf;0.5275],[-Inf;28.5],tested_negative
[-Inf;6.5],(159.5; Inf],[-Inf; Inf],[-Inf; Inf],[-Inf; Inf],[-Inf;27.85],[-Inf;0.5275],(28.5; Inf],tested_positive
[-Inf;6.5],(127.5;159.5],[-Inf; Inf],[-Inf; Inf],[-Inf; Inf],[-Inf;27.85],[-Inf;0.5275],(28.5; Inf],tested_negative
[-Inf;6.5],(99.5;127.5],[-Inf; Inf],[-Inf; Inf],[-Inf; Inf],[-Inf;27.85],[-Inf;0.5275],(28.5; Inf],tested_positive
(6.5; Inf],(127.5;159.5],[-Inf; Inf],[-Inf; Inf],[-Inf; Inf],[-Inf;27.85],(0.5275; Inf],(28.5; Inf],tested_positive
[-Inf;6.5],(99.5;127.5],[-Inf; Inf],[-Inf; Inf],[-Inf; Inf],(27.85; Inf],[-Inf;0.5275],[-Inf;28.5],tested_negative
[-Inf;6.5],(127.5;159.5],[-Inf; Inf],[-Inf; Inf],[-Inf; Inf],[-Inf;27.85],[-Inf;0.5275],[-Inf;28.5],tested_negative
[-Inf;6.5],(99.5;127.5],[-Inf; Inf],[-Inf; Inf],[-Inf; Inf],(27.85; Inf],(0.5275; Inf],(28.5; Inf],tested_positive
(6.5; Inf],(159.5; Inf],[-Inf; Inf],[-Inf; Inf],[-Inf; Inf],(27.85; Inf],[-Inf;0.5275],(28.5; Inf],tested_negative
[-Inf;6.5],(99.5;127.5],[-Inf; Inf],[-Inf; Inf],[-Inf; Inf],(27.85; Inf],[-Inf;0.5275],[-Inf;28.5],tested_positive
[-Inf;6.5],(99.5;127.5],[-Inf; Inf],[-Inf; Inf],[-Inf; Inf],(27.85; Inf],[-Inf;0.5275],(28.5; Inf],tested_negative
(6.5; Inf],(99.5;127.5],[-Inf; Inf],[-Inf; Inf],[-Inf; Inf],[-Inf;27.85],(0.5275; Inf],(28.5; Inf],tested_negative
[-Inf;6.5],[-Inf;99.5],[-Inf; Inf],[-Inf; Inf],[-Inf; Inf],(27.85; Inf],[-Inf;0.5275],[-Inf;28.5],tested_negative
[-Inf;6.5],(159.5; Inf],[-Inf; Inf],[-Inf; Inf],[-Inf; Inf],(27.85; Inf],[-Inf;0.5275],(28.5; Inf],tested_positive
(6.5; Inf],(99.5;127.5],[-Inf; Inf],[-Inf; Inf],[-Inf; Inf],[-Inf;27.85],[-Inf;0.5275],(28.5; Inf],tested_negative
[-Inf;6.5],[-Inf;99.5],[-Inf; Inf],[-Inf; Inf],[-Inf; Inf],[-Inf;27.85],[-Inf;0.5275],[-Inf;28.5],tested_negative
[-Inf;6.5],(159.5; Inf],[-Inf; Inf],[-Inf; Inf],[-Inf; Inf],(27.85; Inf],[-Inf;0.5275],[-Inf;28.5],tested_negative
[-Inf;6.5],(99.5;127.5],[-Inf; Inf],[-Inf; Inf],[-Inf; Inf],(27.85; Inf],(0.5275; Inf],(28.5; Inf],tested_negative
[-Inf;6.5],(99.5;127.5],[-Inf; Inf],[-Inf; Inf],[-Inf; Inf],(27.85; Inf],[-Inf;0.5275],(28.5; Inf],tested_positive
(6.5; Inf],(159.5; Inf],[-Inf; Inf],[-Inf; Inf],[-Inf; Inf],(27.85; Inf],[-Inf;0.5275],(28.5; Inf],tested_positive
[-Inf;6.5],(127.5;159.5],[-Inf; Inf],[-Inf; Inf],[-Inf; Inf],[-Inf;27.85],[-Inf;0.5275],[-Inf;28.5],tested_negative
[-Inf;6.5],[-Inf;99.5],[-Inf; Inf],[-Inf; Inf],[-Inf; Inf],[-Inf;27.85],(0.5275; Inf],(28.5; Inf],tested_negative
[-Inf;6.5],[-Inf;99.5],[-Inf; Inf],[-Inf; Inf],[-Inf; Inf],(27.85; Inf],[-Inf;0.5275],[-Inf;28.5],tested_negative
[-Inf;6.5],(99.5;127.5],[-Inf; Inf],[-Inf; Inf],[-Inf; Inf],(27.85; Inf],[-Inf;0.5275],(28.5; Inf],tested_negative
(6.5; Inf],[-Inf;99.5],[-Inf; Inf],[-Inf; Inf],[-Inf; Inf],(27.85; Inf],[-Inf;0.5275],(28.5; Inf],tested_negative
(6.5; Inf],(99.5;127.5],[-Inf; Inf],[-Inf; Inf],[-Inf; Inf],(27.85; Inf],[-Inf;0.5275],(28.5; Inf],tested_negative
[-Inf;6.5],(127.5;159.5],[-Inf; Inf],[-Inf; Inf],[-Inf; Inf],(27.85; Inf],(0.5275; Inf],[-Inf;28.5],tested_negative
[-Inf;6.5],(99.5;127.5],[-Inf; Inf],[-Inf; Inf],[-Inf; Inf],[-Inf;27.85],[-Inf;0.5275],[-Inf;28.5],tested_negative
[-Inf;6.5],[-Inf;99.5],[-Inf; Inf],[-Inf; Inf],[-Inf; Inf],[-Inf;27.85],[-Inf;0.5275],[-Inf;28.5],tested_negative
[-Inf;6.5],[-Inf;99.5],[-Inf; Inf],[-Inf; Inf],[-Inf; Inf],(27.85; Inf],[-Inf;0.5275],(28.5; Inf],tested_positive
[-Inf;6.5],[-Inf;99.5],[-Inf; Inf],[-Inf; Inf],[-Inf; Inf],(27.85; Inf],[-Inf;0.5275],(28.5; Inf],tested_negative
[-Inf;6.5],(127.5;159.5],[-Inf; Inf],[-Inf; Inf],[-Inf; Inf],(27.85; Inf],[-Inf;0.5275],(28.5; Inf],tested_negative
[-Inf;6.5],[-Inf;99.5],[-Inf; Inf],[-Inf; Inf],[-Inf; Inf],(27.85; Inf],[-Inf;0.5275],(28.5; Inf],tested_negative
[-Inf;6.5],[-Inf;99.5],[-Inf; Inf],[-Inf; Inf],[-Inf; Inf],[-Inf;27.85],(0.5275; Inf],[-Inf;28.5],tested_negative
[-Inf;6.5],[-Inf;99.5],[-Inf; Inf],[-Inf; Inf],[-Inf; Inf],(27.85; Inf],(0.5275; Inf],[-Inf;28.5],tested_negative
(6.5; Inf],(159.5; Inf],[-Inf; Inf],[-Inf; Inf],[-Inf; Inf],(27.85; Inf],[-Inf;0.5275],(28.5; Inf],tested_positive
[-Inf;6.5],(99.5;127.5],[-Inf; Inf],[-Inf; Inf],[-Inf; Inf],(27.85; Inf],(0.5275; Inf],[-Inf;28.5],tested_positive
(6.5; Inf],(127.5;159.5],[-Inf; Inf],[-Inf; Inf],[-Inf; Inf],(27.85; Inf],(0.5275; Inf],(28.5; Inf],tested_positive
(6.5; Inf],[-Inf;99.5],[-Inf; Inf],[-Inf; Inf],[-Inf; Inf],(27.85; Inf],[-Inf;0.5275],(28.5; Inf],tested_negative
[-Inf;6.5],(159.5; Inf],[-Inf; Inf],[-Inf; Inf],[-Inf; Inf],(27.85; Inf],(0.5275; Inf],(28.5; Inf],tested_positive
[-Inf;6.5],(159.5; Inf],[-Inf; Inf],[-Inf; Inf],[-Inf; Inf],(27.85; Inf],(0.5275; Inf],(28.5; Inf],tested_positive
[-Inf;6.5],(127.5;159.5],[-Inf; Inf],[-Inf; Inf],[-Inf; Inf],(27.85; Inf],[-Inf;0.5275],(28.5; Inf],tested_negative
[-Inf;6.5],(99.5;127.5],[-Inf; Inf],[-Inf; Inf],[-Inf; Inf],(27.85; Inf],[-Inf;0.5275],(28.5; Inf],tested_negative
[-Inf;6.5],(127.5;159.5],[-Inf; Inf],[-Inf; Inf],[-Inf; Inf],(27.85; Inf],[-Inf;0.5275],(28.5; Inf],tested_positive
[-Inf;6.5],(127.5;159.5],[-Inf; Inf],[-Inf; Inf],[-Inf; Inf],(27.85; Inf],[-Inf;0.5275],(28.5; Inf],tested_negative
[-Inf;6.5],[-Inf;99.5],[-Inf; Inf],[-Inf; Inf],[-Inf; Inf],(27.85; Inf],[-Inf;0.5275],(28.5; Inf],tested_negative
[-Inf;6.5],(99.5;127.5],[-Inf; Inf],[-Inf; Inf],[-Inf; Inf],[-Inf;27.85],[-Inf;0.5275],(28.5; Inf],tested_positive
[-Inf;6.5],(99.5;127.5],[-Inf; Inf],[-Inf; Inf],[-Inf; Inf],[-Inf;27.85],[-Inf;0.5275],[-Inf;28.5],tested_negative
[-Inf;6.5],[-Inf;99.5],[-Inf; Inf],[-Inf; Inf],[-Inf; Inf],[-Inf;27.85],[-Inf;0.5275],[-Inf;28.5],tested_negative
[-Inf;6.5],(127.5;159.5],[-Inf; Inf],[-Inf; Inf],[-Inf; Inf],(27.85; Inf],[-Inf;0.5275],(28.5; Inf],tested_positive
[-Inf;6.5],(99.5;127.5],[-Inf; Inf],[-Inf; Inf],[-Inf; Inf],[-Inf;27.85],(0.5275; Inf],[-Inf;28.5],tested_negative
[-Inf;6.5],[-Inf;99.5],[-Inf; Inf],[-Inf; Inf],[-Inf; Inf],(27.85; Inf],(0.5275; Inf],[-Inf;28.5],tested_negative
[-Inf;6.5],(99.5;127.5],[-Inf; Inf],[-Inf; Inf],[-Inf; Inf],(27.85; Inf],(0.5275; Inf],[-Inf;28.5],tested_negative
(6.5; Inf],(127.5;159.5],[-Inf; Inf],[-Inf; Inf],[-Inf; Inf],(27.85; Inf],(0.5275; Inf],(28.5; Inf],tested_positive
[-Inf;6.5],[-Inf;99.5],[-Inf; Inf],[-Inf; Inf],[-Inf; Inf],(27.85; Inf],[-Inf;0.5275],[-Inf;28.5],tested_negative
[-Inf;6.5],(127.5;159.5],[-Inf; Inf],[-Inf; Inf],[-Inf; Inf],(27.85; Inf],[-Inf;0.5275],(28.5; Inf],tested_positive
[-Inf;6.5],[-Inf;99.5],[-Inf; Inf],[-Inf; Inf],[-Inf; Inf],(27.85; Inf],(0.5275; Inf],(28.5; Inf],tested_negative
[-Inf;6.5],(99.5;127.5],[-Inf; Inf],[-Inf; Inf],[-Inf; Inf],(27.85; Inf],(0.5275; Inf],[-Inf;28.5],tested_negative
[-Inf;6.5],(99.5;127.5],[-Inf; Inf],[-Inf; Inf],[-Inf; Inf],[-Inf;27.85],[-Inf;0.5275],[-Inf;28.5],tested_negative
[-Inf;6.5],(99.5;127.5],[-Inf; Inf],[-Inf; Inf],[-Inf; Inf],[-Inf;27.85],(0.5275; Inf],[-Inf;28.5],tested_negative
[-Inf;6.5],[-Inf;99.5],[-Inf; Inf],[-Inf; Inf],[-Inf; Inf],[-Inf;27.85],(0.5275; Inf],[-Inf;28.5],tested_negative
[-Inf;6.5],(99.5;127.5],[-Inf; Inf],[-Inf; Inf],[-Inf; Inf],[-Inf;27.85],[-Inf;0.5275],[-Inf;28.5],tested_negative
[-Inf;6.5],(99.5;127.5],[-Inf; Inf],[-Inf; Inf],[-Inf; Inf],[-Inf;27.85],[-Inf;0.5275],[-Inf;28.5],tested_negative
[-Inf;6.5],(99.5;127.5],[-Inf; Inf],[-Inf; Inf],[-Inf; Inf],(27.85; Inf],(0.5275; Inf],(28.5; Inf],tested_positive
(6.5; Inf],(99.5;127.5],[-Inf; Inf],[-Inf; Inf],[-Inf; Inf],(27.85; Inf],[-Inf;0.5275],(28.5; Inf],tested_positive
[-Inf;6.5],(127.5;159.5],[-Inf; Inf],[-Inf; Inf],[-Inf; Inf],(27.85; Inf],[-Inf;0.5275],(28.5; Inf],tested_positive
[-Inf;6.5],(99.5;127.5],[-Inf; Inf],[-Inf; Inf],[-Inf; Inf],(27.85; Inf],(0.5275; Inf],[-Inf;28.5],tested_negative
[-Inf;6.5],(99.5;127.5],[-Inf; Inf],[-Inf; Inf],[-Inf; Inf],(27.85; Inf],[-Inf;0.5275],(28.5; Inf],tested_negative
[-Inf;6.5],(159.5; Inf],[-Inf; Inf],[-Inf; Inf],[-Inf; Inf],(27.85; Inf],[-Inf;0.5275],[-Inf;28.5],tested_positive
[-Inf;6.5],(127.5;159.5],[-Inf; Inf],[-Inf; Inf],[-Inf; Inf],[-Inf;27.85],[-Inf;0.5275],[-Inf;28.5],tested_negative
[-Inf;6.5],(99.5;127.5],[-Inf; Inf],[-Inf; Inf],[-Inf; Inf],[-Inf;27.85],[-Inf;0.5275],(28.5; Inf],tested_negative
[-Inf;6.5],(127.5;159.5],[-Inf; Inf],[-Inf; Inf],[-Inf; Inf],(27.85; Inf],(0.5275; Inf],(28.5; Inf],tested_positive
[-Inf;6.5],(99.5;127.5],[-Inf; Inf],[-Inf; Inf],[-Inf; Inf],[-Inf;27.85],(0.5275; Inf],[-Inf;28.5],tested_negative
[-Inf;6.5],(127.5;159.5],[-Inf; Inf],[-Inf; Inf],[-Inf; Inf],(27.85; Inf],[-Inf;0.5275],[-Inf;28.5],tested_positive
[-Inf;6.5],(159.5; Inf],[-Inf; Inf],[-Inf; Inf],[-Inf; Inf],(27.85; Inf],[-Inf;0.5275],[-Inf;28.5],tested_positive
[-Inf;6.5],[-Inf;99.5],[-Inf; Inf],[-Inf; Inf],[-Inf; Inf],(27.85; Inf],[-Inf;0.5275],(28.5; Inf],tested_positive
[-Inf;6.5],(127.5;159.5],[-Inf; Inf],[-Inf; Inf],[-Inf; Inf],[-Inf;27.85],[-Inf;0.5275],(28.5; Inf],tested_negative
[-Inf;6.5],(127.5;159.5],[-Inf; Inf],[-Inf; Inf],[-Inf; Inf],(27.85; Inf],[-Inf;0.5275],(28.5; Inf],tested_positive
[-Inf;6.5],(159.5; Inf],[-Inf; Inf],[-Inf; Inf],[-Inf; Inf],(27.85; Inf],[-Inf;0.5275],(28.5; Inf],tested_positive
[-Inf;6.5],(99.5;127.5],[-Inf; Inf],[-Inf; Inf],[-Inf; Inf],(27.85; Inf],[-Inf;0.5275],[-Inf;28.5],tested_negative
[-Inf;6.5],(99.5;127.5],[-Inf; Inf],[-Inf; Inf],[-Inf; Inf],(27.85; Inf],[-Inf;0.5275],(28.5; Inf],tested_positive
[-Inf;6.5],(99.5;127.5],[-Inf; Inf],[-Inf; Inf],[-Inf; Inf],[-Inf;27.85],[-Inf;0.5275],[-Inf;28.5],tested_negative
(6.5; Inf],(159.5; Inf],[-Inf; Inf],[-Inf; Inf],[-Inf; Inf],[-Inf;27.85],(0.5275; Inf],(28.5; Inf],tested_positive
[-Inf;6.5],(159.5; Inf],[-Inf; Inf],[-Inf; Inf],[-Inf; Inf],(27.85; Inf],(0.5275; Inf],[-Inf;28.5],tested_positive
[-Inf;6.5],(127.5;159.5],[-Inf; Inf],[-Inf; Inf],[-Inf; Inf],(27.85; Inf],(0.5275; Inf],[-Inf;28.5],tested_negative
[-Inf;6.5],(127.5;159.5],[-Inf; Inf],[-Inf; Inf],[-Inf; Inf],(27.85; Inf],(0.5275; Inf],[-Inf;28.5],tested_positive
[-Inf;6.5],(159.5; Inf],[-Inf; Inf],[-Inf; Inf],[-Inf; Inf],(27.85; Inf],[-Inf;0.5275],[-Inf;28.5],tested_positive
[-Inf;6.5],[-Inf;99.5],[-Inf; Inf],[-Inf; Inf],[-Inf; Inf],[-Inf;27.85],(0.5275; Inf],[-Inf;28.5],tested_negative
[-Inf;6.5],(127.5;159.5],[-Inf; Inf],[-Inf; Inf],[-Inf; Inf],(27.85; Inf],(0.5275; Inf],(28.5; Inf],tested_positive
[-Inf;6.5],[-Inf;99.5],[-Inf; Inf],[-Inf; Inf],[-Inf; Inf],[-Inf;27.85],(0.5275; Inf],[-Inf;28.5],tested_negative
[-Inf;6.5],(127.5;159.5],[-Inf; Inf],[-Inf; Inf],[-Inf; Inf],[-Inf;27.85],[-Inf;0.5275],[-Inf;28.5],tested_positive
[-Inf;6.5],(99.5;127.5],[-Inf; Inf],[-Inf; Inf],[-Inf; Inf],(27.85; Inf],[-Inf;0.5275],[-Inf;28.5],tested_negative
[-Inf;6.5],[-Inf;99.5],[-Inf; Inf],[-Inf; Inf],[-Inf; Inf],[-Inf;27.85],(0.5275; Inf],[-Inf;28.5],tested_negative
[-Inf;6.5],(99.5;127.5],[-Inf; Inf],[-Inf; Inf],[-Inf; Inf],(27.85; Inf],[-Inf;0.5275],[-Inf;28.5],tested_negative
(6.5; Inf],(127.5;159.5],[-Inf; Inf],[-Inf; Inf],[-Inf; Inf],(27.85; Inf],[-Inf;0.5275],(28.5; Inf],tested_positive
[-Inf;6.5],(159.5; Inf],[-Inf; Inf],[-Inf; Inf],[-Inf; Inf],(27.85; Inf],[-Inf;0.5275],(28.5; Inf],tested_positive
[-Inf;6.5],[-Inf;99.5],[-Inf; Inf],[-Inf; Inf],[-Inf; Inf],[-Inf;27.85],[-Inf;0.5275],[-Inf;28.5],tested_negative
[-Inf;6.5],(159.5; Inf],[-Inf; Inf],[-Inf; Inf],[-Inf; Inf],(27.85; Inf],[-Inf;0.5275],(28.5; Inf],tested_positive
[-Inf;6.5],[-Inf;99.5],[-Inf; Inf],[-Inf; Inf],[-Inf; Inf],(27.85; Inf],[-Inf;0.5275],(28.5; Inf],tested_positive
[-Inf;6.5],[-Inf;99.5],[-Inf; Inf],[-Inf; Inf],[-Inf; Inf],[-Inf;27.85],[-Inf;0.5275],[-Inf;28.5],tested_negative
[-Inf;6.5],[-Inf;99.5],[-Inf; Inf],[-Inf; Inf],[-Inf; Inf],(27.85; Inf],(0.5275; Inf],(28.5; Inf],tested_negative
[-Inf;6.5],[-Inf;99.5],[-Inf; Inf],[-Inf; Inf],[-Inf; Inf],(27.85; Inf],[-Inf;0.5275],[-Inf;28.5],tested_negative
[-Inf;6.5],(127.5;159.5],[-Inf; Inf],[-Inf; Inf],[-Inf; Inf],[-Inf;27.85],[-Inf;0.5275],(28.5; Inf],tested_negative
[-Inf;6.5],[-Inf;99.5],[-Inf; Inf],[-Inf; Inf],[-Inf; Inf],[-Inf;27.85],(0.5275; Inf],(28.5; Inf],tested_negative
[-Inf;6.5],(127.5;159.5],[-Inf; Inf],[-Inf; Inf],[-Inf; Inf],(27.85; Inf],[-Inf;0.5275],(28.5; Inf],tested_positive
(6.5; Inf],(127.5;159.5],[-Inf; Inf],[-Inf; Inf],[-Inf; Inf],(27.85; Inf],[-Inf;0.5275],(28.5; Inf],tested_negative
[-Inf;6.5],(127.5;159.5],[-Inf; Inf],[-Inf; Inf],[-Inf; Inf],(27.85; Inf],[-Inf;0.5275],[-Inf;28.5],tested_negative
[-Inf;6.5],[-Inf;99.5],[-Inf; Inf],[-Inf; Inf],[-Inf; Inf],[-Inf;27.85],[-Inf;0.5275],[-Inf;28.5],tested_negative
[-Inf;6.5],(99.5;127.5],[-Inf; Inf],[-Inf; Inf],[-Inf; Inf],(27.85; Inf],(0.5275; Inf],(28.5; Inf],tested_negative
[-Inf;6.5],(159.5; Inf],[-Inf; Inf],[-Inf; Inf],[-Inf; Inf],(27.85; Inf],[-Inf;0.5275],(28.5; Inf],tested_positive
[-Inf;6.5],[-Inf;99.5],[-Inf; Inf],[-Inf; Inf],[-Inf; Inf],(27.85; Inf],[-Inf;0.5275],[-Inf;28.5],tested_negative
[-Inf;6.5],(99.5;127.5],[-Inf; Inf],[-Inf; Inf],[-Inf; Inf],(27.85; Inf],[-Inf;0.5275],[-Inf;28.5],tested_negative
(6.5; Inf],(99.5;127.5],[-Inf; Inf],[-Inf; Inf],[-Inf; Inf],(27.85; Inf],(0.5275; Inf],(28.5; Inf],tested_positive
[-Inf;6.5],(99.5;127.5],[-Inf; Inf],[-Inf; Inf],[-Inf; Inf],(27.85; Inf],[-Inf;0.5275],(28.5; Inf],tested_positive
[-Inf;6.5],(159.5; Inf],[-Inf; Inf],[-Inf; Inf],[-Inf; Inf],(27.85; Inf],(0.5275; Inf],[-Inf;28.5],tested_positive
[-Inf;6.5],(99.5;127.5],[-Inf; Inf],[-Inf; Inf],[-Inf; Inf],[-Inf;27.85],(0.5275; Inf],[-Inf;28.5],tested_negative
[-Inf;6.5],[-Inf;99.5],[-Inf; Inf],[-Inf; Inf],[-Inf; Inf],(27.85; Inf],[-Inf;0.5275],[-Inf;28.5],tested_negative
[-Inf;6.5],(99.5;127.5],[-Inf; Inf],[-Inf; Inf],[-Inf; Inf],(27.85; Inf],[-Inf;0.5275],[-Inf;28.5],tested_positive
[-Inf;6.5],(99.5;127.5],[-Inf; Inf],[-Inf; Inf],[-Inf; Inf],(27.85; Inf],[-Inf;0.5275],[-Inf;28.5],tested_negative
[-Inf;6.5],[-Inf;99.5],[-Inf; Inf],[-Inf; Inf],[-Inf; Inf],[-Inf;27.85],[-Inf;0.5275],[-Inf;28.5],tested_negative
[-Inf;6.5],(127.5;159.5],[-Inf; Inf],[-Inf; Inf],[-Inf; Inf],(27.85; Inf],(0.5275; Inf],[-Inf;28.5],tested_positive
[-Inf;6.5],[-Inf;99.5],[-Inf; Inf],[-Inf; Inf],[-Inf; Inf],(27.85; Inf],[-Inf;0.5275],[-Inf;28.5],tested_negative
[-Inf;6.5],(99.5;127.5],[-Inf; Inf],[-Inf; Inf],[-Inf; Inf],[-Inf;27.85],(0.5275; Inf],(28.5; Inf],tested_negative
(6.5; Inf],(159.5; Inf],[-Inf; Inf],[-Inf; Inf],[-Inf; Inf],(27.85; Inf],[-Inf;0.5275],(28.5; Inf],tested_positive
[-Inf;6.5],[-Inf;99.5],[-Inf; Inf],[-Inf; Inf],[-Inf; Inf],(27.85; Inf],[-Inf;0.5275],[-Inf;28.5],tested_negative
(6.5; Inf],(127.5;159.5],[-Inf; Inf],[-Inf; Inf],[-Inf; Inf],(27.85; Inf],(0.5275; Inf],(28.5; Inf],tested_positive
(6.5; Inf],(127.5;159.5],[-Inf; Inf],[-Inf; Inf],[-Inf; Inf],[-Inf;27.85],[-Inf;0.5275],(28.5; Inf],tested_negative
(6.5; Inf],(99.5;127.5],[-Inf; Inf],[-Inf; Inf],[-Inf; Inf],[-Inf;27.85],(0.5275; Inf],(28.5; Inf],tested_negative
[-Inf;6.5],[-Inf;99.5],[-Inf; Inf],[-Inf; Inf],[-Inf; Inf],[-Inf;27.85],[-Inf;0.5275],[-Inf;28.5],tested_negative
(6.5; Inf],[-Inf;99.5],[-Inf; Inf],[-Inf; Inf],[-Inf; Inf],(27.85; Inf],(0.5275; Inf],(28.5; Inf],tested_negative
[-Inf;6.5],[-Inf;99.5],[-Inf; Inf],[-Inf; Inf],[-Inf; Inf],[-Inf;27.85],[-Inf;0.5275],(28.5; Inf],tested_negative
(6.5; Inf],(99.5;127.5],[-Inf; Inf],[-Inf; Inf],[-Inf; Inf],[-Inf;27.85],(0.5275; Inf],(28.5; Inf],tested_negative
[-Inf;6.5],(99.5;127.5],[-Inf; Inf],[-Inf; Inf],[-Inf; Inf],[-Inf;27.85],[-Inf;0.5275],[-Inf;28.5],tested_negative
[-Inf;6.5],[-Inf;99.5],[-Inf; Inf],[-Inf; Inf],[-Inf; Inf],[-Inf;27.85],[-Inf;0.5275],[-Inf;28.5],tested_negative
[-Inf;6.5],[-Inf;99.5],[-Inf; Inf],[-Inf; Inf],[-Inf; Inf],(27.85; Inf],(0.5275; Inf],[-Inf;28.5],tested_negative
(6.5; Inf],(99.5;127.5],[-Inf; Inf],[-Inf; Inf],[-Inf; Inf],(27.85; Inf],[-Inf;0.5275],(28.5; Inf],tested_positive
[-Inf;6.5],(127.5;159.5],[-Inf; Inf],[-Inf; Inf],[-Inf; Inf],(27.85; Inf],(0.5275; Inf],[-Inf;28.5],tested_negative
[-Inf;6.5],(127.5;159.5],[-Inf; Inf],[-Inf; Inf],[-Inf; Inf],(27.85; Inf],(0.5275; Inf],[-Inf;28.5],tested_negative
[-Inf;6.5],(127.5;159.5],[-Inf; Inf],[-Inf; Inf],[-Inf; Inf],(27.85; Inf],[-Inf;0.5275],[-Inf;28.5],tested_negative
[-Inf;6.5],(99.5;127.5],[-Inf; Inf],[-Inf; Inf],[-Inf; Inf],(27.85; Inf],[-Inf;0.5275],[-Inf;28.5],tested_negative
(6.5; Inf],(127.5;159.5],[-Inf; Inf],[-Inf; Inf],[-Inf; Inf],(27.85; Inf],[-Inf;0.5275],(28.5; Inf],tested_negative
[-Inf;6.5],(99.5;127.5],[-Inf; Inf],[-Inf; Inf],[-Inf; Inf],(27.85; Inf],[-Inf;0.5275],[-Inf;28.5],tested_negative
[-Inf;6.5],(127.5;159.5],[-Inf; Inf],[-Inf; Inf],[-Inf; Inf],[-Inf;27.85],[-Inf;0.5275],(28.5; Inf],tested_negative
(6.5; Inf],(99.5;127.5],[-Inf; Inf],[-Inf; Inf],[-Inf; Inf],[-Inf;27.85],[-Inf;0.5275],(28.5; Inf],tested_negative
(6.5; Inf],(99.5;127.5],[-Inf; Inf],[-Inf; Inf],[-Inf; Inf],[-Inf;27.85],[-Inf;0.5275],(28.5; Inf],tested_negative
[-Inf;6.5],(127.5;159.5],[-Inf; Inf],[-Inf; Inf],[-Inf; Inf],(27.85; Inf],[-Inf;0.5275],(28.5; Inf],tested_negative
[-Inf;6.5],(127.5;159.5],[-Inf; Inf],[-Inf; Inf],[-Inf; Inf],(27.85; Inf],[-Inf;0.5275],(28.5; Inf],tested_positive
[-Inf;6.5],(99.5;127.5],[-Inf; Inf],[-Inf; Inf],[-Inf; Inf],(27.85; Inf],[-Inf;0.5275],(28.5; Inf],tested_negative
[-Inf;6.5],[-Inf;99.5],[-Inf; Inf],[-Inf; Inf],[-Inf; Inf],[-Inf;27.85],[-Inf;0.5275],[-Inf;28.5],tested_negative
[-Inf;6.5],[-Inf;99.5],[-Inf; Inf],[-Inf; Inf],[-Inf; Inf],(27.85; Inf],[-Inf;0.5275],[-Inf;28.5],tested_negative
[-Inf;6.5],(127.5;159.5],[-Inf; Inf],[-Inf; Inf],[-Inf; Inf],(27.85; Inf],(0.5275; Inf],(28.5; Inf],tested_positive
[-Inf;6.5],(127.5;159.5],[-Inf; Inf],[-Inf; Inf],[-Inf; Inf],(27.85; Inf],[-Inf;0.5275],[-Inf;28.5],tested_positive
[-Inf;6.5],(127.5;159.5],[-Inf; Inf],[-Inf; Inf],[-Inf; Inf],(27.85; Inf],(0.5275; Inf],[-Inf;28.5],tested_negative
[-Inf;6.5],(159.5; Inf],[-Inf; Inf],[-Inf; Inf],[-Inf; Inf],(27.85; Inf],(0.5275; Inf],(28.5; Inf],tested_negative
[-Inf;6.5],[-Inf;99.5],[-Inf; Inf],[-Inf; Inf],[-Inf; Inf],[-Inf;27.85],[-Inf;0.5275],[-Inf;28.5],tested_negative
[-Inf;6.5],[-Inf;99.5],[-Inf; Inf],[-Inf; Inf],[-Inf; Inf],(27.85; Inf],[-Inf;0.5275],(28.5; Inf],tested_negative
[-Inf;6.5],[-Inf;99.5],[-Inf; Inf],[-Inf; Inf],[-Inf; Inf],(27.85; Inf],[-Inf;0.5275],(28.5; Inf],tested_negative
[-Inf;6.5],[-Inf;99.5],[-Inf; Inf],[-Inf; Inf],[-Inf; Inf],[-Inf;27.85],[-Inf;0.5275],[-Inf;28.5],tested_negative
[-Inf;6.5],(159.5; Inf],[-Inf; Inf],[-Inf; Inf],[-Inf; Inf],[-Inf;27.85],[-Inf;0.5275],(28.5; Inf],tested_negative
[-Inf;6.5],(99.5;127.5],[-Inf; Inf],[-Inf; Inf],[-Inf; Inf],[-Inf;27.85],[-Inf;0.5275],(28.5; Inf],tested_negative
[-Inf;6.5],[-Inf;99.5],[-Inf; Inf],[-Inf; Inf],[-Inf; Inf],(27.85; Inf],(0.5275; Inf],[-Inf;28.5],tested_negative
[-Inf;6.5],(127.5;159.5],[-Inf; Inf],[-Inf; Inf],[-Inf; Inf],(27.85; Inf],(0.5275; Inf],(28.5; Inf],tested_negative
[-Inf;6.5],(99.5;127.5],[-Inf; Inf],[-Inf; Inf],[-Inf; Inf],[-Inf;27.85],[-Inf;0.5275],[-Inf;28.5],tested_negative
[-Inf;6.5],[-Inf;99.5],[-Inf; Inf],[-Inf; Inf],[-Inf; Inf],(27.85; Inf],[-Inf;0.5275],[-Inf;28.5],tested_negative
[-Inf;6.5],[-Inf;99.5],[-Inf; Inf],[-Inf; Inf],[-Inf; Inf],(27.85; Inf],(0.5275; Inf],(28.5; Inf],tested_positive
(6.5; Inf],[-Inf;99.5],[-Inf; Inf],[-Inf; Inf],[-Inf; Inf],(27.85; Inf],(0.5275; Inf],(28.5; Inf],tested_negative
[-Inf;6.5],[-Inf;99.5],[-Inf; Inf],[-Inf; Inf],[-Inf; Inf],(27.85; Inf],[-Inf;0.5275],(28.5; Inf],tested_negative
(6.5; Inf],[-Inf;99.5],[-Inf; Inf],[-Inf; Inf],[-Inf; Inf],(27.85; Inf],[-Inf;0.5275],(28.5; Inf],tested_negative
[-Inf;6.5],(159.5; Inf],[-Inf; Inf],[-Inf; Inf],[-Inf; Inf],(27.85; Inf],[-Inf;0.5275],(28.5; Inf],tested_positive
[-Inf;6.5],(127.5;159.5],[-Inf; Inf],[-Inf; Inf],[-Inf; Inf],(27.85; Inf],(0.5275; Inf],[-Inf;28.5],tested_negative
[-Inf;6.5],[-Inf;99.5],[-Inf; Inf],[-Inf; Inf],[-Inf; Inf],(27.85; Inf],(0.5275; Inf],[-Inf;28.5],tested_negative
(6.5; Inf],(99.5;127.5],[-Inf; Inf],[-Inf; Inf],[-Inf; Inf],[-Inf;27.85],[-Inf;0.5275],(28.5; Inf],tested_negative
(6.5; Inf],[-Inf;99.5],[-Inf; Inf],[-Inf; Inf],[-Inf; Inf],(27.85; Inf],[-Inf;0.5275],(28.5; Inf],tested_positive
[-Inf;6.5],(127.5;159.5],[-Inf; Inf],[-Inf; Inf],[-Inf; Inf],[-Inf;27.85],[-Inf;0.5275],[-Inf;28.5],tested_negative
(6.5; Inf],[-Inf;99.5],[-Inf; Inf],[-Inf; Inf],[-Inf; Inf],[-Inf;27.85],[-Inf;0.5275],(28.5; Inf],tested_negative
[-Inf;6.5],[-Inf;99.5],[-Inf; Inf],[-Inf; Inf],[-Inf; Inf],[-Inf;27.85],[-Inf;0.5275],[-Inf;28.5],tested_negative
[-Inf;6.5],[-Inf;99.5],[-Inf; Inf],[-Inf; Inf],[-Inf; Inf],[-Inf;27.85],[-Inf;0.5275],[-Inf;28.5],tested_negative
[-Inf;6.5],(159.5; Inf],[-Inf; Inf],[-Inf; Inf],[-Inf; Inf],(27.85; Inf],[-Inf;0.5275],[-Inf;28.5],tested_positive
(6.5; Inf],(99.5;127.5],[-Inf; Inf],[-Inf; Inf],[-Inf; Inf],(27.85; Inf],[-Inf;0.5275],(28.5; Inf],tested_negative
(6.5; Inf],[-Inf;99.5],[-Inf; Inf],[-Inf; Inf],[-Inf; Inf],(27.85; Inf],[-Inf;0.5275],(28.5; Inf],tested_negative
[-Inf;6.5],(127.5;159.5],[-Inf; Inf],[-Inf; Inf],[-Inf; Inf],[-Inf;27.85],(0.5275; Inf],(28.5; Inf],tested_negative
[-Inf;6.5],[-Inf;99.5],[-Inf; Inf],[-Inf; Inf],[-Inf; Inf],[-Inf;27.85],[-Inf;0.5275],[-Inf;28.5],tested_negative
[-Inf;6.5],(99.5;127.5],[-Inf; Inf],[-Inf; Inf],[-Inf; Inf],(27.85; Inf],[-Inf;0.5275],[-Inf;28.5],tested_negative
[-Inf;6.5],(99.5;127.5],[-Inf; Inf],[-Inf; Inf],[-Inf; Inf],[-Inf;27.85],[-Inf;0.5275],[-Inf;28.5],tested_negative
(6.5; Inf],(127.5;159.5],[-Inf; Inf],[-Inf; Inf],[-Inf; Inf],(27.85; Inf],(0.5275; Inf],(28.5; Inf],tested_positive
[-Inf;6.5],(99.5;127.5],[-Inf; Inf],[-Inf; Inf],[-Inf; Inf],(27.85; Inf],[-Inf;0.5275],[-Inf;28.5],tested_negative
[-Inf;6.5],[-Inf;99.5],[-Inf; Inf],[-Inf; Inf],[-Inf; Inf],[-Inf;27.85],[-Inf;0.5275],[-Inf;28.5],tested_negative
[-Inf;6.5],[-Inf;99.5],[-Inf; Inf],[-Inf; Inf],[-Inf; Inf],[-Inf;27.85],[-Inf;0.5275],[-Inf;28.5],tested_negative
[-Inf;6.5],(99.5;127.5],[-Inf; Inf],[-Inf; Inf],[-Inf; Inf],[-Inf;27.85],[-Inf;0.5275],[-Inf;28.5],tested_negative
[-Inf;6.5],(99.5;127.5],[-Inf; Inf],[-Inf; Inf],[-Inf; Inf],(27.85; Inf],[-Inf;0.5275],[-Inf;28.5],tested_negative
[-Inf;6.5],(99.5;127.5],[-Inf; Inf],[-Inf; Inf],[-Inf; Inf],[-Inf;27.85],(0.5275; Inf],(28.5; Inf],tested_negative
[-Inf;6.5],(99.5;127.5],[-Inf; Inf],[-Inf; Inf],[-Inf; Inf],(27.85; Inf],(0.5275; Inf],[-Inf;28.5],tested_negative
[-Inf;6.5],(99.5;127.5],[-Inf; Inf],[-Inf; Inf],[-Inf; Inf],(27.85; Inf],(0.5275; Inf],[-Inf;28.5],tested_negative
[-Inf;6.5],[-Inf;99.5],[-Inf; Inf],[-Inf; Inf],[-Inf; Inf],(27.85; Inf],(0.5275; Inf],(28.5; Inf],tested_negative
[-Inf;6.5],[-Inf;99.5],[-Inf; Inf],[-Inf; Inf],[-Inf; Inf],(27.85; Inf],[-Inf;0.5275],(28.5; Inf],tested_negative
[-Inf;6.5],[-Inf;99.5],[-Inf; Inf],[-Inf; Inf],[-Inf; Inf],(27.85; Inf],(0.5275; Inf],[-Inf;28.5],tested_negative
[-Inf;6.5],(127.5;159.5],[-Inf; Inf],[-Inf; Inf],[-Inf; Inf],(27.85; Inf],[-Inf;0.5275],[-Inf;28.5],tested_positive
[-Inf;6.5],[-Inf;99.5],[-Inf; Inf],[-Inf; Inf],[-Inf; Inf],[-Inf;27.85],(0.5275; Inf],(28.5; Inf],tested_negative
[-Inf;6.5],(99.5;127.5],[-Inf; Inf],[-Inf; Inf],[-Inf; Inf],(27.85; Inf],(0.5275; Inf],[-Inf;28.5],tested_negative
[-Inf;6.5],(127.5;159.5],[-Inf; Inf],[-Inf; Inf],[-Inf; Inf],(27.85; Inf],(0.5275; Inf],(28.5; Inf],tested_positive
(6.5; Inf],(99.5;127.5],[-Inf; Inf],[-Inf; Inf],[-Inf; Inf],(27.85; Inf],(0.5275; Inf],(28.5; Inf],tested_positive
[-Inf;6.5],(127.5;159.5],[-Inf; Inf],[-Inf; Inf],[-Inf; Inf],(27.85; Inf],(0.5275; Inf],[-Inf;28.5],tested_positive
(6.5; Inf],[-Inf;99.5],[-Inf; Inf],[-Inf; Inf],[-Inf; Inf],(27.85; Inf],(0.5275; Inf],(28.5; Inf],tested_positive
[-Inf;6.5],[-Inf;99.5],[-Inf; Inf],[-Inf; Inf],[-Inf; Inf],(27.85; Inf],[-Inf;0.5275],[-Inf;28.5],tested_negative
[-Inf;6.5],[-Inf;99.5],[-Inf; Inf],[-Inf; Inf],[-Inf; Inf],(27.85; Inf],[-Inf;0.5275],(28.5; Inf],tested_negative
(6.5; Inf],(159.5; Inf],[-Inf; Inf],[-Inf; Inf],[-Inf; Inf],(27.85; Inf],[-Inf;0.5275],(28.5; Inf],tested_positive
[-Inf;6.5],(159.5; Inf],[-Inf; Inf],[-Inf; Inf],[-Inf; Inf],(27.85; Inf],(0.5275; Inf],(28.5; Inf],tested_positive
[-Inf;6.5],(127.5;159.5],[-Inf; Inf],[-Inf; Inf],[-Inf; Inf],(27.85; Inf],[-Inf;0.5275],[-Inf;28.5],tested_negative
[-Inf;6.5],(159.5; Inf],[-Inf; Inf],[-Inf; Inf],[-Inf; Inf],(27.85; Inf],[-Inf;0.5275],(28.5; Inf],tested_negative
[-Inf;6.5],(99.5;127.5],[-Inf; Inf],[-Inf; Inf],[-Inf; Inf],[-Inf;27.85],[-Inf;0.5275],[-Inf;28.5],tested_negative
[-Inf;6.5],[-Inf;99.5],[-Inf; Inf],[-Inf; Inf],[-Inf; Inf],(27.85; Inf],(0.5275; Inf],[-Inf;28.5],tested_negative
[-Inf;6.5],(99.5;127.5],[-Inf; Inf],[-Inf; Inf],[-Inf; Inf],[-Inf;27.85],[-Inf;0.5275],(28.5; Inf],tested_negative
[-Inf;6.5],[-Inf;99.5],[-Inf; Inf],[-Inf; Inf],[-Inf; Inf],(27.85; Inf],[-Inf;0.5275],[-Inf;28.5],tested_negative
[-Inf;6.5],[-Inf;99.5],[-Inf; Inf],[-Inf; Inf],[-Inf; Inf],(27.85; Inf],[-Inf;0.5275],[-Inf;28.5],tested_negative
[-Inf;6.5],[-Inf;99.5],[-Inf; Inf],[-Inf; Inf],[-Inf; Inf],(27.85; Inf],[-Inf;0.5275],(28.5; Inf],tested_negative
(6.5; Inf],(99.5;127.5],[-Inf; Inf],[-Inf; Inf],[-Inf; Inf],[-Inf;27.85],[-Inf;0.5275],(28.5; Inf],tested_negative
(6.5; Inf],(99.5;127.5],[-Inf; Inf],[-Inf; Inf],[-Inf; Inf],(27.85; Inf],[-Inf;0.5275],(28.5; Inf],tested_negative
(6.5; Inf],[-Inf;99.5],[-Inf; Inf],[-Inf; Inf],[-Inf; Inf],(27.85; Inf],[-Inf;0.5275],(28.5; Inf],tested_negative
[-Inf;6.5],(99.5;127.5],[-Inf; Inf],[-Inf; Inf],[-Inf; Inf],(27.85; Inf],[-Inf;0.5275],(28.5; Inf],tested_positive
[-Inf;6.5],(159.5; Inf],[-Inf; Inf],[-Inf; Inf],[-Inf; Inf],(27.85; Inf],[-Inf;0.5275],[-Inf;28.5],tested_positive
[-Inf;6.5],[-Inf;99.5],[-Inf; Inf],[-Inf; Inf],[-Inf; Inf],(27.85; Inf],[-Inf;0.5275],[-Inf;28.5],tested_negative
[-Inf;6.5],[-Inf;99.5],[-Inf; Inf],[-Inf; Inf],[-Inf; Inf],[-Inf;27.85],[-Inf;0.5275],(28.5; Inf],tested_negative
[-Inf;6.5],[-Inf;99.5],[-Inf; Inf],[-Inf; Inf],[-Inf; Inf],(27.85; Inf],(0.5275; Inf],[-Inf;28.5],tested_negative
[-Inf;6.5],[-Inf;99.5],[-Inf; Inf],[-Inf; Inf],[-Inf; Inf],[-Inf;27.85],(0.5275; Inf],[-Inf;28.5],tested_negative
[-Inf;6.5],[-Inf;99.5],[-Inf; Inf],[-Inf; Inf],[-Inf; Inf],(27.85; Inf],[-Inf;0.5275],[-Inf;28.5],tested_negative
[-Inf;6.5],[-Inf;99.5],[-Inf; Inf],[-Inf; Inf],[-Inf; Inf],(27.85; Inf],[-Inf;0.5275],(28.5; Inf],tested_negative
[-Inf;6.5],(127.5;159.5],[-Inf; Inf],[-Inf; Inf],[-Inf; Inf],(27.85; Inf],[-Inf;0.5275],(28.5; Inf],tested_negative
[-Inf;6.5],(99.5;127.5],[-Inf; Inf],[-Inf; Inf],[-Inf; Inf],(27.85; Inf],[-Inf;0.5275],(28.5; Inf],tested_positive
[-Inf;6.5],[-Inf;99.5],[-Inf; Inf],[-Inf; Inf],[-Inf; Inf],(27.85; Inf],[-Inf;0.5275],(28.5; Inf],tested_negative
[-Inf;6.5],(127.5;159.5],[-Inf; Inf],[-Inf; Inf],[-Inf; Inf],[-Inf;27.85],[-Inf;0.5275],[-Inf;28.5],tested_negative
[-Inf;6.5],(99.5;127.5],[-Inf; Inf],[-Inf; Inf],[-Inf; Inf],(27.85; Inf],[-Inf;0.5275],[-Inf;28.5],tested_negative
[-Inf;6.5],[-Inf;99.5],[-Inf; Inf],[-Inf; Inf],[-Inf; Inf],(27.85; Inf],[-Inf;0.5275],[-Inf;28.5],tested_negative
[-Inf;6.5],(127.5;159.5],[-Inf; Inf],[-Inf; Inf],[-Inf; Inf],(27.85; Inf],(0.5275; Inf],[-Inf;28.5],tested_negative
[-Inf;6.5],(99.5;127.5],[-Inf; Inf],[-Inf; Inf],[-Inf; Inf],(27.85; Inf],[-Inf;0.5275],[-Inf;28.5],tested_negative
[-Inf;6.5],(99.5;127.5],[-Inf; Inf],[-Inf; Inf],[-Inf; Inf],[-Inf;27.85],(0.5275; Inf],(28.5; Inf],tested_negative
[-Inf;6.5],(99.5;127.5],[-Inf; Inf],[-Inf; Inf],[-Inf; Inf],(27.85; Inf],(0.5275; Inf],[-Inf;28.5],tested_positive
(6.5; Inf],(127.5;159.5],[-Inf; Inf],[-Inf; Inf],[-Inf; Inf],[-Inf;27.85],[-Inf;0.5275],(28.5; Inf],tested_negative
[-Inf;6.5],(159.5; Inf],[-Inf; Inf],[-Inf; Inf],[-Inf; Inf],(27.85; Inf],(0.5275; Inf],(28.5; Inf],tested_positive
[-Inf;6.5],(127.5;159.5],[-Inf; Inf],[-Inf; Inf],[-Inf; Inf],(27.85; Inf],[-Inf;0.5275],[-Inf;28.5],tested_positive
[-Inf;6.5],(99.5;127.5],[-Inf; Inf],[-Inf; Inf],[-Inf; Inf],[-Inf;27.85],[-Inf;0.5275],[-Inf;28.5],tested_negative
(6.5; Inf],(99.5;127.5],[-Inf; Inf],[-Inf; Inf],[-Inf; Inf],[-Inf;27.85],[-Inf;0.5275],(28.5; Inf],tested_negative
(6.5; Inf],(99.5;127.5],[-Inf; Inf],[-Inf; Inf],[-Inf; Inf],(27.85; Inf],[-Inf;0.5275],(28.5; Inf],tested_negative
[-Inf;6.5],[-Inf;99.5],[-Inf; Inf],[-Inf; Inf],[-Inf; Inf],[-Inf;27.85],[-Inf;0.5275],[-Inf;28.5],tested_negative
(6.5; Inf],(127.5;159.5],[-Inf; Inf],[-Inf; Inf],[-Inf; Inf],(27.85; Inf],[-Inf;0.5275],(28.5; Inf],tested_positive
[-Inf;6.5],(99.5;127.5],[-Inf; Inf],[-Inf; Inf],[-Inf; Inf],[-Inf;27.85],[-Inf;0.5275],(28.5; Inf],tested_negative
[-Inf;6.5],(159.5; Inf],[-Inf; Inf],[-Inf; Inf],[-Inf; Inf],(27.85; Inf],(0.5275; Inf],(28.5; Inf],tested_positive
[-Inf;6.5],[-Inf;99.5],[-Inf; Inf],[-Inf; Inf],[-Inf; Inf],[-Inf;27.85],[-Inf;0.5275],[-Inf;28.5],tested_negative
(6.5; Inf],(99.5;127.5],[-Inf; Inf],[-Inf; Inf],[-Inf; Inf],(27.85; Inf],(0.5275; Inf],(28.5; Inf],tested_positive
[-Inf;6.5],(99.5;127.5],[-Inf; Inf],[-Inf; Inf],[-Inf; Inf],(27.85; Inf],[-Inf;0.5275],[-Inf;28.5],tested_negative
[-Inf;6.5],(127.5;159.5],[-Inf; Inf],[-Inf; Inf],[-Inf; Inf],(27.85; Inf],[-Inf;0.5275],(28.5; Inf],tested_positive
[-Inf;6.5],[-Inf;99.5],[-Inf; Inf],[-Inf; Inf],[-Inf; Inf],(27.85; Inf],(0.5275; Inf],[-Inf;28.5],tested_negative
[-Inf;6.5],(99.5;127.5],[-Inf; Inf],[-Inf; Inf],[-Inf; Inf],(27.85; Inf],(0.5275; Inf],(28.5; Inf],tested_negative
[-Inf;6.5],(159.5; Inf],[-Inf; Inf],[-Inf; Inf],[-Inf; Inf],(27.85; Inf],(0.5275; Inf],[-Inf;28.5],tested_positive
[-Inf;6.5],[-Inf;99.5],[-Inf; Inf],[-Inf; Inf],[-Inf; Inf],(27.85; Inf],[-Inf;0.5275],(28.5; Inf],tested_negative
[-Inf;6.5],[-Inf;99.5],[-Inf; Inf],[-Inf; Inf],[-Inf; Inf],[-Inf;27.85],(0.5275; Inf],[-Inf;28.5],tested_negative
[-Inf;6.5],(159.5; Inf],[-Inf; Inf],[-Inf; Inf],[-Inf; Inf],(27.85; Inf],[-Inf;0.5275],(28.5; Inf],tested_positive
[-Inf;6.5],(99.5;127.5],[-Inf; Inf],[-Inf; Inf],[-Inf; Inf],[-Inf;27.85],[-Inf;0.5275],[-Inf;28.5],tested_negative
[-Inf;6.5],(99.5;127.5],[-Inf; Inf],[-Inf; Inf],[-Inf; Inf],[-Inf;27.85],[-Inf;0.5275],[-Inf;28.5],tested_negative
[-Inf;6.5],(99.5;127.5],[-Inf; Inf],[-Inf; Inf],[-Inf; Inf],[-Inf;27.85],[-Inf;0.5275],(28.5; Inf],tested_negative
(6.5; Inf],(127.5;159.5],[-Inf; Inf],[-Inf; Inf],[-Inf; Inf],(27.85; Inf],(0.5275; Inf],(28.5; Inf],tested_positive
[-Inf;6.5],(159.5; Inf],[-Inf; Inf],[-Inf; Inf],[-Inf; Inf],(27.85; Inf],[-Inf;0.5275],(28.5; Inf],tested_positive
[-Inf;6.5],(99.5;127.5],[-Inf; Inf],[-Inf; Inf],[-Inf; Inf],(27.85; Inf],[-Inf;0.5275],[-Inf;28.5],tested_negative
[-Inf;6.5],[-Inf;99.5],[-Inf; Inf],[-Inf; Inf],[-Inf; Inf],[-Inf;27.85],[-Inf;0.5275],[-Inf;28.5],tested_negative
[-Inf;6.5],(127.5;159.5],[-Inf; Inf],[-Inf; Inf],[-Inf; Inf],(27.85; Inf],[-Inf;0.5275],[-Inf;28.5],tested_negative
[-Inf;6.5],(99.5;127.5],[-Inf; Inf],[-Inf; Inf],[-Inf; Inf],[-Inf;27.85],[-Inf;0.5275],[-Inf;28.5],tested_negative
[-Inf;6.5],(99.5;127.5],[-Inf; Inf],[-Inf; Inf],[-Inf; Inf],(27.85; Inf],[-Inf;0.5275],[-Inf;28.5],tested_negative
[-Inf;6.5],(159.5; Inf],[-Inf; Inf],[-Inf; Inf],[-Inf; Inf],(27.85; Inf],(0.5275; Inf],(28.5; Inf],tested_positive
(6.5; Inf],(159.5; Inf],[-Inf; Inf],[-Inf; Inf],[-Inf; Inf],(27.85; Inf],(0.5275; Inf],(28.5; Inf],tested_positive
[-Inf;6.5],(99.5;127.5],[-Inf; Inf],[-Inf; Inf],[-Inf; Inf],(27.85; Inf],(0.5275; Inf],[-Inf;28.5],tested_negative
[-Inf;6.5],(99.5;127.5],[-Inf; Inf],[-Inf; Inf],[-Inf; Inf],[-Inf;27.85],[-Inf;0.5275],[-Inf;28.5],tested_negative
[-Inf;6.5],(99.5;127.5],[-Inf; Inf],[-Inf; Inf],[-Inf; Inf],(27.85; Inf],[-Inf;0.5275],(28.5; Inf],tested_negative
[-Inf;6.5],[-Inf;99.5],[-Inf; Inf],[-Inf; Inf],[-Inf; Inf],[-Inf;27.85],[-Inf;0.5275],[-Inf;28.5],tested_negative
(6.5; Inf],(99.5;127.5],[-Inf; Inf],[-Inf; Inf],[-Inf; Inf],(27.85; Inf],(0.5275; Inf],(28.5; Inf],tested_positive
[-Inf;6.5],(99.5;127.5],[-Inf; Inf],[-Inf; Inf],[-Inf; Inf],(27.85; Inf],[-Inf;0.5275],[-Inf;28.5],tested_positive
[-Inf;6.5],(99.5;127.5],[-Inf; Inf],[-Inf; Inf],[-Inf; Inf],(27.85; Inf],[-Inf;0.5275],[-Inf;28.5],tested_negative
[-Inf;6.5],(159.5; Inf],[-Inf; Inf],[-Inf; Inf],[-Inf; Inf],(27.85; Inf],(0.5275; Inf],(28.5; Inf],tested_negative
[-Inf;6.5],[-Inf;99.5],[-Inf; Inf],[-Inf; Inf],[-Inf; Inf],(27.85; Inf],[-Inf;0.5275],(28.5; Inf],tested_negative
[-Inf;6.5],(99.5;127.5],[-Inf; Inf],[-Inf; Inf],[-Inf; Inf],[-Inf;27.85],[-Inf;0.5275],[-Inf;28.5],tested_negative
[-Inf;6.5],(127.5;159.5],[-Inf; Inf],[-Inf; Inf],[-Inf; Inf],(27.85; Inf],[-Inf;0.5275],[-Inf;28.5],tested_negative
[-Inf;6.5],(127.5;159.5],[-Inf; Inf],[-Inf; Inf],[-Inf; Inf],(27.85; Inf],[-Inf;0.5275],(28.5; Inf],tested_negative
[-Inf;6.5],[-Inf;99.5],[-Inf; Inf],[-Inf; Inf],[-Inf; Inf],[-Inf;27.85],[-Inf;0.5275],[-Inf;28.5],tested_negative
(6.5; Inf],(99.5;127.5],[-Inf; Inf],[-Inf; Inf],[-Inf; Inf],[-Inf;27.85],(0.5275; Inf],(28.5; Inf],tested_positive
[-Inf;6.5],(99.5;127.5],[-Inf; Inf],[-Inf; Inf],[-Inf; Inf],(27.85; Inf],[-Inf;0.5275],[-Inf;28.5],tested_negative
[-Inf;6.5],(127.5;159.5],[-Inf; Inf],[-Inf; Inf],[-Inf; Inf],[-Inf;27.85],[-Inf;0.5275],[-Inf;28.5],tested_negative
(6.5; Inf],[-Inf;99.5],[-Inf; Inf],[-Inf; Inf],[-Inf; Inf],[-Inf;27.85],[-Inf;0.5275],(28.5; Inf],tested_negative
(6.5; Inf],(99.5;127.5],[-Inf; Inf],[-Inf; Inf],[-Inf; Inf],(27.85; Inf],[-Inf;0.5275],(28.5; Inf],tested_positive
[-Inf;6.5],(99.5;127.5],[-Inf; Inf],[-Inf; Inf],[-Inf; Inf],(27.85; Inf],[-Inf;0.5275],(28.5; Inf],tested_negative
[-Inf;6.5],[-Inf;99.5],[-Inf; Inf],[-Inf; Inf],[-Inf; Inf],(27.85; Inf],(0.5275; Inf],[-Inf;28.5],tested_negative
(6.5; Inf],[-Inf;99.5],[-Inf; Inf],[-Inf; Inf],[-Inf; Inf],(27.85; Inf],(0.5275; Inf],(28.5; Inf],tested_positive
[-Inf;6.5],(99.5;127.5],[-Inf; Inf],[-Inf; Inf],[-Inf; Inf],[-Inf;27.85],[-Inf;0.5275],[-Inf;28.5],tested_negative
[-Inf;6.5],(99.5;127.5],[-Inf; Inf],[-Inf; Inf],[-Inf; Inf],(27.85; Inf],(0.5275; Inf],[-Inf;28.5],tested_negative
[-Inf;6.5],(127.5;159.5],[-Inf; Inf],[-Inf; Inf],[-Inf; Inf],(27.85; Inf],[-Inf;0.5275],(28.5; Inf],tested_positive
[-Inf;6.5],[-Inf;99.5],[-Inf; Inf],[-Inf; Inf],[-Inf; Inf],(27.85; Inf],(0.5275; Inf],(28.5; Inf],tested_negative
[-Inf;6.5],(99.5;127.5],[-Inf; Inf],[-Inf; Inf],[-Inf; Inf],[-Inf;27.85],(0.5275; Inf],[-Inf;28.5],tested_negative
[-Inf;6.5],(127.5;159.5],[-Inf; Inf],[-Inf; Inf],[-Inf; Inf],(27.85; Inf],[-Inf;0.5275],(28.5; Inf],tested_negative
[-Inf;6.5],(159.5; Inf],[-Inf; Inf],[-Inf; Inf],[-Inf; Inf],[-Inf;27.85],[-Inf;0.5275],(28.5; Inf],tested_positive
(6.5; Inf],(127.5;159.5],[-Inf; Inf],[-Inf; Inf],[-Inf; Inf],(27.85; Inf],[-Inf;0.5275],(28.5; Inf],tested_positive
[-Inf;6.5],(99.5;127.5],[-Inf; Inf],[-Inf; Inf],[-Inf; Inf],[-Inf;27.85],[-Inf;0.5275],[-Inf;28.5],tested_negative
[-Inf;6.5],[-Inf;99.5],[-Inf; Inf],[-Inf; Inf],[-Inf; Inf],[-Inf;27.85],[-Inf;0.5275],[-Inf;28.5],tested_negative
[-Inf;6.5],(99.5;127.5],[-Inf; Inf],[-Inf; Inf],[-Inf; Inf],(27.85; Inf],[-Inf;0.5275],[-Inf;28.5],tested_negative
[-Inf;6.5],(99.5;127.5],[-Inf; Inf],[-Inf; Inf],[-Inf; Inf],(27.85; Inf],[-Inf;0.5275],[-Inf;28.5],tested_negative
[-Inf;6.5],(99.5;127.5],[-Inf; Inf],[-Inf; Inf],[-Inf; Inf],[-Inf;27.85],[-Inf;0.5275],[-Inf;28.5],tested_negative
[-Inf;6.5],(99.5;127.5],[-Inf; Inf],[-Inf; Inf],[-Inf; Inf],(27.85; Inf],[-Inf;0.5275],[-Inf;28.5],tested_negative
[-Inf;6.5],(127.5;159.5],[-Inf; Inf],[-Inf; Inf],[-Inf; Inf],(27.85; Inf],[-Inf;0.5275],[-Inf;28.5],tested_positive
[-Inf;6.5],(99.5;127.5],[-Inf; Inf],[-Inf; Inf],[-Inf; Inf],[-Inf;27.85],[-Inf;0.5275],[-Inf;28.5],tested_negative
(6.5; Inf],(99.5;127.5],[-Inf; Inf],[-Inf; Inf],[-Inf; Inf],(27.85; Inf],[-Inf;0.5275],(28.5; Inf],tested_negative
[-Inf;6.5],[-Inf;99.5],[-Inf; Inf],[-Inf; Inf],[-Inf; Inf],(27.85; Inf],(0.5275; Inf],[-Inf;28.5],tested_positive
[-Inf;6.5],(159.5; Inf],[-Inf; Inf],[-Inf; Inf],[-Inf; Inf],(27.85; Inf],(0.5275; Inf],[-Inf;28.5],tested_positive
(6.5; Inf],(159.5; Inf],[-Inf; Inf],[-Inf; Inf],[-Inf; Inf],(27.85; Inf],[-Inf;0.5275],(28.5; Inf],tested_positive
(6.5; Inf],(127.5;159.5],[-Inf; Inf],[-Inf; Inf],[-Inf; Inf],(27.85; Inf],(0.5275; Inf],(28.5; Inf],tested_positive
[-Inf;6.5],(99.5;127.5],[-Inf; Inf],[-Inf; Inf],[-Inf; Inf],(27.85; Inf],[-Inf;0.5275],(28.5; Inf],tested_positive
[-Inf;6.5],(99.5;127.5],[-Inf; Inf],[-Inf; Inf],[-Inf; Inf],(27.85; Inf],[-Inf;0.5275],[-Inf;28.5],tested_negative
[-Inf;6.5],(127.5;159.5],[-Inf; Inf],[-Inf; Inf],[-Inf; Inf],(27.85; Inf],[-Inf;0.5275],(28.5; Inf],tested_positive
[-Inf;6.5],[-Inf;99.5],[-Inf; Inf],[-Inf; Inf],[-Inf; Inf],(27.85; Inf],[-Inf;0.5275],(28.5; Inf],tested_negative
(6.5; Inf],(127.5;159.5],[-Inf; Inf],[-Inf; Inf],[-Inf; Inf],(27.85; Inf],[-Inf;0.5275],(28.5; Inf],tested_negative
[-Inf;6.5],(159.5; Inf],[-Inf; Inf],[-Inf; Inf],[-Inf; Inf],(27.85; Inf],(0.5275; Inf],(28.5; Inf],tested_negative
[-Inf;6.5],[-Inf;99.5],[-Inf; Inf],[-Inf; Inf],[-Inf; Inf],[-Inf;27.85],(0.5275; Inf],[-Inf;28.5],tested_negative
(6.5; Inf],[-Inf;99.5],[-Inf; Inf],[-Inf; Inf],[-Inf; Inf],(27.85; Inf],[-Inf;0.5275],(28.5; Inf],tested_negative
[-Inf;6.5],(99.5;127.5],[-Inf; Inf],[-Inf; Inf],[-Inf; Inf],(27.85; Inf],(0.5275; Inf],[-Inf;28.5],tested_negative
(6.5; Inf],[-Inf;99.5],[-Inf; Inf],[-Inf; Inf],[-Inf; Inf],(27.85; Inf],(0.5275; Inf],(28.5; Inf],tested_negative
[-Inf;6.5],(159.5; Inf],[-Inf; Inf],[-Inf; Inf],[-Inf; Inf],(27.85; Inf],[-Inf;0.5275],(28.5; Inf],tested_positive
(6.5; Inf],(127.5;159.5],[-Inf; Inf],[-Inf; Inf],[-Inf; Inf],[-Inf;27.85],[-Inf;0.5275],(28.5; Inf],tested_positive
[-Inf;6.5],[-Inf;99.5],[-Inf; Inf],[-Inf; Inf],[-Inf; Inf],(27.85; Inf],[-Inf;0.5275],[-Inf;28.5],tested_negative
[-Inf;6.5],(99.5;127.5],[-Inf; Inf],[-Inf; Inf],[-Inf; Inf],(27.85; Inf],[-Inf;0.5275],[-Inf;28.5],tested_positive
[-Inf;6.5],(99.5;127.5],[-Inf; Inf],[-Inf; Inf],[-Inf; Inf],[-Inf;27.85],(0.5275; Inf],[-Inf;28.5],tested_negative
[-Inf;6.5],[-Inf;99.5],[-Inf; Inf],[-Inf; Inf],[-Inf; Inf],[-Inf;27.85],[-Inf;0.5275],[-Inf;28.5],tested_negative
[-Inf;6.5],(159.5; Inf],[-Inf; Inf],[-Inf; Inf],[-Inf; Inf],(27.85; Inf],[-Inf;0.5275],[-Inf;28.5],tested_positive
[-Inf;6.5],[-Inf;99.5],[-Inf; Inf],[-Inf; Inf],[-Inf; Inf],(27.85; Inf],[-Inf;0.5275],[-Inf;28.5],tested_negative
[-Inf;6.5],(99.5;127.5],[-Inf; Inf],[-Inf; Inf],[-Inf; Inf],(27.85; Inf],(0.5275; Inf],[-Inf;28.5],tested_positive
[-Inf;6.5],(127.5;159.5],[-Inf; Inf],[-Inf; Inf],[-Inf; Inf],[-Inf;27.85],(0.5275; Inf],(28.5; Inf],tested_negative
[-Inf;6.5],(127.5;159.5],[-Inf; Inf],[-Inf; Inf],[-Inf; Inf],(27.85; Inf],(0.5275; Inf],[-Inf;28.5],tested_negative
[-Inf;6.5],(127.5;159.5],[-Inf; Inf],[-Inf; Inf],[-Inf; Inf],[-Inf;27.85],[-Inf;0.5275],[-Inf;28.5],tested_negative
[-Inf;6.5],(99.5;127.5],[-Inf; Inf],[-Inf; Inf],[-Inf; Inf],(27.85; Inf],[-Inf;0.5275],(28.5; Inf],tested_negative
[-Inf;6.5],(127.5;159.5],[-Inf; Inf],[-Inf; Inf],[-Inf; Inf],[-Inf;27.85],(0.5275; Inf],[-Inf;28.5],tested_negative
[-Inf;6.5],(127.5;159.5],[-Inf; Inf],[-Inf; Inf],[-Inf; Inf],(27.85; Inf],[-Inf;0.5275],(28.5; Inf],tested_positive
(6.5; Inf],(99.5;127.5],[-Inf; Inf],[-Inf; Inf],[-Inf; Inf],[-Inf;27.85],(0.5275; Inf],(28.5; Inf],tested_negative
(6.5; Inf],(127.5;159.5],[-Inf; Inf],[-Inf; Inf],[-Inf; Inf],(27.85; Inf],[-Inf;0.5275],(28.5; Inf],tested_positive
[-Inf;6.5],(99.5;127.5],[-Inf; Inf],[-Inf; Inf],[-Inf; Inf],(27.85; Inf],(0.5275; Inf],[-Inf;28.5],tested_negative
(6.5; Inf],(127.5;159.5],[-Inf; Inf],[-Inf; Inf],[-Inf; Inf],(27.85; Inf],[-Inf;0.5275],(28.5; Inf],tested_positive
[-Inf;6.5],[-Inf;99.5],[-Inf; Inf],[-Inf; Inf],[-Inf; Inf],[-Inf;27.85],[-Inf;0.5275],[-Inf;28.5],tested_negative
(6.5; Inf],(127.5;159.5],[-Inf; Inf],[-Inf; Inf],[-Inf; Inf],(27.85; Inf],[-Inf;0.5275],(28.5; Inf],tested_positive
[-Inf;6.5],(159.5; Inf],[-Inf; Inf],[-Inf; Inf],[-Inf; Inf],(27.85; Inf],[-Inf;0.5275],(28.5; Inf],tested_positive
[-Inf;6.5],[-Inf;99.5],[-Inf; Inf],[-Inf; Inf],[-Inf; Inf],[-Inf;27.85],[-Inf;0.5275],[-Inf;28.5],tested_negative
[-Inf;6.5],(99.5;127.5],[-Inf; Inf],[-Inf; Inf],[-Inf; Inf],(27.85; Inf],(0.5275; Inf],[-Inf;28.5],tested_negative
[-Inf;6.5],(99.5;127.5],[-Inf; Inf],[-Inf; Inf],[-Inf; Inf],(27.85; Inf],(0.5275; Inf],[-Inf;28.5],tested_negative
[-Inf;6.5],(99.5;127.5],[-Inf; Inf],[-Inf; Inf],[-Inf; Inf],(27.85; Inf],[-Inf;0.5275],[-Inf;28.5],tested_negative
[-Inf;6.5],(99.5;127.5],[-Inf; Inf],[-Inf; Inf],[-Inf; Inf],[-Inf;27.85],(0.5275; Inf],(28.5; Inf],tested_positive
[-Inf;6.5],(159.5; Inf],[-Inf; Inf],[-Inf; Inf],[-Inf; Inf],(27.85; Inf],(0.5275; Inf],(28.5; Inf],tested_positive
[-Inf;6.5],(127.5;159.5],[-Inf; Inf],[-Inf; Inf],[-Inf; Inf],(27.85; Inf],[-Inf;0.5275],(28.5; Inf],tested_negative
[-Inf;6.5],(99.5;127.5],[-Inf; Inf],[-Inf; Inf],[-Inf; Inf],(27.85; Inf],[-Inf;0.5275],[-Inf;28.5],tested_negative
[-Inf;6.5],[-Inf;99.5],[-Inf; Inf],[-Inf; Inf],[-Inf; Inf],(27.85; Inf],[-Inf;0.5275],[-Inf;28.5],tested_negative
(6.5; Inf],(99.5;127.5],[-Inf; Inf],[-Inf; Inf],[-Inf; Inf],[-Inf;27.85],[-Inf;0.5275],(28.5; Inf],tested_positive
[-Inf;6.5],(99.5;127.5],[-Inf; Inf],[-Inf; Inf],[-Inf; Inf],(27.85; Inf],[-Inf;0.5275],[-Inf;28.5],tested_negative
(6.5; Inf],(159.5; Inf],[-Inf; Inf],[-Inf; Inf],[-Inf; Inf],(27.85; Inf],[-Inf;0.5275],(28.5; Inf],tested_positive
[-Inf;6.5],[-Inf;99.5],[-Inf; Inf],[-Inf; Inf],[-Inf; Inf],(27.85; Inf],(0.5275; Inf],[-Inf;28.5],tested_positive
[-Inf;6.5],(127.5;159.5],[-Inf; Inf],[-Inf; Inf],[-Inf; Inf],(27.85; Inf],[-Inf;0.5275],[-Inf;28.5],tested_negative
[-Inf;6.5],(99.5;127.5],[-Inf; Inf],[-Inf; Inf],[-Inf; Inf],(27.85; Inf],[-Inf;0.5275],(28.5; Inf],tested_negative
(6.5; Inf],(127.5;159.5],[-Inf; Inf],[-Inf; Inf],[-Inf; Inf],(27.85; Inf],[-Inf;0.5275],(28.5; Inf],tested_positive
[-Inf;6.5],(127.5;159.5],[-Inf; Inf],[-Inf; Inf],[-Inf; Inf],[-Inf;27.85],[-Inf;0.5275],[-Inf;28.5],tested_negative
[-Inf;6.5],(99.5;127.5],[-Inf; Inf],[-Inf; Inf],[-Inf; Inf],(27.85; Inf],[-Inf;0.5275],(28.5; Inf],tested_negative
(6.5; Inf],(159.5; Inf],[-Inf; Inf],[-Inf; Inf],[-Inf; Inf],(27.85; Inf],(0.5275; Inf],(28.5; Inf],tested_positive
[-Inf;6.5],(159.5; Inf],[-Inf; Inf],[-Inf; Inf],[-Inf; Inf],(27.85; Inf],(0.5275; Inf],(28.5; Inf],tested_positive
(6.5; Inf],[-Inf;99.5],[-Inf; Inf],[-Inf; Inf],[-Inf; Inf],[-Inf;27.85],(0.5275; Inf],(28.5; Inf],tested_negative
[-Inf;6.5],(99.5;127.5],[-Inf; Inf],[-Inf; Inf],[-Inf; Inf],(27.85; Inf],[-Inf;0.5275],[-Inf;28.5],tested_negative
[-Inf;6.5],[-Inf;99.5],[-Inf; Inf],[-Inf; Inf],[-Inf; Inf],(27.85; Inf],[-Inf;0.5275],(28.5; Inf],tested_positive
[-Inf;6.5],[-Inf;99.5],[-Inf; Inf],[-Inf; Inf],[-Inf; Inf],(27.85; Inf],[-Inf;0.5275],(28.5; Inf],tested_negative
[-Inf;6.5],(99.5;127.5],[-Inf; Inf],[-Inf; Inf],[-Inf; Inf],(27.85; Inf],[-Inf;0.5275],[-Inf;28.5],tested_negative
[-Inf;6.5],(127.5;159.5],[-Inf; Inf],[-Inf; Inf],[-Inf; Inf],(27.85; Inf],[-Inf;0.5275],(28.5; Inf],tested_positive
[-Inf;6.5],(99.5;127.5],[-Inf; Inf],[-Inf; Inf],[-Inf; Inf],(27.85; Inf],[-Inf;0.5275],(28.5; Inf],tested_negative
[-Inf;6.5],(99.5;127.5],[-Inf; Inf],[-Inf; Inf],[-Inf; Inf],(27.85; Inf],[-Inf;0.5275],(28.5; Inf],tested_negative
[-Inf;6.5],(99.5;127.5],[-Inf; Inf],[-Inf; Inf],[-Inf; Inf],(27.85; Inf],[-Inf;0.5275],(28.5; Inf],tested_negative
[-Inf;6.5],(99.5;127.5],[-Inf; Inf],[-Inf; Inf],[-Inf; Inf],(27.85; Inf],[-Inf;0.5275],[-Inf;28.5],tested_negative
[-Inf;6.5],(127.5;159.5],[-Inf; Inf],[-Inf; Inf],[-Inf; Inf],(27.85; Inf],[-Inf;0.5275],[-Inf;28.5],tested_negative
[-Inf;6.5],(159.5; Inf],[-Inf; Inf],[-Inf; Inf],[-Inf; Inf],[-Inf;27.85],[-Inf;0.5275],[-Inf;28.5],tested_negative
[-Inf;6.5],[-Inf;99.5],[-Inf; Inf],[-Inf; Inf],[-Inf; Inf],(27.85; Inf],[-Inf;0.5275],[-Inf;28.5],tested_negative
[-Inf;6.5],(127.5;159.5],[-Inf; Inf],[-Inf; Inf],[-Inf; Inf],(27.85; Inf],[-Inf;0.5275],(28.5; Inf],tested_positive
(6.5; Inf],(99.5;127.5],[-Inf; Inf],[-Inf; Inf],[-Inf; Inf],(27.85; Inf],[-Inf;0.5275],[-Inf;28.5],tested_positive
[-Inf;6.5],(159.5; Inf],[-Inf; Inf],[-Inf; Inf],[-Inf; Inf],(27.85; Inf],(0.5275; Inf],[-Inf;28.5],tested_positive
[-Inf;6.5],(99.5;127.5],[-Inf; Inf],[-Inf; Inf],[-Inf; Inf],[-Inf;27.85],(0.5275; Inf],(28.5; Inf],tested_negative
[-Inf;6.5],[-Inf;99.5],[-Inf; Inf],[-Inf; Inf],[-Inf; Inf],(27.85; Inf],[-Inf;0.5275],[-Inf;28.5],tested_negative
[-Inf;6.5],(99.5;127.5],[-Inf; Inf],[-Inf; Inf],[-Inf; Inf],[-Inf;27.85],[-Inf;0.5275],[-Inf;28.5],tested_negative
(6.5; Inf],[-Inf;99.5],[-Inf; Inf],[-Inf; Inf],[-Inf; Inf],(27.85; Inf],(0.5275; Inf],(28.5; Inf],tested_negative
[-Inf;6.5],[-Inf;99.5],[-Inf; Inf],[-Inf; Inf],[-Inf; Inf],(27.85; Inf],[-Inf;0.5275],[-Inf;28.5],tested_negative
[-Inf;6.5],(99.5;127.5],[-Inf; Inf],[-Inf; Inf],[-Inf; Inf],(27.85; Inf],[-Inf;0.5275],(28.5; Inf],tested_positive
(6.5; Inf],(99.5;127.5],[-Inf; Inf],[-Inf; Inf],[-Inf; Inf],(27.85; Inf],(0.5275; Inf],(28.5; Inf],tested_positive
[-Inf;6.5],(99.5;127.5],[-Inf; Inf],[-Inf; Inf],[-Inf; Inf],(27.85; Inf],[-Inf;0.5275],[-Inf;28.5],tested_negative
[-Inf;6.5],(99.5;127.5],[-Inf; Inf],[-Inf; Inf],[-Inf; Inf],(27.85; Inf],[-Inf;0.5275],[-Inf;28.5],tested_negative
(6.5; Inf],(127.5;159.5],[-Inf; Inf],[-Inf; Inf],[-Inf; Inf],(27.85; Inf],(0.5275; Inf],(28.5; Inf],tested_positive
(6.5; Inf],(127.5;159.5],[-Inf; Inf],[-Inf; Inf],[-Inf; Inf],(27.85; Inf],(0.5275; Inf],(28.5; Inf],tested_negative
(6.5; Inf],(99.5;127.5],[-Inf; Inf],[-Inf; Inf],[-Inf; Inf],(27.85; Inf],[-Inf;0.5275],(28.5; Inf],tested_negative
[-Inf;6.5],(127.5;159.5],[-Inf; Inf],[-Inf; Inf],[-Inf; Inf],(27.85; Inf],[-Inf;0.5275],[-Inf;28.5],tested_positive
[-Inf;6.5],[-Inf;99.5],[-Inf; Inf],[-Inf; Inf],[-Inf; Inf],(27.85; Inf],(0.5275; Inf],(28.5; Inf],tested_negative
[-Inf;6.5],(159.5; Inf],[-Inf; Inf],[-Inf; Inf],[-Inf; Inf],(27.85; Inf],[-Inf;0.5275],(28.5; Inf],tested_positive
[-Inf;6.5],(127.5;159.5],[-Inf; Inf],[-Inf; Inf],[-Inf; Inf],(27.85; Inf],(0.5275; Inf],[-Inf;28.5],tested_positive
[-Inf;6.5],(99.5;127.5],[-Inf; Inf],[-Inf; Inf],[-Inf; Inf],(27.85; Inf],[-Inf;0.5275],[-Inf;28.5],tested_negative
[-Inf;6.5],(99.5;127.5],[-Inf; Inf],[-Inf; Inf],[-Inf; Inf],[-Inf;27.85],[-Inf;0.5275],[-Inf;28.5],tested_negative
[-Inf;6.5],(159.5; Inf],[-Inf; Inf],[-Inf; Inf],[-Inf; Inf],(27.85; Inf],[-Inf;0.5275],[-Inf;28.5],tested_positive
(6.5; Inf],(127.5;159.5],[-Inf; Inf],[-Inf; Inf],[-Inf; Inf],(27.85; Inf],[-Inf;0.5275],(28.5; Inf],tested_positive
[-Inf;6.5],(127.5;159.5],[-Inf; Inf],[-Inf; Inf],[-Inf; Inf],(27.85; Inf],(0.5275; Inf],(28.5; Inf],tested_positive
(6.5; Inf],(127.5;159.5],[-Inf; Inf],[-Inf; Inf],[-Inf; Inf],(27.85; Inf],[-Inf;0.5275],(28.5; Inf],tested_negative
[-Inf;6.5],(99.5;127.5],[-Inf; Inf],[-Inf; Inf],[-Inf; Inf],(27.85; Inf],[-Inf;0.5275],(28.5; Inf],tested_positive
[-Inf;6.5],(99.5;127.5],[-Inf; Inf],[-Inf; Inf],[-Inf; Inf],(27.85; Inf],[-Inf;0.5275],[-Inf;28.5],tested_negative
[-Inf;6.5],(159.5; Inf],[-Inf; Inf],[-Inf; Inf],[-Inf; Inf],(27.85; Inf],[-Inf;0.5275],(28.5; Inf],tested_positive
[-Inf;6.5],[-Inf;99.5],[-Inf; Inf],[-Inf; Inf],[-Inf; Inf],(27.85; Inf],(0.5275; Inf],[-Inf;28.5],tested_negative
(6.5; Inf],(159.5; Inf],[-Inf; Inf],[-Inf; Inf],[-Inf; Inf],(27.85; Inf],[-Inf;0.5275],(28.5; Inf],tested_positive
(6.5; Inf],[-Inf;99.5],[-Inf; Inf],[-Inf; Inf],[-Inf; Inf],[-Inf;27.85],[-Inf;0.5275],(28.5; Inf],tested_negative
(6.5; Inf],(99.5;127.5],[-Inf; Inf],[-Inf; Inf],[-Inf; Inf],(27.85; Inf],[-Inf;0.5275],(28.5; Inf],tested_negative
[-Inf;6.5],(99.5;127.5],[-Inf; Inf],[-Inf; Inf],[-Inf; Inf],(27.85; Inf],[-Inf;0.5275],[-Inf;28.5],tested_negative
[-Inf;6.5],(99.5;127.5],[-Inf; Inf],[-Inf; Inf],[-Inf; Inf],[-Inf;27.85],[-Inf;0.5275],(28.5; Inf],tested_negative
[-Inf;6.5],(99.5;127.5],[-Inf; Inf],[-Inf; Inf],[-Inf; Inf],(27.85; Inf],[-Inf;0.5275],(28.5; Inf],tested_positive
[-Inf;6.5],[-Inf;99.5],[-Inf; Inf],[-Inf; Inf],[-Inf; Inf],(27.85; Inf],[-Inf;0.5275],[-Inf;28.5],tested_negative
