lymphatics,block_of_affere,bl_of_lymph_c,bl_of_lymph_s,by_pass,extravasates,regeneration_of,early_uptake_in,lym_nodes_dimin,lym_nodes_enlar,changes_in_lym,defect_in_node,changes_in_node,changes_in_stru,special_forms,dislocation_of,exclusion_of_no,no_of_nodes_in,class
arched,yes,no,no,no,no,no,yes,[-Inf;1.5],(2.5; Inf],round,lac_central,lacunar,stripped,vesicles,yes,yes,(3.5; Inf],malign_lymph
displaced,yes,no,no,yes,yes,no,yes,[-Inf;1.5],(2.5; Inf],round,lac_central,lacunar,diluted,vesicles,yes,yes,[-Inf;3.5],malign_lymph
deformed,no,no,no,yes,yes,yes,no,(1.5; Inf],[-Inf;2.5],bean,lacunar,no,diluted,vesicles,no,no,(3.5; Inf],fibrosis
arched,no,no,no,no,yes,no,yes,[-Inf;1.5],[-Inf;2.5],oval,lac_margin,lac_margin,drop_like,vesicles,no,yes,[-Inf;3.5],malign_lymph
arched,no,no,no,no,no,no,no,[-Inf;1.5],[-Inf;2.5],round,lac_margin,lac_margin,faint,vesicles,no,no,[-Inf;3.5],metastases
arched,no,no,no,no,no,no,yes,[-Inf;1.5],[-Inf;2.5],oval,lac_central,lacunar,faint,vesicles,yes,yes,[-Inf;3.5],malign_lymph
deformed,no,no,no,no,no,no,no,[-Inf;1.5],[-Inf;2.5],oval,lac_central,lacunar,faint,chalices,yes,yes,[-Inf;3.5],malign_lymph
deformed,no,no,no,no,no,no,yes,[-Inf;1.5],(2.5; Inf],round,lac_margin,lac_central,diluted,vesicles,yes,yes,[-Inf;3.5],malign_lymph
arched,no,no,no,no,no,no,yes,[-Inf;1.5],(2.5; Inf],oval,lac_central,lacunar,faint,vesicles,yes,yes,(3.5; Inf],malign_lymph
displaced,no,no,no,no,no,no,yes,[-Inf;1.5],(2.5; Inf],oval,lac_central,lac_central,faint,vesicles,yes,yes,[-Inf;3.5],malign_lymph
arched,yes,no,no,no,no,no,yes,[-Inf;1.5],[-Inf;2.5],round,lacunar,lac_margin,faint,chalices,no,no,[-Inf;3.5],metastases
displaced,no,no,no,no,no,no,no,(1.5; Inf],[-Inf;2.5],round,lac_central,lacunar,faint,no,yes,yes,[-Inf;3.5],metastases
deformed,no,no,no,no,yes,no,yes,[-Inf;1.5],(2.5; Inf],round,lac_central,lac_central,coarse,vesicles,no,yes,(3.5; Inf],malign_lymph
deformed,no,no,no,no,no,no,no,[-Inf;1.5],[-Inf;2.5],oval,lac_central,lac_margin,diluted,no,yes,yes,[-Inf;3.5],metastases
deformed,yes,yes,yes,yes,yes,no,yes,[-Inf;1.5],[-Inf;2.5],round,lac_margin,lac_margin,coarse,vesicles,yes,yes,(3.5; Inf],metastases
displaced,yes,no,no,yes,no,no,yes,[-Inf;1.5],(2.5; Inf],round,lac_margin,lac_margin,grainy,chalices,yes,yes,[-Inf;3.5],metastases
displaced,no,no,no,no,no,no,yes,[-Inf;1.5],(2.5; Inf],oval,lacunar,lac_central,stripped,vesicles,yes,yes,(3.5; Inf],malign_lymph
arched,no,no,no,no,no,no,yes,[-Inf;1.5],(2.5; Inf],oval,lacunar,lacunar,reticular,vesicles,yes,yes,(3.5; Inf],malign_lymph
displaced,no,no,no,no,no,no,yes,[-Inf;1.5],(2.5; Inf],oval,lac_central,lacunar,faint,vesicles,yes,yes,(3.5; Inf],malign_lymph
deformed,yes,no,no,no,yes,no,no,[-Inf;1.5],[-Inf;2.5],oval,lac_central,lac_margin,coarse,no,yes,yes,[-Inf;3.5],metastases
arched,no,no,no,no,no,no,yes,[-Inf;1.5],(2.5; Inf],oval,lac_central,lac_central,coarse,vesicles,yes,yes,(3.5; Inf],malign_lymph
arched,yes,no,no,no,no,no,yes,[-Inf;1.5],(2.5; Inf],round,lac_central,lacunar,faint,chalices,no,yes,(3.5; Inf],metastases
deformed,yes,no,no,no,yes,no,yes,[-Inf;1.5],[-Inf;2.5],round,lac_margin,lac_margin,grainy,chalices,yes,yes,[-Inf;3.5],metastases
displaced,no,no,no,no,no,no,yes,[-Inf;1.5],[-Inf;2.5],oval,lac_margin,lac_margin,drop_like,vesicles,yes,no,[-Inf;3.5],malign_lymph
arched,yes,no,no,no,yes,no,yes,[-Inf;1.5],(2.5; Inf],round,lac_margin,lac_margin,faint,vesicles,yes,yes,(3.5; Inf],malign_lymph
arched,no,no,no,no,no,no,no,[-Inf;1.5],[-Inf;2.5],bean,lacunar,lacunar,drop_like,no,yes,yes,[-Inf;3.5],metastases
arched,yes,no,no,no,no,no,yes,[-Inf;1.5],(2.5; Inf],oval,lacunar,lacunar,faint,vesicles,no,yes,(3.5; Inf],malign_lymph
displaced,yes,no,no,no,no,no,yes,[-Inf;1.5],[-Inf;2.5],oval,lacunar,lac_margin,drop_like,chalices,yes,yes,[-Inf;3.5],metastases
deformed,no,no,no,no,yes,no,yes,[-Inf;1.5],(2.5; Inf],oval,lac_central,lac_central,grainy,vesicles,yes,yes,[-Inf;3.5],malign_lymph
arched,no,no,no,no,yes,no,no,[-Inf;1.5],[-Inf;2.5],oval,lacunar,lacunar,drop_like,no,no,no,[-Inf;3.5],malign_lymph
arched,yes,yes,no,yes,yes,no,yes,[-Inf;1.5],(2.5; Inf],oval,lac_central,lac_margin,diluted,no,yes,yes,[-Inf;3.5],metastases
deformed,yes,no,no,no,no,no,yes,[-Inf;1.5],[-Inf;2.5],round,lac_margin,lac_margin,faint,chalices,yes,yes,[-Inf;3.5],metastases
arched,yes,yes,no,yes,yes,no,no,[-Inf;1.5],[-Inf;2.5],oval,lac_margin,lac_margin,coarse,chalices,no,yes,[-Inf;3.5],metastases
deformed,yes,yes,yes,yes,yes,yes,no,(1.5; Inf],[-Inf;2.5],oval,lac_central,lacunar,coarse,vesicles,yes,yes,(3.5; Inf],fibrosis
displaced,no,no,no,no,yes,no,yes,[-Inf;1.5],(2.5; Inf],round,lac_central,lacunar,coarse,vesicles,yes,yes,(3.5; Inf],malign_lymph
arched,no,no,no,no,yes,no,yes,[-Inf;1.5],(2.5; Inf],round,lacunar,lacunar,coarse,vesicles,yes,yes,(3.5; Inf],malign_lymph
arched,yes,yes,no,no,yes,no,no,[-Inf;1.5],[-Inf;2.5],round,lacunar,lac_margin,drop_like,chalices,no,no,[-Inf;3.5],metastases
arched,yes,no,no,yes,yes,no,no,[-Inf;1.5],(2.5; Inf],round,lac_central,lac_margin,coarse,vesicles,no,no,[-Inf;3.5],metastases
arched,no,no,no,no,no,no,no,[-Inf;1.5],[-Inf;2.5],bean,no,no,drop_like,no,yes,yes,[-Inf;3.5],metastases
arched,no,no,no,no,no,no,yes,[-Inf;1.5],[-Inf;2.5],oval,lacunar,no,stripped,no,yes,yes,[-Inf;3.5],malign_lymph
arched,yes,no,no,no,yes,no,yes,[-Inf;1.5],[-Inf;2.5],round,lac_margin,lac_margin,diluted,vesicles,yes,yes,[-Inf;3.5],metastases
displaced,no,no,no,no,yes,no,yes,[-Inf;1.5],(2.5; Inf],round,lac_central,lacunar,diluted,vesicles,yes,yes,[-Inf;3.5],malign_lymph
deformed,yes,yes,no,no,yes,no,no,[-Inf;1.5],[-Inf;2.5],round,lac_margin,lac_margin,diluted,chalices,no,yes,[-Inf;3.5],metastases
displaced,yes,yes,no,no,yes,no,yes,[-Inf;1.5],[-Inf;2.5],oval,lac_margin,lac_margin,faint,vesicles,yes,yes,[-Inf;3.5],metastases
deformed,yes,no,no,yes,yes,no,yes,[-Inf;1.5],(2.5; Inf],round,lacunar,lac_margin,coarse,chalices,yes,yes,[-Inf;3.5],metastases
arched,yes,yes,no,yes,yes,no,yes,[-Inf;1.5],(2.5; Inf],round,lac_central,lac_margin,coarse,vesicles,yes,yes,(3.5; Inf],metastases
displaced,yes,yes,no,yes,yes,no,yes,[-Inf;1.5],(2.5; Inf],round,lac_central,lac_margin,faint,chalices,yes,yes,[-Inf;3.5],metastases
displaced,yes,no,no,no,no,no,yes,[-Inf;1.5],[-Inf;2.5],oval,lacunar,lac_central,faint,no,no,yes,[-Inf;3.5],malign_lymph
deformed,no,no,no,no,no,no,yes,[-Inf;1.5],(2.5; Inf],oval,lacunar,lacunar,faint,no,no,no,[-Inf;3.5],metastases
deformed,no,no,no,no,no,no,yes,(1.5; Inf],[-Inf;2.5],oval,lacunar,lacunar,faint,vesicles,no,yes,(3.5; Inf],malign_lymph
deformed,yes,yes,no,yes,yes,no,no,[-Inf;1.5],(2.5; Inf],round,lac_central,lac_margin,coarse,chalices,yes,yes,[-Inf;3.5],metastases
deformed,no,no,no,yes,yes,yes,no,(1.5; Inf],[-Inf;2.5],bean,lac_central,lacunar,diluted,vesicles,no,yes,(3.5; Inf],fibrosis
arched,yes,no,no,no,no,no,yes,[-Inf;1.5],(2.5; Inf],round,lac_margin,lac_margin,drop_like,chalices,no,yes,[-Inf;3.5],metastases
deformed,no,no,no,no,no,no,yes,[-Inf;1.5],[-Inf;2.5],oval,lacunar,lac_margin,grainy,no,yes,yes,[-Inf;3.5],metastases
deformed,yes,no,no,no,yes,no,yes,[-Inf;1.5],(2.5; Inf],oval,lac_central,lac_margin,coarse,chalices,yes,yes,[-Inf;3.5],metastases
arched,no,no,no,no,no,no,yes,[-Inf;1.5],(2.5; Inf],round,lac_margin,lac_margin,reticular,vesicles,no,yes,(3.5; Inf],metastases
deformed,yes,no,no,no,yes,no,yes,[-Inf;1.5],[-Inf;2.5],oval,lacunar,lacunar,no,vesicles,no,no,[-Inf;3.5],metastases
arched,yes,no,no,no,yes,no,yes,[-Inf;1.5],[-Inf;2.5],round,lac_margin,lac_margin,diluted,vesicles,yes,yes,[-Inf;3.5],metastases
arched,yes,no,no,no,yes,no,yes,[-Inf;1.5],[-Inf;2.5],oval,lac_margin,lac_margin,coarse,chalices,no,yes,[-Inf;3.5],metastases
deformed,yes,yes,yes,yes,yes,yes,yes,[-Inf;1.5],(2.5; Inf],round,lac_margin,lac_central,faint,vesicles,yes,yes,(3.5; Inf],malign_lymph
deformed,yes,yes,no,yes,yes,no,yes,[-Inf;1.5],(2.5; Inf],oval,lacunar,lac_margin,coarse,no,yes,yes,[-Inf;3.5],metastases
displaced,yes,no,no,no,yes,no,no,[-Inf;1.5],[-Inf;2.5],oval,lac_margin,lac_margin,diluted,chalices,no,yes,[-Inf;3.5],metastases
arched,yes,no,no,no,no,no,yes,[-Inf;1.5],[-Inf;2.5],oval,lac_margin,lac_margin,grainy,vesicles,yes,yes,[-Inf;3.5],metastases
deformed,no,no,no,yes,no,no,yes,[-Inf;1.5],[-Inf;2.5],round,lac_margin,lac_margin,diluted,vesicles,no,no,[-Inf;3.5],metastases
deformed,no,no,no,no,yes,no,no,[-Inf;1.5],(2.5; Inf],oval,lac_margin,lac_margin,faint,vesicles,yes,yes,[-Inf;3.5],malign_lymph
displaced,yes,no,no,no,no,no,yes,[-Inf;1.5],[-Inf;2.5],oval,lacunar,lacunar,drop_like,chalices,no,no,[-Inf;3.5],metastases
arched,no,no,no,no,no,no,yes,[-Inf;1.5],[-Inf;2.5],oval,lac_central,lacunar,grainy,no,yes,yes,[-Inf;3.5],metastases
deformed,yes,yes,yes,yes,yes,yes,yes,(1.5; Inf],[-Inf;2.5],bean,lacunar,lacunar,faint,no,yes,yes,(3.5; Inf],fibrosis
displaced,yes,no,no,no,yes,no,yes,[-Inf;1.5],(2.5; Inf],round,lac_margin,lac_margin,stripped,vesicles,yes,yes,[-Inf;3.5],malign_lymph
deformed,yes,yes,no,no,yes,no,no,[-Inf;1.5],(2.5; Inf],oval,lac_margin,lac_margin,coarse,vesicles,no,yes,[-Inf;3.5],metastases
displaced,yes,no,no,no,yes,no,no,[-Inf;1.5],[-Inf;2.5],round,lacunar,lac_margin,grainy,chalices,no,no,[-Inf;3.5],metastases
arched,yes,yes,no,yes,yes,yes,yes,[-Inf;1.5],(2.5; Inf],round,lac_central,lac_central,diluted,vesicles,yes,yes,(3.5; Inf],malign_lymph
deformed,no,no,no,no,no,no,yes,[-Inf;1.5],[-Inf;2.5],oval,lac_central,lac_central,grainy,vesicles,yes,no,[-Inf;3.5],malign_lymph
arched,yes,no,no,no,yes,no,yes,[-Inf;1.5],[-Inf;2.5],oval,lac_central,lac_central,diluted,vesicles,yes,yes,[-Inf;3.5],metastases
arched,no,no,no,no,yes,no,yes,[-Inf;1.5],[-Inf;2.5],oval,lacunar,lacunar,faint,chalices,no,yes,[-Inf;3.5],malign_lymph
arched,yes,yes,no,no,no,no,yes,[-Inf;1.5],[-Inf;2.5],oval,lac_central,lac_margin,faint,chalices,yes,yes,[-Inf;3.5],metastases
arched,no,no,no,no,no,no,no,[-Inf;1.5],[-Inf;2.5],oval,lacunar,lac_margin,faint,chalices,no,yes,[-Inf;3.5],metastases
arched,yes,no,no,no,no,no,no,[-Inf;1.5],[-Inf;2.5],round,lac_margin,lac_margin,grainy,chalices,yes,yes,[-Inf;3.5],metastases
deformed,yes,no,no,yes,yes,no,no,[-Inf;1.5],[-Inf;2.5],oval,lac_central,lac_margin,grainy,no,yes,yes,[-Inf;3.5],metastases
arched,yes,no,no,no,yes,no,yes,[-Inf;1.5],(2.5; Inf],round,lac_central,lac_central,faint,vesicles,yes,yes,(3.5; Inf],malign_lymph
arched,yes,no,no,no,yes,no,yes,[-Inf;1.5],[-Inf;2.5],round,lacunar,lacunar,coarse,chalices,no,no,[-Inf;3.5],metastases
arched,yes,yes,no,yes,yes,yes,yes,[-Inf;1.5],(2.5; Inf],oval,lacunar,lacunar,coarse,vesicles,yes,yes,(3.5; Inf],malign_lymph
displaced,yes,no,no,yes,yes,no,no,[-Inf;1.5],[-Inf;2.5],round,lac_margin,lac_margin,drop_like,vesicles,yes,yes,[-Inf;3.5],metastases
arched,no,no,no,no,no,no,yes,[-Inf;1.5],[-Inf;2.5],oval,lacunar,lacunar,faint,chalices,yes,yes,[-Inf;3.5],malign_lymph
arched,no,no,no,no,no,no,yes,[-Inf;1.5],(2.5; Inf],round,lac_central,lac_central,diluted,vesicles,yes,yes,(3.5; Inf],malign_lymph
arched,no,no,no,no,no,no,yes,[-Inf;1.5],(2.5; Inf],oval,lac_margin,lac_margin,faint,vesicles,yes,yes,[-Inf;3.5],malign_lymph
deformed,no,no,no,no,yes,no,yes,[-Inf;1.5],(2.5; Inf],oval,lacunar,lacunar,coarse,vesicles,yes,yes,(3.5; Inf],malign_lymph
arched,no,no,no,no,no,no,yes,[-Inf;1.5],[-Inf;2.5],oval,lac_margin,lac_margin,diluted,vesicles,no,no,[-Inf;3.5],malign_lymph
arched,yes,no,no,no,yes,no,yes,[-Inf;1.5],(2.5; Inf],round,lac_margin,lac_central,faint,vesicles,yes,yes,[-Inf;3.5],malign_lymph
displaced,no,no,no,no,yes,no,yes,[-Inf;1.5],(2.5; Inf],oval,lacunar,lac_central,stripped,vesicles,yes,yes,[-Inf;3.5],malign_lymph
deformed,yes,no,no,no,yes,no,no,[-Inf;1.5],[-Inf;2.5],round,lac_central,lacunar,coarse,no,no,no,[-Inf;3.5],metastases
arched,no,no,no,no,yes,no,yes,[-Inf;1.5],[-Inf;2.5],oval,lacunar,lac_central,faint,no,yes,yes,[-Inf;3.5],malign_lymph
displaced,yes,yes,yes,yes,yes,yes,yes,[-Inf;1.5],(2.5; Inf],round,lac_central,lac_central,stripped,vesicles,yes,yes,(3.5; Inf],malign_lymph
displaced,yes,no,no,no,yes,no,no,[-Inf;1.5],(2.5; Inf],round,lac_central,lac_margin,faint,vesicles,yes,yes,[-Inf;3.5],metastases
displaced,yes,yes,no,yes,yes,no,yes,[-Inf;1.5],[-Inf;2.5],oval,lacunar,no,drop_like,no,yes,yes,[-Inf;3.5],malign_lymph
deformed,no,no,no,no,yes,no,yes,[-Inf;1.5],[-Inf;2.5],oval,lac_central,lac_margin,faint,chalices,yes,yes,[-Inf;3.5],malign_lymph
deformed,no,no,no,no,no,no,yes,[-Inf;1.5],[-Inf;2.5],oval,lac_central,lacunar,coarse,vesicles,yes,yes,[-Inf;3.5],malign_lymph
displaced,yes,yes,no,no,no,no,yes,[-Inf;1.5],[-Inf;2.5],oval,lacunar,lac_margin,drop_like,chalices,yes,yes,[-Inf;3.5],metastases
deformed,yes,no,no,no,no,no,no,[-Inf;1.5],[-Inf;2.5],oval,lac_margin,lac_margin,diluted,no,no,no,[-Inf;3.5],metastases
normal,no,no,no,no,yes,no,yes,[-Inf;1.5],[-Inf;2.5],oval,no,no,grainy,no,no,no,[-Inf;3.5],normal
arched,yes,no,no,yes,yes,no,no,[-Inf;1.5],[-Inf;2.5],oval,lac_central,lacunar,faint,vesicles,yes,yes,[-Inf;3.5],metastases
deformed,no,no,no,no,no,yes,no,[-Inf;1.5],[-Inf;2.5],oval,lac_central,lac_margin,diluted,chalices,no,yes,[-Inf;3.5],metastases
arched,yes,yes,no,yes,yes,no,yes,[-Inf;1.5],(2.5; Inf],round,lac_margin,lac_margin,faint,vesicles,yes,yes,[-Inf;3.5],metastases
displaced,no,no,no,yes,no,yes,yes,[-Inf;1.5],(2.5; Inf],oval,lac_margin,lac_central,diluted,vesicles,yes,yes,(3.5; Inf],malign_lymph
arched,yes,no,no,no,no,no,yes,[-Inf;1.5],[-Inf;2.5],round,lac_margin,lac_margin,diluted,chalices,no,yes,[-Inf;3.5],metastases
deformed,yes,yes,no,yes,yes,no,yes,[-Inf;1.5],[-Inf;2.5],round,lac_margin,lac_central,grainy,chalices,yes,no,[-Inf;3.5],metastases
arched,yes,no,no,no,no,no,no,[-Inf;1.5],[-Inf;2.5],oval,lac_margin,lac_margin,diluted,chalices,yes,yes,[-Inf;3.5],metastases
deformed,yes,no,no,no,no,no,no,[-Inf;1.5],[-Inf;2.5],oval,lac_margin,lac_margin,drop_like,vesicles,no,no,[-Inf;3.5],metastases
arched,yes,yes,yes,yes,yes,no,no,[-Inf;1.5],[-Inf;2.5],oval,lac_central,lac_margin,faint,chalices,yes,yes,[-Inf;3.5],metastases
arched,no,no,no,no,no,no,yes,[-Inf;1.5],(2.5; Inf],oval,lacunar,lacunar,faint,vesicles,yes,yes,(3.5; Inf],malign_lymph
normal,no,no,no,no,no,no,no,[-Inf;1.5],[-Inf;2.5],bean,no,no,no,no,no,no,[-Inf;3.5],normal
arched,yes,no,no,no,no,no,no,[-Inf;1.5],[-Inf;2.5],oval,lacunar,lac_margin,drop_like,no,no,no,[-Inf;3.5],metastases
deformed,yes,no,no,no,no,no,yes,[-Inf;1.5],[-Inf;2.5],round,lac_margin,lac_margin,diluted,chalices,yes,no,[-Inf;3.5],metastases
displaced,yes,no,no,yes,yes,no,yes,[-Inf;1.5],(2.5; Inf],round,lac_central,lac_margin,coarse,vesicles,yes,yes,[-Inf;3.5],metastases
displaced,yes,no,no,no,no,no,no,[-Inf;1.5],(2.5; Inf],round,lac_margin,lac_margin,coarse,chalices,yes,no,[-Inf;3.5],metastases
displaced,no,no,no,no,yes,no,yes,[-Inf;1.5],(2.5; Inf],round,lac_central,lac_margin,drop_like,vesicles,yes,yes,(3.5; Inf],malign_lymph
arched,no,no,no,no,no,no,no,[-Inf;1.5],[-Inf;2.5],round,lacunar,lac_margin,drop_like,chalices,yes,no,[-Inf;3.5],malign_lymph
deformed,no,no,no,no,no,no,no,[-Inf;1.5],[-Inf;2.5],oval,lacunar,lacunar,diluted,no,no,yes,[-Inf;3.5],malign_lymph
arched,yes,no,no,no,no,no,yes,[-Inf;1.5],[-Inf;2.5],oval,lacunar,lac_margin,faint,vesicles,no,yes,[-Inf;3.5],metastases
arched,no,no,no,no,no,no,no,[-Inf;1.5],[-Inf;2.5],oval,lacunar,lacunar,faint,no,no,no,[-Inf;3.5],metastases
arched,no,no,no,no,yes,no,yes,[-Inf;1.5],(2.5; Inf],round,lac_central,lacunar,faint,vesicles,yes,yes,[-Inf;3.5],malign_lymph
arched,no,no,no,no,no,no,no,[-Inf;1.5],[-Inf;2.5],oval,lacunar,lac_margin,drop_like,no,yes,yes,[-Inf;3.5],metastases
arched,yes,no,no,no,no,no,no,[-Inf;1.5],[-Inf;2.5],round,lac_margin,lac_margin,drop_like,vesicles,no,yes,[-Inf;3.5],metastases
displaced,yes,yes,yes,yes,yes,no,yes,[-Inf;1.5],(2.5; Inf],round,lac_central,lac_central,stripped,vesicles,yes,yes,(3.5; Inf],malign_lymph
displaced,yes,no,no,yes,yes,no,yes,[-Inf;1.5],[-Inf;2.5],round,lacunar,lac_margin,grainy,vesicles,yes,yes,(3.5; Inf],metastases
deformed,yes,no,no,no,yes,no,yes,[-Inf;1.5],(2.5; Inf],round,lac_margin,lac_margin,coarse,vesicles,yes,yes,[-Inf;3.5],metastases
deformed,yes,yes,no,yes,no,no,yes,[-Inf;1.5],[-Inf;2.5],oval,lac_margin,lac_margin,faint,vesicles,no,yes,[-Inf;3.5],metastases
arched,no,no,no,no,no,no,yes,[-Inf;1.5],(2.5; Inf],round,lacunar,lac_margin,coarse,vesicles,yes,yes,[-Inf;3.5],malign_lymph
arched,yes,yes,no,yes,yes,no,yes,[-Inf;1.5],(2.5; Inf],round,lac_margin,lac_margin,faint,vesicles,no,yes,[-Inf;3.5],metastases
displaced,no,no,no,no,no,no,yes,[-Inf;1.5],(2.5; Inf],round,lacunar,lacunar,coarse,chalices,yes,yes,[-Inf;3.5],metastases
deformed,no,no,no,no,yes,no,yes,[-Inf;1.5],(2.5; Inf],round,lac_central,lacunar,coarse,vesicles,yes,yes,(3.5; Inf],malign_lymph
deformed,yes,no,no,yes,yes,no,yes,[-Inf;1.5],[-Inf;2.5],oval,lac_central,lac_margin,diluted,chalices,yes,yes,(3.5; Inf],malign_lymph
deformed,yes,no,no,no,no,no,yes,[-Inf;1.5],(2.5; Inf],oval,lacunar,lac_central,faint,vesicles,yes,yes,[-Inf;3.5],malign_lymph
arched,no,no,no,no,no,no,no,[-Inf;1.5],[-Inf;2.5],oval,lac_central,lac_margin,faint,chalices,yes,yes,[-Inf;3.5],metastases
